Potential	Capacitance	Potential	Capacitance	Potential	Capacitance	Potential	Capacitance	Potential	Capacitance	Potential	Capacitance	Potential	Capacitance
V	F/g	V	F/g	V	F/g	V	F/g	V	F/g	V	F/g	V	F/g
1 mV/s	1 mV/s	2 mV/s	2 mV/s	5 mV/s	5 mV/s	10 mV/s	10 mV/s	20 mV/s	20 mV/s	50 mV/s	50 mV/s	100 mV/s	100 mV/s
-0.3799	-109.6812	-0.3801	-108.5911	-0.3800	-106.7834	-0.3800	-104.6317	-0.3805	-102.3186	-0.3800	-98.7592	-0.3800	-95.5138
-0.3805	-109.2806	-0.3806	-109.2828	-0.3805	-106.4986	-0.3806	-104.4954	-0.3815	-102.6884	-0.3806	-98.9305	-0.3806	-95.6940
-0.3815	-111.2728	-0.3816	-110.7636	-0.3815	-107.5565	-0.3816	-105.1709	-0.3825	-103.5293	-0.3816	-99.3111	-0.3816	-95.8892
-0.3826	-111.2422	-0.3826	-110.9104	-0.3826	-108.2160	-0.3826	-105.9150	-0.3836	-104.1286	-0.3826	-99.7688	-0.3826	-96.3115
-0.3836	-112.8760	-0.3835	-112.4224	-0.3836	-109.2259	-0.3836	-106.7976	-0.3845	-104.2907	-0.3836	-100.3202	-0.3836	-96.7358
-0.3846	-112.0224	-0.3846	-111.5926	-0.3846	-108.9547	-0.3846	-106.7675	-0.3855	-105.1675	-0.3846	-100.4659	-0.3846	-96.8550
-0.3856	-113.6644	-0.3855	-113.1694	-0.3856	-110.1293	-0.3856	-107.7269	-0.3865	-105.0768	-0.3856	-101.0252	-0.3856	-97.3863
-0.3866	-112.5184	-0.3866	-112.3474	-0.3866	-109.6359	-0.3866	-107.3783	-0.3875	-105.1819	-0.3866	-101.1112	-0.3866	-97.4324
-0.3875	-113.2134	-0.3876	-112.8121	-0.3876	-109.9772	-0.3876	-107.6811	-0.3885	-106.0984	-0.3876	-101.3969	-0.3876	-97.6625
-0.3885	-115.2521	-0.3886	-114.6654	-0.3886	-111.5370	-0.3886	-108.9527	-0.3895	-106.2817	-0.3886	-102.0116	-0.3886	-98.1414
-0.3896	-114.3775	-0.3896	-113.8159	-0.3896	-110.9208	-0.3896	-108.6670	-0.3905	-106.4088	-0.3896	-102.2051	-0.3896	-98.2854
-0.3905	-114.6653	-0.3906	-114.0780	-0.3905	-111.1221	-0.3906	-108.9331	-0.3915	-107.2737	-0.3906	-102.3344	-0.3906	-98.5401
-0.3916	-116.8389	-0.3915	-116.2553	-0.3916	-112.7842	-0.3916	-110.0879	-0.3926	-107.5807	-0.3916	-103.0111	-0.3916	-98.9627
-0.3926	-116.1626	-0.3925	-115.7164	-0.3926	-112.6461	-0.3926	-110.2571	-0.3935	-107.7572	-0.3926	-103.3313	-0.3926	-99.2528
-0.3935	-116.5200	-0.3936	-115.9779	-0.3936	-112.9738	-0.3936	-110.5307	-0.3945	-108.5293	-0.3936	-103.5425	-0.3936	-99.4517
-0.3946	-118.4349	-0.3946	-117.4377	-0.3946	-114.2072	-0.3946	-111.5051	-0.3955	-109.0427	-0.3946	-104.0983	-0.3946	-99.9040
-0.3956	-117.9650	-0.3955	-117.5927	-0.3955	-114.4418	-0.3956	-111.9244	-0.3965	-109.7685	-0.3956	-104.4578	-0.3956	-100.3254
-0.3965	-119.4711	-0.3966	-118.9279	-0.3966	-115.6094	-0.3966	-112.7600	-0.3975	-109.9877	-0.3966	-105.0647	-0.3966	-100.6403
-0.3975	-119.9742	-0.3975	-119.2156	-0.3976	-115.7705	-0.3976	-113.1100	-0.3985	-110.8444	-0.3976	-105.4966	-0.3976	-101.0356
-0.3986	-119.8966	-0.3986	-119.4445	-0.3986	-116.3285	-0.3986	-113.7198	-0.3996	-110.8521	-0.3986	-105.9386	-0.3986	-101.4126
-0.3996	-119.8215	-0.3996	-119.2378	-0.3996	-116.1239	-0.3996	-113.6743	-0.4006	-111.1039	-0.3996	-106.1398	-0.3996	-101.5769
-0.4006	-120.4935	-0.4006	-120.0689	-0.4006	-116.7279	-0.4006	-114.1107	-0.4016	-112.3370	-0.4006	-106.4442	-0.4006	-101.9867
-0.4016	-122.6554	-0.4016	-121.5968	-0.4016	-118.1745	-0.4016	-115.4431	-0.4026	-112.2079	-0.4016	-107.1366	-0.4016	-102.4288
-0.4026	-121.3908	-0.4026	-120.5738	-0.4026	-117.6761	-0.4026	-115.1290	-0.4035	-112.5599	-0.4026	-107.3021	-0.4026	-102.6417
-0.4036	-122.1743	-0.4035	-121.5856	-0.4036	-118.2223	-0.4036	-115.6364	-0.4045	-113.5896	-0.4036	-107.6240	-0.4036	-102.9202
-0.4046	-124.7661	-0.4046	-123.5356	-0.4046	-119.9568	-0.4046	-116.9109	-0.4055	-113.8084	-0.4046	-108.3783	-0.4046	-103.4651
-0.4056	-123.6692	-0.4055	-122.9378	-0.4056	-119.7249	-0.4056	-116.9733	-0.4065	-114.1366	-0.4056	-108.6294	-0.4056	-103.8711
-0.4065	-124.0443	-0.4065	-123.2773	-0.4065	-119.9537	-0.4066	-117.1567	-0.4075	-115.1968	-0.4066	-108.9241	-0.4066	-103.9886
-0.4076	-126.5198	-0.4076	-125.3473	-0.4076	-121.6468	-0.4076	-118.6578	-0.4085	-115.5922	-0.4076	-109.6847	-0.4076	-104.6390
-0.4086	-125.5329	-0.4085	-124.9199	-0.4085	-121.7029	-0.4086	-118.8008	-0.4095	-115.8915	-0.4085	-110.0374	-0.4086	-104.9224
-0.4095	-126.5129	-0.4095	-125.4872	-0.4095	-122.1985	-0.4095	-119.2417	-0.4105	-116.6823	-0.4096	-110.4646	-0.4095	-105.2667
-0.4105	-128.3494	-0.4105	-126.9565	-0.4105	-123.4359	-0.4106	-120.1797	-0.4115	-117.2101	-0.4106	-111.0818	-0.4106	-105.8442
-0.4115	-127.9189	-0.4115	-127.0446	-0.4116	-123.6778	-0.4116	-120.5853	-0.4125	-117.4013	-0.4116	-111.5020	-0.4116	-106.0776
-0.4125	-127.7143	-0.4126	-127.0888	-0.4125	-123.4924	-0.4126	-120.7568	-0.4135	-117.9216	-0.4126	-111.7401	-0.4126	-106.4884
-0.4135	-129.9288	-0.4136	-128.5915	-0.4135	-124.8376	-0.4136	-121.6244	-0.4145	-119.0450	-0.4136	-112.3712	-0.4136	-106.8635
-0.4146	-130.1324	-0.4146	-129.2732	-0.4146	-125.6174	-0.4146	-122.4916	-0.4155	-119.0316	-0.4146	-112.9726	-0.4146	-107.3565
-0.4155	-129.6701	-0.4155	-128.8409	-0.4156	-125.2762	-0.4156	-122.4791	-0.4165	-119.4591	-0.4155	-113.1838	-0.4156	-107.6735
-0.4165	-130.6678	-0.4165	-129.5298	-0.4165	-125.8461	-0.4166	-122.9787	-0.4175	-120.8311	-0.4166	-113.6160	-0.4166	-107.9642
-0.4176	-133.2062	-0.4175	-131.9006	-0.4176	-127.8643	-0.4176	-124.5356	-0.4185	-120.9069	-0.4176	-114.5062	-0.4176	-108.6475
-0.4185	-131.9180	-0.4185	-130.9312	-0.4185	-127.6115	-0.4186	-124.5091	-0.4195	-121.2606	-0.4186	-114.7799	-0.4186	-108.9550
-0.4195	-132.9687	-0.4195	-131.9327	-0.4195	-128.0664	-0.4196	-125.0526	-0.4205	-122.3749	-0.4196	-115.1574	-0.4196	-109.2208
-0.4206	-135.4869	-0.4205	-134.1956	-0.4205	-129.9347	-0.4206	-126.4937	-0.4215	-122.8519	-0.4206	-116.0111	-0.4206	-110.0704
-0.4216	-135.6915	-0.4215	-134.1487	-0.4215	-130.3237	-0.4216	-126.9855	-0.4225	-123.7034	-0.4215	-116.4297	-0.4216	-110.2594
-0.4225	-135.7817	-0.4225	-134.7002	-0.4225	-130.8017	-0.4226	-127.5747	-0.4235	-124.4480	-0.4226	-117.0766	-0.4226	-110.8069
-0.4235	-137.6837	-0.4236	-136.3563	-0.4236	-132.0303	-0.4236	-128.5069	-0.4245	-124.8452	-0.4236	-117.7617	-0.4236	-111.3862
-0.4245	-136.8343	-0.4245	-135.7885	-0.4246	-132.1350	-0.4246	-128.7691	-0.4255	-125.1405	-0.4246	-118.1210	-0.4246	-111.7178
-0.4255	-137.4042	-0.4255	-136.1087	-0.4256	-132.2417	-0.4256	-129.0390	-0.4265	-125.9829	-0.4256	-118.4660	-0.4256	-112.1604
-0.4265	-139.7123	-0.4265	-138.0515	-0.4265	-133.5957	-0.4266	-130.1908	-0.4275	-126.6075	-0.4266	-119.0908	-0.4266	-112.5342
-0.4276	-139.3120	-0.4276	-138.0394	-0.4276	-134.1052	-0.4276	-130.8188	-0.4285	-126.7873	-0.4276	-119.7106	-0.4276	-113.1411
-0.4285	-139.1004	-0.4286	-137.8288	-0.4286	-133.9269	-0.4286	-130.5971	-0.4295	-127.4600	-0.4286	-119.9852	-0.4286	-113.3564
-0.4295	-141.5109	-0.4296	-139.6617	-0.4296	-135.4545	-0.4296	-131.8316	-0.4305	-128.7336	-0.4296	-120.6359	-0.4296	-113.9016
-0.4305	-141.7792	-0.4305	-140.4465	-0.4306	-136.2835	-0.4306	-132.8400	-0.4315	-128.8583	-0.4306	-121.2813	-0.4306	-114.5264
-0.4315	-141.9081	-0.4315	-140.3640	-0.4316	-136.4553	-0.4316	-133.0103	-0.4325	-129.3922	-0.4316	-121.6621	-0.4316	-114.8005
-0.4325	-142.9244	-0.4325	-141.2200	-0.4325	-137.0899	-0.4326	-133.5447	-0.4335	-130.6681	-0.4326	-122.2464	-0.4326	-115.2772
-0.4335	-145.1711	-0.4335	-143.4321	-0.4335	-139.0211	-0.4336	-135.2376	-0.4345	-131.3701	-0.4336	-123.1349	-0.4336	-115.9694
-0.4345	-146.3003	-0.4345	-144.6350	-0.4345	-139.9128	-0.4346	-136.0143	-0.4355	-132.3156	-0.4346	-123.7957	-0.4346	-116.4875
-0.4355	-145.8517	-0.4355	-144.3254	-0.4355	-140.2130	-0.4356	-136.7089	-0.4368	-131.0238	-0.4356	-124.3110	-0.4356	-117.0391
-0.4366	-148.3918	-0.4366	-146.2407	-0.4366	-141.6366	-0.4366	-137.8633	-0.4381	-132.2623	-0.4366	-125.1791	-0.4366	-117.5906
-0.4375	-147.4397	-0.4376	-145.6451	-0.4376	-141.5869	-0.4376	-137.8751	-0.4391	-133.2899	-0.4376	-125.4494	-0.4376	-118.0608
-0.4385	-147.8961	-0.4386	-145.8972	-0.4385	-142.0064	-0.4386	-138.0507	-0.4401	-134.3995	-0.4386	-125.9277	-0.4386	-118.3552
-0.4396	-150.7682	-0.4395	-148.4894	-0.4396	-143.6639	-0.4396	-139.6463	-0.4411	-134.6351	-0.4396	-126.7608	-0.4396	-119.0182
-0.4405	-150.1803	-0.4406	-147.9666	-0.4406	-143.7031	-0.4406	-140.1008	-0.4421	-135.3905	-0.4406	-127.3101	-0.4406	-119.6321
-0.4415	-150.2900	-0.4415	-148.1098	-0.4416	-143.7018	-0.4416	-140.0736	-0.4431	-136.7456	-0.4416	-127.6160	-0.4416	-119.7691
-0.4426	-153.1556	-0.4425	-150.6202	-0.4425	-145.6144	-0.4426	-141.5329	-0.4441	-137.0061	-0.4426	-128.4207	-0.4426	-120.5149
-0.4435	-153.1863	-0.4436	-150.8132	-0.4435	-146.2542	-0.4436	-142.3097	-0.4451	-137.5533	-0.4436	-129.0967	-0.4436	-121.0900
-0.4446	-153.2891	-0.4446	-150.7957	-0.4446	-146.3922	-0.4446	-142.6194	-0.4461	-138.9643	-0.4446	-129.5523	-0.4446	-121.4655
-0.4456	-155.7418	-0.4456	-152.9355	-0.4456	-147.7846	-0.4456	-143.7193	-0.4470	-139.3961	-0.4456	-130.2509	-0.4456	-122.0697
-0.4465	-156.1474	-0.4465	-153.5557	-0.4465	-148.9119	-0.4466	-144.6530	-0.4481	-140.4494	-0.4466	-131.0480	-0.4466	-122.6382
-0.4475	-158.0212	-0.4475	-155.1327	-0.4476	-150.2932	-0.4476	-145.9386	-0.4490	-141.3619	-0.4476	-131.7711	-0.4476	-123.3909
-0.4485	-157.7182	-0.4485	-154.9291	-0.4485	-150.3241	-0.4486	-146.2958	-0.4501	-141.9104	-0.4486	-132.3449	-0.4486	-123.8081
-0.4495	-160.4647	-0.4495	-157.1868	-0.4496	-152.2499	-0.4496	-147.9896	-0.4511	-142.3334	-0.4496	-133.5981	-0.4496	-124.5134
-0.4505	-159.1021	-0.4505	-156.3553	-0.4505	-151.8072	-0.4506	-147.7869	-0.4521	-143.2805	-0.4506	-133.8515	-0.4505	-124.9720
-0.4515	-160.4610	-0.4515	-157.2317	-0.4515	-152.4842	-0.4516	-148.4045	-0.4531	-144.1910	-0.4516	-134.3143	-0.4516	-125.3671
-0.4525	-163.6606	-0.4525	-160.0056	-0.4526	-154.5806	-0.4526	-150.2002	-0.4540	-144.4947	-0.4526	-135.2903	-0.4526	-126.2697
-0.4536	-162.4103	-0.4535	-159.0380	-0.4535	-154.3491	-0.4536	-150.3340	-0.4551	-145.3771	-0.4536	-135.7564	-0.4536	-126.6147
-0.4545	-163.4055	-0.4545	-159.7298	-0.4545	-154.7968	-0.4545	-150.7036	-0.4561	-146.6323	-0.4545	-136.2344	-0.4546	-127.0508
-0.4555	-166.5143	-0.4555	-162.5200	-0.4555	-157.0520	-0.4556	-152.3403	-0.4571	-147.0787	-0.4556	-137.1264	-0.4556	-127.9005
-0.4565	-166.0633	-0.4565	-162.2034	-0.4565	-157.3636	-0.4566	-152.9191	-0.4581	-147.7374	-0.4566	-137.7352	-0.4566	-128.3760
-0.4575	-166.9120	-0.4575	-162.6638	-0.4576	-157.7587	-0.4575	-153.4137	-0.4591	-149.3317	-0.4576	-138.2896	-0.4576	-128.8727
-0.4585	-169.5128	-0.4586	-164.9753	-0.4585	-159.5698	-0.4585	-154.8758	-0.4601	-150.0409	-0.4586	-139.2500	-0.4585	-129.5446
-0.4595	-169.5800	-0.4595	-165.6693	-0.4595	-160.4181	-0.4596	-155.7449	-0.4611	-150.7302	-0.4596	-139.9570	-0.4596	-130.1940
-0.4606	-172.1978	-0.4605	-167.6303	-0.4605	-161.9495	-0.4606	-157.1543	-0.4621	-152.0394	-0.4606	-140.8260	-0.4606	-130.9761
-0.4615	-172.7846	-0.4616	-167.9890	-0.4616	-162.5328	-0.4616	-157.8348	-0.4631	-152.5770	-0.4616	-141.5882	-0.4616	-131.4785
-0.4626	-173.3521	-0.4626	-168.9758	-0.4626	-163.5379	-0.4625	-158.8725	-0.4641	-153.1700	-0.4626	-142.4033	-0.4626	-132.2449
-0.4635	-173.6104	-0.4636	-168.8163	-0.4635	-163.8450	-0.4636	-159.2722	-0.4651	-154.3556	-0.4636	-142.8879	-0.4636	-132.7020
-0.4645	-174.9782	-0.4646	-169.6753	-0.4646	-164.4272	-0.4646	-159.9139	-0.4661	-155.1303	-0.4646	-143.4745	-0.4646	-133.2071
-0.4655	-177.9830	-0.4656	-172.5931	-0.4655	-166.7398	-0.4656	-161.7799	-0.4671	-155.3954	-0.4656	-144.5973	-0.4656	-134.2285
-0.4665	-176.9764	-0.4666	-171.6414	-0.4665	-166.3561	-0.4666	-161.7011	-0.4681	-156.6850	-0.4666	-145.0507	-0.4666	-134.4599
-0.4675	-178.3154	-0.4675	-172.7895	-0.4676	-167.2878	-0.4676	-162.5098	-0.4691	-157.7072	-0.4676	-145.6319	-0.4676	-135.1010
-0.4686	-181.8862	-0.4685	-175.8937	-0.4685	-169.5273	-0.4686	-164.5537	-0.4701	-158.2841	-0.4686	-146.8658	-0.4686	-135.9056
-0.4695	-181.2055	-0.4695	-175.3922	-0.4696	-169.5989	-0.4696	-164.8487	-0.4710	-159.2892	-0.4696	-147.3142	-0.4696	-136.5191
-0.4705	-182.2064	-0.4705	-176.0986	-0.4705	-170.5835	-0.4706	-165.5369	-0.4721	-160.6828	-0.4706	-148.0215	-0.4706	-137.1025
-0.4715	-185.4748	-0.4716	-179.0097	-0.4715	-172.6796	-0.4716	-167.3174	-0.4730	-161.7719	-0.4716	-149.0734	-0.4716	-137.8268
-0.4726	-185.1799	-0.4725	-178.7491	-0.4725	-173.0243	-0.4726	-167.9961	-0.4741	-162.4442	-0.4726	-149.7524	-0.4726	-138.5214
-0.4735	-187.8929	-0.4736	-181.5701	-0.4735	-175.0596	-0.4735	-169.7165	-0.4751	-164.0025	-0.4736	-150.8671	-0.4736	-139.3933
-0.4745	-189.2204	-0.4746	-182.3432	-0.4745	-175.9843	-0.4746	-170.6551	-0.4761	-164.2750	-0.4746	-151.7323	-0.4746	-140.0443
-0.4756	-189.4541	-0.4756	-182.6106	-0.4756	-176.6025	-0.4756	-171.3599	-0.4771	-165.0069	-0.4756	-152.4653	-0.4756	-140.7551
-0.4765	-189.4988	-0.4765	-182.7431	-0.4765	-176.9324	-0.4766	-171.8031	-0.4781	-166.5798	-0.4766	-152.9793	-0.4766	-141.1667
-0.4775	-192.4920	-0.4776	-184.9762	-0.4775	-178.6604	-0.4776	-173.3598	-0.4791	-167.1799	-0.4776	-153.9384	-0.4776	-141.9952
-0.4785	-193.5867	-0.4786	-186.3941	-0.4786	-180.0734	-0.4786	-174.7023	-0.4801	-167.8186	-0.4786	-154.9029	-0.4786	-142.7712
-0.4795	-193.1069	-0.4796	-185.9042	-0.4796	-179.9328	-0.4796	-174.7697	-0.4811	-169.3708	-0.4796	-155.4356	-0.4796	-143.2697
-0.4805	-194.7880	-0.4805	-187.3710	-0.4805	-181.1212	-0.4806	-175.8614	-0.4821	-170.2304	-0.4806	-156.1779	-0.4806	-143.9834
-0.4816	-198.4806	-0.4815	-190.8024	-0.4815	-183.8770	-0.4816	-178.1001	-0.4831	-170.9533	-0.4816	-157.4622	-0.4816	-144.8288
-0.4825	-197.5673	-0.4826	-190.2638	-0.4825	-183.8559	-0.4826	-178.3742	-0.4841	-172.3412	-0.4825	-158.0988	-0.4826	-145.4620
-0.4835	-198.9870	-0.4835	-191.2282	-0.4835	-184.8002	-0.4836	-179.2242	-0.4851	-173.4589	-0.4836	-158.8594	-0.4835	-146.1355
-0.4845	-202.4785	-0.4845	-194.6243	-0.4845	-187.5613	-0.4846	-181.3692	-0.4861	-175.1077	-0.4846	-160.1074	-0.4846	-147.0739
-0.4855	-203.6446	-0.4856	-195.2211	-0.4855	-188.5157	-0.4856	-182.4023	-0.4871	-175.7946	-0.4856	-160.9486	-0.4856	-147.8581
-0.4866	-204.1336	-0.4865	-196.5818	-0.4865	-189.6979	-0.4865	-183.8091	-0.4880	-177.2057	-0.4866	-161.9764	-0.4866	-148.5656
-0.4876	-206.8457	-0.4875	-198.7592	-0.4876	-191.3663	-0.4876	-185.2733	-0.4891	-177.7555	-0.4876	-163.0150	-0.4876	-149.5210
-0.4885	-206.0800	-0.4885	-198.5278	-0.4885	-191.6688	-0.4885	-185.8141	-0.4901	-178.6196	-0.4886	-163.7590	-0.4886	-150.1085
-0.4896	-206.9277	-0.4895	-198.9696	-0.4896	-192.2863	-0.4896	-186.4732	-0.4911	-180.5688	-0.4896	-164.4769	-0.4896	-150.7305
-0.4905	-204.2717	-0.4905	-201.8187	-0.4905	-194.3946	-0.4906	-188.1710	-0.4920	-181.1161	-0.4906	-165.5357	-0.4906	-151.7133
-0.4915	-208.9637	-0.4916	-202.5839	-0.4916	-195.6858	-0.4916	-189.4607	-0.4930	-181.8559	-0.4916	-166.5505	-0.4916	-152.3416
-0.4926	-208.8618	-0.4925	-202.2699	-0.4925	-195.6504	-0.4926	-189.7370	-0.4941	-183.6559	-0.4926	-167.0954	-0.4926	-153.0164
-0.4935	-212.5127	-0.4935	-205.3012	-0.4935	-197.8557	-0.4936	-191.4875	-0.4951	-184.5075	-0.4936	-168.2144	-0.4936	-153.7991
-0.4945	-213.5142	-0.4945	-206.7901	-0.4946	-199.3092	-0.4945	-193.0437	-0.4961	-185.3110	-0.4946	-169.2507	-0.4946	-154.7527
-0.4955	-213.7071	-0.4955	-207.2131	-0.4955	-199.8674	-0.4956	-193.7419	-0.4970	-186.9885	-0.4956	-169.9588	-0.4956	-155.4355
-0.4965	-215.2218	-0.4965	-208.5782	-0.4965	-201.0340	-0.4966	-194.9124	-0.4980	-188.0551	-0.4966	-170.9270	-0.4966	-156.0816
-0.4975	-219.3027	-0.4975	-211.9652	-0.4976	-204.0698	-0.4976	-197.1971	-0.4991	-189.7963	-0.4976	-172.3882	-0.4976	-157.2531
-0.4985	-220.4629	-0.4985	-213.1736	-0.4985	-205.3932	-0.4986	-198.5182	-0.5000	-190.8353	-0.4985	-173.3541	-0.4986	-158.0097
-0.4995	-220.6421	-0.4995	-213.8416	-0.4995	-206.2907	-0.4996	-199.4392	-0.5011	-192.1324	-0.4996	-174.2513	-0.4996	-158.7623
-0.5005	-224.0856	-0.5006	-216.7467	-0.5006	-208.6145	-0.5005	-201.5720	-0.5021	-192.7807	-0.5006	-175.5721	-0.5006	-159.9488
-0.5015	-223.3462	-0.5015	-216.4911	-0.5015	-208.9320	-0.5016	-202.0305	-0.5031	-194.0231	-0.5016	-176.2544	-0.5016	-160.4215
-0.5026	-224.1669	-0.5025	-217.3129	-0.5025	-209.8350	-0.5026	-203.0836	-0.5041	-195.8420	-0.5026	-177.1387	-0.5026	-161.2477
-0.5035	-228.3192	-0.5035	-220.8074	-0.5035	-212.5331	-0.5036	-205.2630	-0.5051	-196.4151	-0.5036	-178.4324	-0.5036	-162.2190
-0.5046	-227.9218	-0.5046	-221.0411	-0.5045	-213.0409	-0.5046	-206.0572	-0.5061	-197.6052	-0.5046	-179.3433	-0.5046	-163.0268
-0.5056	-228.3213	-0.5055	-221.5950	-0.5055	-213.7293	-0.5056	-206.9003	-0.5070	-199.5990	-0.5056	-180.1301	-0.5056	-163.6811
-0.5065	-232.3181	-0.5065	-224.9536	-0.5065	-216.2462	-0.5066	-209.0623	-0.5081	-200.3983	-0.5066	-181.3994	-0.5066	-164.5938
-0.5076	-233.0528	-0.5076	-226.1051	-0.5075	-217.6060	-0.5076	-210.4540	-0.5091	-201.4983	-0.5076	-182.5463	-0.5076	-165.6162
-0.5085	-233.5206	-0.5086	-226.4663	-0.5086	-218.2181	-0.5086	-211.2214	-0.5101	-203.5735	-0.5085	-183.4343	-0.5086	-166.3169
-0.5095	-236.3691	-0.5095	-229.4375	-0.5095	-220.5668	-0.5096	-213.0399	-0.5111	-204.6027	-0.5096	-184.6076	-0.5096	-167.2225
-0.5105	-238.1827	-0.5105	-231.2293	-0.5105	-222.4699	-0.5106	-214.8588	-0.5121	-206.5847	-0.5106	-185.9127	-0.5106	-168.3250
-0.5116	-242.1728	-0.5115	-234.5331	-0.5115	-225.2503	-0.5116	-217.1843	-0.5131	-208.0985	-0.5116	-187.2581	-0.5116	-169.2830
-0.5125	-240.9437	-0.5126	-234.1509	-0.5125	-226.0146	-0.5126	-218.0370	-0.5141	-209.0947	-0.5126	-188.2698	-0.5126	-170.2250
-0.5136	-244.5975	-0.5135	-237.5234	-0.5136	-228.5561	-0.5136	-220.4245	-0.5150	-209.9325	-0.5136	-189.7189	-0.5136	-171.3253
-0.5146	-243.7390	-0.5146	-236.5645	-0.5146	-228.6524	-0.5146	-220.8053	-0.5161	-211.6390	-0.5146	-190.4485	-0.5146	-171.9822
-0.5156	-245.1180	-0.5156	-238.2619	-0.5156	-229.5512	-0.5156	-221.9157	-0.5171	-213.2017	-0.5156	-191.4383	-0.5156	-172.8568
-0.5166	-249.6439	-0.5166	-242.2105	-0.5166	-232.8014	-0.5166	-224.5181	-0.5181	-213.9779	-0.5166	-192.8892	-0.5166	-173.8861
-0.5176	-248.7012	-0.5175	-241.9224	-0.5176	-233.2937	-0.5176	-225.2380	-0.5191	-215.5187	-0.5176	-193.8459	-0.5176	-174.7484
-0.5185	-249.7953	-0.5186	-243.1437	-0.5185	-234.3599	-0.5186	-226.2744	-0.5201	-217.6155	-0.5186	-194.7140	-0.5186	-175.4810
-0.5195	-254.9771	-0.5196	-247.2113	-0.5195	-237.5925	-0.5196	-228.9321	-0.5211	-218.6175	-0.5196	-196.4978	-0.5196	-176.9422
-0.5205	-254.6068	-0.5205	-247.4416	-0.5205	-238.5568	-0.5206	-230.2320	-0.5221	-219.8087	-0.5206	-197.5274	-0.5206	-177.8540
-0.5216	-255.6038	-0.5215	-248.4436	-0.5215	-239.5159	-0.5216	-231.2994	-0.5231	-222.2193	-0.5216	-198.4524	-0.5216	-178.4979
-0.5226	-259.4784	-0.5226	-252.1754	-0.5225	-242.2895	-0.5226	-233.5464	-0.5241	-223.4590	-0.5226	-199.8645	-0.5226	-179.7107
-0.5235	-260.1406	-0.5236	-253.1543	-0.5236	-243.7893	-0.5236	-235.0891	-0.5251	-225.1253	-0.5236	-201.0715	-0.5236	-180.6180
-0.5245	-263.5574	-0.5245	-256.4831	-0.5246	-246.4573	-0.5246	-237.4239	-0.5261	-226.9614	-0.5246	-202.5106	-0.5246	-181.7258
-0.5255	-265.0879	-0.5255	-257.7532	-0.5255	-248.0751	-0.5256	-238.8786	-0.5271	-228.0591	-0.5256	-203.7123	-0.5256	-182.7275
-0.5265	-266.4448	-0.5266	-259.3924	-0.5265	-249.9519	-0.5266	-240.6484	-0.5281	-229.1678	-0.5266	-205.0022	-0.5266	-183.6593
-0.5275	-266.8033	-0.5276	-259.7840	-0.5275	-250.6460	-0.5275	-241.5290	-0.5290	-231.2719	-0.5275	-205.9642	-0.5276	-184.6596
-0.5285	-268.4126	-0.5285	-261.5778	-0.5285	-251.9006	-0.5286	-243.0509	-0.5301	-232.6221	-0.5286	-207.1481	-0.5286	-185.4335
-0.5295	-272.9447	-0.5296	-265.6052	-0.5295	-255.4806	-0.5296	-245.9430	-0.5311	-233.5702	-0.5296	-208.8260	-0.5296	-186.7492
-0.5305	-271.4822	-0.5306	-264.9833	-0.5305	-255.5840	-0.5306	-246.5741	-0.5320	-235.5763	-0.5306	-209.6534	-0.5306	-187.5773
-0.5315	-273.9571	-0.5315	-266.8916	-0.5315	-257.2684	-0.5316	-247.9240	-0.5331	-237.3862	-0.5316	-210.7936	-0.5316	-188.3528
-0.5325	-278.6819	-0.5325	-271.1112	-0.5325	-260.8483	-0.5325	-250.8504	-0.5340	-238.5343	-0.5326	-212.5319	-0.5325	-189.7770
-0.5335	-277.9942	-0.5336	-271.1100	-0.5335	-261.5552	-0.5336	-252.1952	-0.5351	-240.1442	-0.5335	-213.5931	-0.5335	-190.6198
-0.5345	-279.4702	-0.5345	-272.3988	-0.5345	-262.8555	-0.5346	-253.3762	-0.5361	-242.3019	-0.5346	-214.7053	-0.5346	-191.5566
-0.5355	-284.2007	-0.5355	-276.8619	-0.5355	-266.3990	-0.5356	-256.0737	-0.5370	-244.2742	-0.5356	-216.3186	-0.5356	-192.8426
-0.5366	-284.2296	-0.5365	-277.2246	-0.5365	-267.4113	-0.5366	-257.3873	-0.5381	-245.6625	-0.5366	-217.5459	-0.5366	-193.7138
-0.5376	-288.7247	-0.5376	-281.4822	-0.5375	-270.9984	-0.5376	-260.3916	-0.5391	-247.9544	-0.5376	-219.4565	-0.5376	-195.2737
-0.5385	-289.8508	-0.5386	-282.7706	-0.5385	-272.3967	-0.5387	-258.9737	-0.5401	-248.8559	-0.5386	-220.6288	-0.5386	-196.1682
-0.5396	-290.6274	-0.5396	-283.6993	-0.5396	-273.6001	-0.5399	-261.4509	-0.5411	-250.0796	-0.5396	-221.9204	-0.5396	-197.2413
-0.5405	-290.8218	-0.5406	-284.2204	-0.5405	-274.6845	-0.5409	-263.1392	-0.5421	-252.4202	-0.5406	-222.9039	-0.5406	-198.2342
-0.5415	-293.9862	-0.5415	-287.2127	-0.5415	-277.0508	-0.5419	-265.8146	-0.5431	-253.7097	-0.5416	-224.3984	-0.5415	-199.2087
-0.5425	-296.3283	-0.5425	-289.5239	-0.5425	-279.2019	-0.5429	-267.5100	-0.5441	-254.8021	-0.5426	-225.9578	-0.5426	-200.5062
-0.5435	-295.6833	-0.5435	-289.1192	-0.5436	-279.6298	-0.5439	-268.3352	-0.5451	-257.2052	-0.5436	-226.8626	-0.5436	-201.3093
-0.5445	-297.8502	-0.5446	-291.2260	-0.5445	-281.5767	-0.5449	-270.9432	-0.5461	-258.6342	-0.5446	-228.2265	-0.5446	-202.2987
-0.5455	-302.8434	-0.5455	-296.0987	-0.5456	-285.1968	-0.5459	-272.8099	-0.5471	-260.0540	-0.5456	-229.9974	-0.5456	-203.7769
-0.5466	-302.1849	-0.5465	-295.6730	-0.5465	-285.6636	-0.5469	-274.1750	-0.5481	-262.1003	-0.5466	-231.0238	-0.5466	-204.5878
-0.5475	-303.4805	-0.5475	-297.4964	-0.5475	-287.2856	-0.5478	-276.0831	-0.5491	-263.9265	-0.5476	-232.4018	-0.5476	-205.7037
-0.5485	-308.6502	-0.5486	-301.5855	-0.5485	-290.7981	-0.5488	-278.6730	-0.5501	-265.9659	-0.5486	-234.0557	-0.5486	-207.0397
-0.5496	-309.5444	-0.5496	-302.9397	-0.5496	-292.2067	-0.5499	-280.5646	-0.5511	-267.2789	-0.5496	-235.4915	-0.5496	-208.0793
-0.5505	-310.7435	-0.5505	-304.4346	-0.5505	-294.0759	-0.5509	-281.8586	-0.5521	-269.3646	-0.5506	-236.9231	-0.5506	-209.4165
-0.5515	-314.4490	-0.5516	-307.4995	-0.5516	-296.6695	-0.5519	-284.8658	-0.5531	-270.4355	-0.5516	-238.5817	-0.5516	-210.4972
-0.5525	-313.8948	-0.5526	-307.9273	-0.5525	-297.5292	-0.5529	-285.4338	-0.5541	-271.7677	-0.5526	-239.7836	-0.5526	-211.6878
-0.5536	-314.3068	-0.5536	-308.3259	-0.5535	-298.4584	-0.5539	-286.7485	-0.5551	-274.3654	-0.5536	-240.9429	-0.5536	-212.5469
-0.5545	-318.3999	-0.5546	-311.9679	-0.5545	-301.3740	-0.5549	-289.5151	-0.5561	-275.1306	-0.5546	-242.5041	-0.5546	-213.7384
-0.5555	-319.2307	-0.5555	-313.0974	-0.5556	-302.8757	-0.5559	-290.5624	-0.5571	-276.5537	-0.5556	-243.8794	-0.5556	-215.0260
-0.5565	-318.7215	-0.5565	-312.6967	-0.5566	-303.2276	-0.5569	-291.6224	-0.5581	-278.8601	-0.5566	-244.9041	-0.5566	-215.7550
-0.5575	-322.4039	-0.5576	-316.3252	-0.5576	-306.0556	-0.5579	-294.3708	-0.5591	-280.0796	-0.5576	-246.4706	-0.5576	-217.0904
-0.5585	-324.5958	-0.5586	-318.4638	-0.5585	-307.9451	-0.5589	-295.7078	-0.5601	-281.3075	-0.5586	-248.1185	-0.5586	-218.3373
-0.5596	-324.5296	-0.5595	-318.7504	-0.5595	-308.9038	-0.5598	-296.9014	-0.5611	-283.5133	-0.5596	-249.2319	-0.5596	-219.3869
-0.5605	-326.0402	-0.5605	-320.4340	-0.5605	-310.2789	-0.5608	-298.9455	-0.5621	-284.9629	-0.5606	-250.3860	-0.5606	-220.4500
-0.5615	-331.1104	-0.5616	-324.5545	-0.5616	-313.8833	-0.5619	-301.0286	-0.5631	-287.2591	-0.5616	-252.3778	-0.5616	-221.7821
-0.5625	-331.9716	-0.5626	-325.6975	-0.5626	-315.1354	-0.5629	-303.1702	-0.5641	-288.5820	-0.5626	-253.7214	-0.5626	-223.0555
-0.5635	-332.3510	-0.5635	-326.6155	-0.5635	-316.3467	-0.5638	-304.3348	-0.5651	-290.1363	-0.5636	-255.0812	-0.5636	-224.1267
-0.5646	-336.3658	-0.5645	-330.2507	-0.5645	-319.1964	-0.5648	-306.3755	-0.5660	-291.1533	-0.5645	-256.7583	-0.5646	-225.4568
-0.5655	-335.1483	-0.5656	-329.0814	-0.5655	-319.2857	-0.5659	-306.9149	-0.5671	-292.5513	-0.5656	-257.8052	-0.5656	-226.5109
-0.5665	-335.2928	-0.5665	-330.0230	-0.5665	-320.0138	-0.5669	-308.1160	-0.5680	-294.4902	-0.5666	-258.9414	-0.5666	-227.3433
-0.5675	-340.0435	-0.5676	-333.4274	-0.5675	-323.0140	-0.5678	-310.7921	-0.5690	-295.2666	-0.5676	-260.6792	-0.5676	-228.8414
-0.5685	-339.0345	-0.5685	-333.8453	-0.5685	-324.1168	-0.5689	-311.3476	-0.5700	-296.4455	-0.5686	-261.8529	-0.5686	-229.8110
-0.5695	-339.0672	-0.5695	-333.9097	-0.5695	-323.9707	-0.5698	-312.1402	-0.5711	-298.7693	-0.5696	-262.9103	-0.5695	-230.7220
-0.5705	-343.5137	-0.5705	-337.2520	-0.5705	-326.6946	-0.5709	-314.9050	-0.5721	-299.7332	-0.5706	-264.4269	-0.5706	-232.0622
-0.5715	-344.1716	-0.5715	-338.6705	-0.5715	-327.9916	-0.5719	-315.6809	-0.5730	-300.7543	-0.5716	-265.8210	-0.5716	-233.1393
-0.5725	-344.2241	-0.5726	-338.4005	-0.5725	-328.1933	-0.5728	-316.3056	-0.5740	-302.7732	-0.5726	-266.9276	-0.5725	-234.2284
-0.5735	-347.2022	-0.5735	-341.1776	-0.5736	-330.5453	-0.5739	-318.7016	-0.5751	-303.9826	-0.5736	-268.2499	-0.5736	-235.3242
-0.5745	-348.8970	-0.5746	-342.9133	-0.5745	-332.2223	-0.5749	-319.6822	-0.5761	-305.8580	-0.5746	-269.7663	-0.5746	-236.5896
-0.5755	-351.4987	-0.5755	-345.1346	-0.5755	-334.3138	-0.5759	-322.2228	-0.5771	-307.3856	-0.5756	-271.2080	-0.5756	-237.8745
-0.5765	-350.8809	-0.5765	-345.3370	-0.5765	-334.6351	-0.5769	-323.0178	-0.5781	-308.2133	-0.5766	-272.2931	-0.5766	-238.8305
-0.5775	-354.5180	-0.5775	-348.5338	-0.5776	-337.2328	-0.5779	-324.2139	-0.5791	-308.9680	-0.5776	-273.9907	-0.5776	-240.2799
-0.5785	-352.6965	-0.5785	-347.0269	-0.5786	-336.6273	-0.5789	-324.6505	-0.5800	-310.3376	-0.5786	-274.7755	-0.5786	-241.0679
-0.5795	-354.0040	-0.5796	-347.8600	-0.5795	-337.4367	-0.5798	-325.6535	-0.5811	-311.7312	-0.5796	-275.9271	-0.5796	-242.0528
-0.5805	-358.3483	-0.5805	-351.9897	-0.5805	-340.3749	-0.5808	-327.6233	-0.5821	-312.1353	-0.5806	-277.5066	-0.5806	-243.4386
-0.5815	-356.8432	-0.5815	-350.8103	-0.5815	-340.1777	-0.5818	-327.6141	-0.5831	-313.3251	-0.5816	-278.3671	-0.5816	-244.2462
-0.5825	-356.9022	-0.5825	-350.8215	-0.5825	-340.2050	-0.5828	-328.4318	-0.5841	-315.0782	-0.5826	-279.3072	-0.5826	-245.2593
-0.5835	-361.5956	-0.5835	-354.6716	-0.5836	-343.2239	-0.5839	-330.9567	-0.5851	-315.5601	-0.5837	-280.8944	-0.5836	-246.5312
-0.5845	-361.1062	-0.5845	-354.5522	-0.5845	-343.4822	-0.5849	-330.9835	-0.5861	-316.3614	-0.5846	-281.9366	-0.5846	-247.5412
-0.5855	-360.8887	-0.5855	-354.5330	-0.5855	-343.7461	-0.5858	-331.6385	-0.5871	-318.3456	-0.5856	-282.8085	-0.5856	-248.4834
-0.5865	-364.8473	-0.5866	-357.6894	-0.5866	-345.8455	-0.5869	-333.7294	-0.5881	-319.2637	-0.5866	-284.1418	-0.5866	-249.5367
-0.5875	-364.2156	-0.5875	-358.1667	-0.5875	-346.7235	-0.5878	-334.3254	-0.5891	-320.3749	-0.5876	-285.2551	-0.5876	-250.7154
-0.5885	-368.8161	-0.5886	-361.6420	-0.5885	-349.1038	-0.5889	-336.2707	-0.5901	-321.6903	-0.5886	-286.7701	-0.5886	-251.9574
-0.5895	-368.5054	-0.5896	-361.6710	-0.5895	-349.3927	-0.5899	-337.4931	-0.5911	-322.1693	-0.5896	-287.9927	-0.5896	-252.8351
-0.5905	-369.2297	-0.5905	-362.0873	-0.5905	-350.3793	-0.5908	-337.7998	-0.5921	-322.5271	-0.5906	-289.0833	-0.5906	-254.0360
-0.5916	-368.2268	-0.5915	-361.3441	-0.5915	-350.0586	-0.5918	-337.7373	-0.5931	-323.9375	-0.5916	-289.7314	-0.5916	-254.7013
-0.5925	-368.4440	-0.5926	-361.7274	-0.5925	-350.5170	-0.5929	-339.0764	-0.5941	-324.6783	-0.5926	-290.4436	-0.5926	-255.7088
-0.5935	-373.1712	-0.5935	-365.3794	-0.5935	-353.2982	-0.5939	-340.0854	-0.5951	-324.7764	-0.5936	-292.0224	-0.5936	-256.9402
-0.5945	-370.3441	-0.5946	-363.8786	-0.5946	-352.1001	-0.5949	-339.8153	-0.5961	-326.0560	-0.5946	-292.4670	-0.5946	-257.6354
-0.5955	-371.4056	-0.5956	-364.5471	-0.5956	-352.5364	-0.5958	-340.6916	-0.5971	-327.0110	-0.5956	-293.1899	-0.5956	-258.4963
-0.5965	-375.8880	-0.5966	-368.3625	-0.5965	-355.5107	-0.5969	-342.3066	-0.5981	-327.3238	-0.5966	-294.6302	-0.5966	-259.6163
-0.5976	-374.0698	-0.5976	-366.9192	-0.5975	-354.7147	-0.5979	-342.4020	-0.5991	-328.0279	-0.5976	-295.2863	-0.5976	-260.5667
-0.5985	-374.0924	-0.5985	-366.9058	-0.5985	-355.0954	-0.5988	-342.6784	-0.6000	-329.3800	-0.5986	-295.9309	-0.5986	-261.2358
-0.5995	-378.3816	-0.5996	-370.5807	-0.5995	-357.2327	-0.5999	-344.8269	-0.6011	-330.2541	-0.5996	-297.2144	-0.5996	-262.3658
-0.6006	-377.2767	-0.6005	-370.0736	-0.6005	-357.4750	-0.6009	-345.0662	-0.6020	-330.7950	-0.6006	-297.8894	-0.6006	-263.2524
-0.6015	-380.2971	-0.6015	-372.7077	-0.6015	-359.2467	-0.6019	-345.8213	-0.6031	-332.2395	-0.6016	-299.0969	-0.6016	-264.2754
-0.6025	-380.8843	-0.6025	-373.1917	-0.6025	-359.8242	-0.6029	-347.2772	-0.6041	-332.2244	-0.6026	-299.8777	-0.6026	-265.2477
-0.6035	-380.7908	-0.6036	-373.1803	-0.6036	-360.1182	-0.6039	-347.2669	-0.6051	-332.5177	-0.6036	-300.7459	-0.6036	-266.0061
-0.6045	-379.1328	-0.6046	-372.0446	-0.6045	-359.7412	-0.6049	-347.1200	-0.6061	-333.7758	-0.6046	-301.1827	-0.6046	-266.6648
-0.6055	-381.9838	-0.6055	-374.1566	-0.6055	-360.8907	-0.6059	-348.5747	-0.6071	-333.8656	-0.6056	-301.9631	-0.6070	-267.4402
-0.6065	-382.8827	-0.6065	-375.4326	-0.6065	-362.0043	-0.6069	-348.8083	-0.6081	-333.9969	-0.6066	-302.8719	-0.6096	-268.2586
-0.6075	-381.3940	-0.6075	-373.5995	-0.6076	-360.9442	-0.6079	-348.4173	-0.6091	-335.1791	-0.6076	-303.2383	-0.6105	-268.9985
-0.6084	-382.2269	-0.6086	-374.6243	-0.6085	-361.5848	-0.6088	-349.6379	-0.6101	-335.6560	-0.6086	-303.8570	-0.6115	-269.5786
-0.6095	-386.3467	-0.6095	-378.1403	-0.6095	-364.0993	-0.6098	-350.4775	-0.6111	-335.6999	-0.6096	-305.0968	-0.6125	-270.7445
-0.6105	-384.4113	-0.6105	-376.9476	-0.6105	-363.2461	-0.6108	-350.2938	-0.6120	-336.5700	-0.6106	-305.3455	-0.6136	-271.2782
-0.6115	-384.8425	-0.6115	-376.6318	-0.6115	-363.4770	-0.6118	-350.8184	-0.6130	-337.3215	-0.6116	-305.8568	-0.6146	-271.9410
-0.6125	-388.8051	-0.6125	-379.8549	-0.6126	-365.9064	-0.6129	-352.1632	-0.6141	-337.4407	-0.6126	-307.0389	-0.6156	-272.9514
-0.6135	-387.6711	-0.6136	-379.2734	-0.6135	-365.4135	-0.6139	-352.1429	-0.6151	-337.8789	-0.6136	-307.3847	-0.6166	-273.4678
-0.6145	-387.4564	-0.6146	-379.0163	-0.6145	-365.1901	-0.6149	-352.4020	-0.6160	-339.0900	-0.6146	-307.9039	-0.6176	-274.1447
-0.6155	-390.9488	-0.6155	-382.0495	-0.6155	-367.2010	-0.6159	-354.0674	-0.6171	-338.8250	-0.6156	-308.8472	-0.6185	-274.9314
-0.6165	-389.5022	-0.6166	-381.1454	-0.6165	-366.7581	-0.6169	-353.5092	-0.6180	-339.1892	-0.6166	-309.2452	-0.6195	-275.6423
-0.6175	-389.2481	-0.6175	-380.5881	-0.6176	-366.4193	-0.6179	-353.6542	-0.6191	-340.5369	-0.6175	-309.6172	-0.6205	-276.0201
-0.6185	-392.2015	-0.6185	-382.9613	-0.6185	-368.0037	-0.6189	-355.1947	-0.6201	-340.2401	-0.6186	-310.4009	-0.6215	-276.6558
-0.6195	-391.9744	-0.6196	-383.0905	-0.6195	-368.4014	-0.6199	-355.0154	-0.6211	-340.3005	-0.6196	-311.0017	-0.6226	-277.5647
-0.6205	-390.2222	-0.6206	-381.5068	-0.6205	-367.1595	-0.6209	-354.5726	-0.6221	-341.5503	-0.6206	-311.0315	-0.6236	-277.9656
-0.6215	-393.3634	-0.6215	-383.6494	-0.6215	-368.6580	-0.6218	-355.7851	-0.6231	-341.6581	-0.6215	-311.7206	-0.6246	-278.5262
-0.6225	-394.4756	-0.6226	-384.8445	-0.6225	-369.5932	-0.6229	-356.1766	-0.6240	-341.6193	-0.6226	-312.5346	-0.6255	-279.5151
-0.6235	-393.4535	-0.6235	-383.8691	-0.6236	-368.9213	-0.6238	-355.9004	-0.6251	-342.6051	-0.6235	-312.7034	-0.6265	-279.8790
-0.6245	-393.8721	-0.6245	-384.1396	-0.6245	-369.1018	-0.6249	-356.7679	-0.6261	-342.9658	-0.6245	-313.1265	-0.6276	-280.6597
-0.6255	-398.2364	-0.6256	-387.5188	-0.6255	-371.6949	-0.6258	-357.4786	-0.6271	-343.8129	-0.6256	-314.0764	-0.6285	-281.3483
-0.6265	-398.1691	-0.6265	-387.5948	-0.6265	-371.5020	-0.6269	-358.3999	-0.6280	-344.0844	-0.6266	-314.4630	-0.6296	-281.7581
-0.6276	-397.5959	-0.6275	-387.4274	-0.6275	-371.7108	-0.6279	-358.2740	-0.6291	-344.3837	-0.6276	-314.9329	-0.6305	-282.1026
-0.6285	-400.8480	-0.6286	-390.0083	-0.6286	-373.3038	-0.6289	-359.1682	-0.6301	-344.2921	-0.6286	-315.7601	-0.6315	-282.7842
-0.6295	-398.3895	-0.6296	-388.1109	-0.6295	-372.2559	-0.6299	-358.5153	-0.6310	-344.5588	-0.6296	-315.8837	-0.6326	-283.3871
-0.6305	-398.1981	-0.6306	-388.1128	-0.6305	-372.0043	-0.6308	-358.4016	-0.6321	-345.6158	-0.6306	-316.1279	-0.6336	-283.4937
-0.6315	-401.6653	-0.6315	-390.1893	-0.6316	-373.6768	-0.6319	-360.3522	-0.6331	-345.0623	-0.6316	-316.6833	-0.6346	-284.0821
-0.6325	-400.7228	-0.6325	-389.6160	-0.6326	-373.1764	-0.6329	-359.3496	-0.6340	-345.1295	-0.6326	-317.0751	-0.6356	-284.7408
-0.6335	-398.7478	-0.6335	-388.5747	-0.6335	-372.1661	-0.6339	-358.9842	-0.6351	-346.4757	-0.6336	-317.0990	-0.6365	-284.8685
-0.6345	-402.9610	-0.6345	-391.1791	-0.6345	-374.0307	-0.6349	-360.5509	-0.6361	-346.1041	-0.6346	-317.7150	-0.6376	-285.5763
-0.6355	-402.4251	-0.6356	-391.1094	-0.6356	-374.1326	-0.6358	-360.2824	-0.6370	-346.1107	-0.6356	-318.1811	-0.6386	-286.0579
-0.6365	-401.5863	-0.6365	-390.5076	-0.6365	-373.5299	-0.6369	-359.9852	-0.6381	-347.1694	-0.6366	-318.2334	-0.6395	-286.6857
-0.6375	-404.3442	-0.6375	-392.0996	-0.6375	-374.5770	-0.6379	-361.2215	-0.6391	-347.1695	-0.6376	-318.7077	-0.6406	-287.0922
-0.6385	-405.2058	-0.6386	-393.3729	-0.6385	-375.5919	-0.6389	-361.3440	-0.6401	-348.1210	-0.6386	-319.3290	-0.6416	-287.6918
-0.6395	-408.2411	-0.6396	-395.3657	-0.6395	-376.8757	-0.6399	-362.8797	-0.6410	-348.4027	-0.6396	-319.9765	-0.6426	-288.0315
-0.6405	-406.4604	-0.6406	-394.0289	-0.6405	-376.0814	-0.6409	-362.6534	-0.6421	-348.3819	-0.6406	-320.0407	-0.6435	-288.2117
-0.6415	-409.0616	-0.6416	-396.6063	-0.6415	-377.7855	-0.6419	-362.7961	-0.6431	-348.1177	-0.6416	-320.7636	-0.6445	-288.7942
-0.6425	-406.7452	-0.6426	-394.3488	-0.6425	-376.3775	-0.6429	-362.1619	-0.6441	-348.6281	-0.6426	-320.7550	-0.6455	-289.0736
-0.6435	-406.9386	-0.6435	-394.4566	-0.6435	-376.1364	-0.6438	-362.3889	-0.6451	-349.0830	-0.6436	-320.8271	-0.6466	-289.2720
-0.6445	-410.8879	-0.6446	-397.9413	-0.6445	-378.1761	-0.6449	-363.3129	-0.6460	-348.4977	-0.6446	-321.5583	-0.6475	-289.9203
-0.6455	-408.7703	-0.6455	-395.9350	-0.6455	-377.2560	-0.6459	-362.6075	-0.6471	-348.7393	-0.6456	-321.4993	-0.6485	-290.1546
-0.6465	-408.2217	-0.6465	-395.2667	-0.6465	-376.5716	-0.6469	-362.6612	-0.6481	-349.7464	-0.6466	-321.5040	-0.6495	-290.3971
-0.6475	-413.0813	-0.6475	-398.6409	-0.6475	-378.8166	-0.6478	-364.2685	-0.6491	-349.3256	-0.6476	-322.2311	-0.6506	-290.9266
-0.6485	-411.8887	-0.6485	-397.7873	-0.6485	-378.3363	-0.6489	-363.4602	-0.6500	-349.4780	-0.6486	-322.3650	-0.6516	-291.2027
-0.6495	-411.3681	-0.6496	-397.4581	-0.6495	-377.7102	-0.6498	-363.3221	-0.6511	-350.4588	-0.6496	-322.4633	-0.6525	-291.8299
-0.6505	-414.5589	-0.6505	-399.6030	-0.6505	-379.2156	-0.6509	-364.6922	-0.6520	-350.4701	-0.6505	-322.9068	-0.6535	-292.0425
-0.6515	-414.6480	-0.6516	-399.8655	-0.6515	-379.4721	-0.6519	-364.4502	-0.6531	-350.7556	-0.6516	-323.2477	-0.6546	-292.5255
-0.6526	-417.5645	-0.6525	-402.0004	-0.6525	-381.0718	-0.6529	-365.2449	-0.6541	-351.4744	-0.6526	-323.7576	-0.6556	-292.6664
-0.6535	-417.6380	-0.6535	-402.1755	-0.6535	-380.8870	-0.6539	-365.8993	-0.6551	-351.2633	-0.6536	-323.9616	-0.6566	-292.6635
-0.6546	-418.5951	-0.6546	-402.5546	-0.6545	-381.3523	-0.6549	-365.7534	-0.6561	-350.9569	-0.6546	-324.3434	-0.6576	-293.4992
-0.6555	-416.9160	-0.6556	-401.5396	-0.6555	-380.4712	-0.6559	-365.0723	-0.6571	-351.7120	-0.6556	-324.2051	-0.6586	-293.4480
-0.6565	-417.8057	-0.6565	-401.8729	-0.6565	-380.4058	-0.6568	-365.9227	-0.6581	-351.8049	-0.6566	-324.3318	-0.6595	-293.8060
-0.6576	-422.1234	-0.6575	-405.5083	-0.6575	-382.7988	-0.6578	-366.3484	-0.6590	-351.2362	-0.6576	-325.0836	-0.6605	-294.5400
-0.6586	-419.8154	-0.6585	-403.0461	-0.6585	-381.1814	-0.6588	-365.4823	-0.6600	-352.0739	-0.6585	-324.8605	-0.6616	-294.5143
-0.6595	-420.3845	-0.6595	-403.5972	-0.6595	-381.4070	-0.6599	-366.1663	-0.6611	-352.4080	-0.6596	-325.1244	-0.6625	-294.7386
-0.6605	-424.6660	-0.6606	-407.0849	-0.6605	-383.5161	-0.6608	-367.2544	-0.6621	-352.1318	-0.6606	-325.8298	-0.6635	-295.0281
-0.6615	-423.6145	-0.6615	-406.0425	-0.6615	-382.8364	-0.6618	-366.6365	-0.6630	-352.3233	-0.6616	-325.7275	-0.6645	-295.3012
-0.6625	-423.7399	-0.6625	-405.7628	-0.6625	-382.6449	-0.6628	-366.6274	-0.6640	-353.1462	-0.6626	-325.7226	-0.6655	-295.7662
-0.6635	-428.4089	-0.6635	-409.1975	-0.6635	-384.5660	-0.6638	-368.3395	-0.6650	-353.4927	-0.6636	-326.2955	-0.6666	-295.9181
-0.6645	-427.2300	-0.6646	-408.7000	-0.6645	-384.4544	-0.6649	-368.3251	-0.6660	-353.5038	-0.6646	-326.3048	-0.6676	-296.2672
-0.6655	-430.6829	-0.6656	-410.9596	-0.6655	-386.2269	-0.6659	-368.5908	-0.6671	-354.3885	-0.6656	-326.8492	-0.6686	-296.2832
-0.6665	-432.0715	-0.6666	-412.0905	-0.6665	-386.6733	-0.6669	-369.6033	-0.6680	-353.7953	-0.6666	-327.0576	-0.6695	-296.4642
-0.6675	-431.9803	-0.6675	-411.8528	-0.6675	-386.6748	-0.6679	-369.1571	-0.6690	-353.7545	-0.6676	-327.2466	-0.6706	-296.8910
-0.6685	-431.7162	-0.6685	-411.5047	-0.6685	-386.0744	-0.6688	-368.9252	-0.6700	-354.5368	-0.6686	-327.0585	-0.6715	-296.7764
-0.6695	-435.0022	-0.6695	-413.3642	-0.6695	-387.1484	-0.6699	-370.0174	-0.6711	-354.4050	-0.6696	-327.4103	-0.6726	-297.1615
-0.6705	-436.2372	-0.6705	-414.3953	-0.6705	-388.0925	-0.6708	-369.9253	-0.6721	-354.1109	-0.6706	-327.7156	-0.6736	-297.4384
-0.6715	-435.6488	-0.6716	-413.3959	-0.6715	-387.3010	-0.6719	-369.3368	-0.6731	-354.8265	-0.6716	-327.5543	-0.6746	-297.5225
-0.6725	-436.9950	-0.6726	-414.5577	-0.6725	-387.5681	-0.6728	-370.3858	-0.6741	-355.1255	-0.6726	-327.5368	-0.6755	-297.6126
-0.6735	-442.2601	-0.6735	-418.5568	-0.6735	-390.2325	-0.6739	-371.1637	-0.6750	-354.8144	-0.6736	-328.3167	-0.6766	-298.0395
-0.6745	-441.1902	-0.6745	-417.2884	-0.6745	-389.4109	-0.6748	-370.8418	-0.6761	-355.4272	-0.6746	-328.1437	-0.6776	-298.3193
-0.6755	-442.1878	-0.6755	-418.0855	-0.6755	-389.5566	-0.6759	-371.2576	-0.6771	-355.9075	-0.6756	-328.1401	-0.6786	-298.5455
-0.6765	-447.6933	-0.6765	-421.7491	-0.6765	-392.0868	-0.6768	-372.4574	-0.6781	-356.3334	-0.6766	-328.6994	-0.6796	-298.9350
-0.6775	-448.4588	-0.6775	-422.3886	-0.6775	-392.4109	-0.6779	-372.9996	-0.6791	-356.6016	-0.6776	-328.8812	-0.6805	-299.0142
-0.6786	-450.1644	-0.6786	-423.2581	-0.6785	-393.1696	-0.6789	-373.0906	-0.6801	-357.1221	-0.6786	-329.0751	-0.6815	-298.8543
-0.6795	-453.7581	-0.6796	-426.0792	-0.6795	-394.5372	-0.6799	-374.5243	-0.6811	-356.8261	-0.6796	-329.5415	-0.6825	-299.2172
-0.6805	-453.7776	-0.6806	-425.7855	-0.6805	-394.3804	-0.6808	-373.9014	-0.6821	-356.9361	-0.6806	-329.5183	-0.6835	-299.5681
-0.6815	-454.3966	-0.6815	-426.1236	-0.6815	-394.1874	-0.6818	-373.9729	-0.6831	-358.0687	-0.6815	-329.3993	-0.6845	-299.3786
-0.6825	-458.6152	-0.6826	-429.0075	-0.6825	-396.3449	-0.6829	-375.3773	-0.6840	-357.4770	-0.6826	-329.7954	-0.6855	-299.5498
-0.6835	-460.7114	-0.6835	-430.1258	-0.6835	-396.7202	-0.6838	-375.2719	-0.6850	-357.4875	-0.6836	-330.0243	-0.6865	-299.9155
-0.6845	-460.0995	-0.6845	-429.3040	-0.6845	-396.1843	-0.6848	-375.0387	-0.6860	-358.5602	-0.6845	-329.7112	-0.6875	-299.9216
-0.6855	-464.7272	-0.6855	-432.6653	-0.6855	-397.8305	-0.6858	-376.6290	-0.6871	-358.4519	-0.6855	-330.0035	-0.6885	-299.9717
-0.6865	-467.8475	-0.6865	-434.6590	-0.6864	-399.3281	-0.6868	-376.8909	-0.6881	-358.7178	-0.6866	-330.4642	-0.6895	-300.3887
-0.6875	-468.4458	-0.6875	-434.9303	-0.6875	-399.2319	-0.6878	-376.9070	-0.6890	-359.5430	-0.6876	-330.3648	-0.6905	-300.6893
-0.6885	-471.1350	-0.6885	-436.3829	-0.6885	-400.1237	-0.6888	-378.0396	-0.6900	-359.6749	-0.6886	-330.3819	-0.6915	-300.6794
-0.6895	-477.0749	-0.6895	-441.0749	-0.6895	-402.9401	-0.6898	-378.7250	-0.6911	-360.8892	-0.6895	-331.0784	-0.6926	-301.2499
-0.6905	-479.8747	-0.6905	-442.9575	-0.6905	-403.8698	-0.6909	-380.2107	-0.6920	-360.8925	-0.6906	-331.2645	-0.6936	-301.1353
-0.6915	-481.7577	-0.6916	-443.9383	-0.6915	-404.5796	-0.6919	-380.4036	-0.6931	-361.3709	-0.6916	-331.4769	-0.6946	-301.1361
-0.6925	-487.1207	-0.6926	-447.6858	-0.6925	-406.8700	-0.6929	-381.6890	-0.6940	-361.1498	-0.6926	-332.0001	-0.6956	-301.5125
-0.6935	-487.3028	-0.6935	-447.5584	-0.6936	-406.6807	-0.6939	-381.2894	-0.6951	-361.4473	-0.6936	-331.8789	-0.6965	-301.5153
-0.6945	-489.1757	-0.6946	-448.4962	-0.6945	-407.2164	-0.6949	-381.5311	-0.6960	-362.5055	-0.6946	-331.7544	-0.6976	-301.5439
-0.6955	-495.6559	-0.6955	-453.0468	-0.6955	-410.0453	-0.6959	-383.6961	-0.6971	-361.9998	-0.6956	-332.2675	-0.6985	-301.7218
-0.6965	-497.3048	-0.6966	-453.8323	-0.6966	-410.0327	-0.6969	-383.3759	-0.6981	-362.3820	-0.6966	-332.2752	-0.6996	-301.9893
-0.6975	-498.5077	-0.6975	-454.3072	-0.6975	-410.1540	-0.6978	-383.6478	-0.6990	-363.8557	-0.6976	-332.1285	-0.7005	-301.8843
-0.6985	-505.1212	-0.6985	-459.0772	-0.6985	-412.9576	-0.6989	-385.6313	-0.7001	-363.4658	-0.6986	-332.5765	-0.7015	-302.1086
-0.6995	-507.9796	-0.6995	-460.7948	-0.6995	-414.1539	-0.6998	-385.7549	-0.7011	-363.6539	-0.6996	-332.7870	-0.7026	-302.3983
-0.7005	-509.8798	-0.7005	-461.9244	-0.7005	-414.7180	-0.7008	-386.1975	-0.7021	-364.9221	-0.7006	-332.6720	-0.7035	-302.5899
-0.7015	-515.8449	-0.7015	-465.7989	-0.7015	-416.8701	-0.7019	-388.1629	-0.7030	-365.1804	-0.7016	-333.1186	-0.7045	-302.5754
-0.7025	-520.2889	-0.7025	-469.0563	-0.7025	-418.9275	-0.7029	-388.9136	-0.7041	-366.1281	-0.7026	-333.4339	-0.7055	-303.0950
-0.7035	-525.7002	-0.7036	-472.9019	-0.7035	-421.2535	-0.7038	-390.5590	-0.7051	-366.8284	-0.7036	-333.7852	-0.7065	-302.9171
-0.7045	-527.4735	-0.7045	-473.9698	-0.7045	-421.8541	-0.7049	-391.3255	-0.7061	-367.1010	-0.7046	-333.8150	-0.7076	-303.1312
-0.7055	-534.4264	-0.7056	-479.1799	-0.7055	-425.0660	-0.7059	-392.3392	-0.7070	-367.1370	-0.7056	-334.4175	-0.7086	-303.3190
-0.7065	-535.1683	-0.7066	-479.6220	-0.7065	-425.0491	-0.7069	-392.4725	-0.7081	-368.0678	-0.7066	-334.2484	-0.7096	-303.3000
-0.7075	-538.6547	-0.7075	-482.1273	-0.7075	-426.2633	-0.7078	-393.7855	-0.7091	-368.8374	-0.7076	-334.3171	-0.7105	-303.4331
-0.7085	-546.4560	-0.7086	-487.7217	-0.7085	-429.9543	-0.7089	-395.5091	-0.7100	-368.6956	-0.7085	-334.8925	-0.7116	-303.5426
-0.7095	-547.8617	-0.7095	-488.5672	-0.7095	-430.4470	-0.7098	-395.5949	-0.7111	-369.4182	-0.7096	-334.9768	-0.7126	-303.8347
-0.7105	-551.5723	-0.7105	-490.7886	-0.7105	-431.7500	-0.7108	-396.6647	-0.7121	-370.5309	-0.7106	-334.8593	-0.7136	-303.6293
-0.7115	-558.9775	-0.7116	-496.8132	-0.7115	-435.2077	-0.7119	-399.1990	-0.7131	-370.8468	-0.7116	-335.4685	-0.7145	-303.9431
-0.7125	-561.9177	-0.7125	-499.1086	-0.7125	-436.4367	-0.7129	-399.5282	-0.7141	-371.3647	-0.7126	-335.5647	-0.7156	-304.2372
-0.7135	-565.1468	-0.7135	-501.4342	-0.7135	-438.1078	-0.7139	-400.5953	-0.7151	-372.9138	-0.7136	-335.5971	-0.7165	-304.5741
-0.7145	-571.9383	-0.7146	-506.6683	-0.7145	-441.0770	-0.7148	-402.8518	-0.7161	-374.1585	-0.7146	-336.1020	-0.7176	-304.6107
-0.7155	-576.4430	-0.7156	-509.9794	-0.7155	-443.3244	-0.7159	-404.1528	-0.7171	-374.8432	-0.7156	-336.3775	-0.7186	-304.7966
-0.7165	-584.4637	-0.7166	-516.1661	-0.7165	-447.5819	-0.7169	-406.3687	-0.7181	-375.9498	-0.7166	-337.1062	-0.7195	-304.7374
-0.7176	-587.4702	-0.7176	-518.9999	-0.7175	-448.9082	-0.7179	-407.9591	-0.7191	-376.1950	-0.7176	-337.3540	-0.7205	-304.8763
-0.7185	-591.8761	-0.7186	-522.1419	-0.7185	-451.1271	-0.7189	-408.8124	-0.7201	-376.5513	-0.7186	-337.6312	-0.7215	-305.2546
-0.7196	-594.1001	-0.7196	-523.7987	-0.7195	-452.4105	-0.7199	-409.7153	-0.7211	-377.8868	-0.7196	-337.5962	-0.7225	-305.1731
-0.7205	-598.5465	-0.7205	-527.3985	-0.7205	-454.3088	-0.7208	-411.5979	-0.7221	-378.5270	-0.7206	-337.6945	-0.7235	-305.1434
-0.7215	-606.3663	-0.7215	-533.8316	-0.7215	-458.4891	-0.7218	-413.3336	-0.7230	-378.7995	-0.7216	-338.4629	-0.7245	-305.4813
-0.7225	-607.5696	-0.7225	-534.9735	-0.7225	-459.4751	-0.7229	-413.9838	-0.7241	-380.0519	-0.7226	-338.2852	-0.7256	-305.5575
-0.7235	-611.7710	-0.7235	-538.3836	-0.7235	-461.6736	-0.7239	-415.5621	-0.7251	-381.2979	-0.7236	-338.4948	-0.7265	-305.4119
-0.7245	-619.8247	-0.7245	-544.9797	-0.7245	-465.8604	-0.7249	-418.1520	-0.7261	-381.7425	-0.7246	-339.2488	-0.7275	-305.9504
-0.7255	-622.1666	-0.7255	-547.2244	-0.7255	-467.3586	-0.7259	-419.2025	-0.7271	-382.7126	-0.7256	-339.3509	-0.7285	-306.0245
-0.7265	-625.7883	-0.7265	-550.3476	-0.7265	-469.5046	-0.7268	-420.7266	-0.7280	-384.3153	-0.7266	-339.4213	-0.7295	-306.3389
-0.7275	-633.1398	-0.7275	-556.2885	-0.7275	-473.6001	-0.7279	-423.6839	-0.7290	-385.3032	-0.7276	-340.2184	-0.7306	-306.4382
-0.7285	-635.7041	-0.7285	-559.2085	-0.7285	-475.6394	-0.7288	-425.2036	-0.7300	-386.3991	-0.7286	-340.4081	-0.7316	-306.4960
-0.7295	-642.5092	-0.7295	-564.8283	-0.7295	-479.5335	-0.7299	-427.2321	-0.7311	-388.0043	-0.7296	-341.2570	-0.7326	-306.5233
-0.7305	-646.8280	-0.7305	-568.9130	-0.7305	-482.2242	-0.7308	-429.6453	-0.7321	-388.3678	-0.7306	-341.6100	-0.7335	-306.7020
-0.7315	-649.8203	-0.7316	-571.8285	-0.7315	-484.6322	-0.7319	-430.8705	-0.7331	-389.2090	-0.7316	-341.9176	-0.7345	-306.9606
-0.7325	-652.2712	-0.7325	-574.5162	-0.7325	-486.3107	-0.7328	-432.1420	-0.7341	-390.9636	-0.7326	-341.9474	-0.7356	-306.9245
-0.7335	-657.1658	-0.7335	-578.9047	-0.7335	-489.7714	-0.7338	-434.7640	-0.7351	-391.7696	-0.7336	-342.4211	-0.7365	-306.9703
-0.7345	-661.6070	-0.7346	-583.2921	-0.7345	-492.9557	-0.7349	-436.4267	-0.7361	-392.2329	-0.7346	-342.9650	-0.7376	-307.5459
-0.7355	-663.0149	-0.7356	-584.8946	-0.7355	-494.4638	-0.7359	-437.4566	-0.7371	-394.1480	-0.7356	-343.0115	-0.7386	-307.3651
-0.7365	-666.9130	-0.7365	-588.4438	-0.7365	-497.0518	-0.7369	-440.1378	-0.7381	-395.1389	-0.7366	-343.2714	-0.7395	-307.5203
-0.7375	-674.3136	-0.7375	-595.1576	-0.7375	-501.8077	-0.7379	-442.2805	-0.7391	-395.8858	-0.7375	-344.2868	-0.7406	-307.9344
-0.7385	-674.8634	-0.7386	-596.3549	-0.7385	-503.1302	-0.7389	-443.6384	-0.7401	-397.5239	-0.7386	-344.3102	-0.7415	-308.0257
-0.7395	-677.6437	-0.7395	-599.8252	-0.7395	-505.6027	-0.7399	-445.6773	-0.7410	-398.9483	-0.7396	-344.5780	-0.7426	-308.3625
-0.7405	-684.4509	-0.7406	-605.9504	-0.7405	-510.0878	-0.7408	-448.5089	-0.7421	-400.7196	-0.7406	-345.4115	-0.7435	-308.6013
-0.7415	-687.0418	-0.7415	-609.2362	-0.7416	-508.5207	-0.7419	-450.9177	-0.7431	-401.5936	-0.7416	-345.8976	-0.7446	-308.6161
-0.7425	-690.4772	-0.7425	-612.4644	-0.7426	-512.3155	-0.7429	-452.5323	-0.7441	-403.4305	-0.7426	-346.4584	-0.7455	-308.7677
-0.7435	-694.5106	-0.7435	-616.7735	-0.7436	-516.5898	-0.7439	-455.6275	-0.7451	-404.0562	-0.7436	-347.0525	-0.7466	-308.8609
-0.7445	-695.1654	-0.7446	-618.4307	-0.7446	-518.4187	-0.7448	-456.4698	-0.7461	-405.1480	-0.7446	-347.3635	-0.7476	-309.1682
-0.7455	-696.6823	-0.7455	-620.5572	-0.7456	-520.0945	-0.7459	-458.0290	-0.7471	-407.1321	-0.7456	-347.6675	-0.7485	-309.0676
-0.7465	-700.9069	-0.7466	-624.9982	-0.7466	-523.8681	-0.7469	-461.0720	-0.7481	-407.6183	-0.7466	-348.2676	-0.7495	-309.2792
-0.7475	-703.0629	-0.7475	-627.8086	-0.7476	-526.1440	-0.7479	-462.4869	-0.7491	-408.5553	-0.7476	-348.7312	-0.7506	-309.7824
-0.7485	-702.4432	-0.7485	-628.2235	-0.7486	-527.2794	-0.7489	-463.5609	-0.7501	-410.6112	-0.7486	-348.8553	-0.7516	-309.5734
-0.7495	-706.6397	-0.7495	-632.5108	-0.7496	-530.6715	-0.7499	-466.4549	-0.7511	-411.6236	-0.7496	-349.5383	-0.7526	-309.8102
-0.7505	-709.4182	-0.7506	-636.0124	-0.7506	-533.6206	-0.7509	-468.2654	-0.7521	-412.5439	-0.7506	-350.2114	-0.7535	-310.2558
-0.7515	-709.1647	-0.7515	-637.0728	-0.7516	-535.2948	-0.7519	-469.7944	-0.7531	-414.3057	-0.7516	-350.3728	-0.7546	-310.5528
-0.7525	-711.0890	-0.7526	-639.4203	-0.7526	-537.9389	-0.7529	-472.1139	-0.7540	-415.4127	-0.7526	-350.8811	-0.7555	-310.6436
-0.7535	-715.8567	-0.7536	-644.5677	-0.7536	-541.3312	-0.7538	-474.0630	-0.7551	-417.2758	-0.7536	-351.8343	-0.7566	-310.9535
-0.7545	-717.2583	-0.7546	-646.6018	-0.7546	-543.8487	-0.7549	-476.5063	-0.7561	-418.4869	-0.7546	-352.3655	-0.7576	-311.0638
-0.7556	-717.4695	-0.7556	-648.1651	-0.7556	-545.6698	-0.7558	-477.9474	-0.7571	-419.7879	-0.7556	-352.7995	-0.7586	-311.0240
-0.7566	-720.8300	-0.7566	-652.1138	-0.7566	-549.3290	-0.7569	-480.4164	-0.7581	-420.5131	-0.7566	-353.5485	-0.7596	-311.4204
-0.7575	-719.4340	-0.7575	-651.9711	-0.7576	-550.1959	-0.7578	-481.5897	-0.7591	-421.8333	-0.7576	-353.9275	-0.7606	-311.5969
-0.7585	-719.5036	-0.7586	-653.0384	-0.7586	-551.6588	-0.7589	-482.9989	-0.7601	-423.6187	-0.7586	-354.2045	-0.7615	-311.4628
-0.7595	-722.7554	-0.7595	-657.1258	-0.7596	-554.9484	-0.7599	-485.8996	-0.7610	-424.0890	-0.7596	-355.0835	-0.7625	-311.9284
-0.7605	-721.8346	-0.7605	-657.6093	-0.7606	-556.2598	-0.7609	-486.4315	-0.7621	-425.2443	-0.7606	-355.4637	-0.7635	-312.1490
-0.7615	-720.2442	-0.7616	-657.2748	-0.7616	-557.2543	-0.7618	-487.9391	-0.7630	-427.1504	-0.7616	-355.6130	-0.7645	-312.1512
-0.7625	-723.5144	-0.7625	-661.0990	-0.7626	-560.4856	-0.7628	-490.5876	-0.7641	-427.8861	-0.7626	-356.5037	-0.7656	-312.4092
-0.7635	-723.4026	-0.7635	-661.8200	-0.7636	-561.8072	-0.7638	-491.7118	-0.7650	-428.7787	-0.7636	-357.0363	-0.7665	-312.6552
-0.7645	-721.9059	-0.7645	-661.9657	-0.7645	-562.8841	-0.7648	-492.8649	-0.7661	-430.5994	-0.7645	-357.2613	-0.7675	-312.9878
-0.7655	-723.3631	-0.7655	-664.2652	-0.7656	-565.3621	-0.7658	-495.0775	-0.7670	-431.6050	-0.7656	-357.9492	-0.7686	-313.0618
-0.7665	-723.4541	-0.7665	-666.0129	-0.7666	-567.2067	-0.7668	-496.4296	-0.7681	-433.0312	-0.7666	-358.6831	-0.7696	-313.5081
-0.7675	-724.6991	-0.7675	-668.3409	-0.7676	-569.5507	-0.7679	-498.7178	-0.7691	-434.2300	-0.7676	-359.3760	-0.7706	-313.4732
-0.7685	-722.5895	-0.7685	-667.7497	-0.7686	-570.2703	-0.7688	-499.9993	-0.7700	-435.2332	-0.7686	-359.7170	-0.7715	-313.4130
-0.7696	-724.8861	-0.7696	-670.2141	-0.7696	-572.5100	-0.7699	-501.4089	-0.7711	-435.7804	-0.7696	-360.6170	-0.7725	-314.0654
-0.7705	-720.9702	-0.7705	-668.5881	-0.7706	-572.5165	-0.7709	-501.9384	-0.7720	-437.3326	-0.7706	-360.7180	-0.7736	-313.9906
-0.7715	-719.6759	-0.7715	-668.5764	-0.7716	-573.5261	-0.7719	-503.4429	-0.7730	-438.3339	-0.7716	-361.0946	-0.7746	-314.0547
-0.7726	-721.8249	-0.7725	-671.6556	-0.7726	-576.5049	-0.7729	-505.1856	-0.7741	-438.6494	-0.7726	-361.9655	-0.7756	-314.4686
-0.7736	-718.4700	-0.7735	-669.9380	-0.7736	-576.0388	-0.7738	-505.5492	-0.7750	-439.7766	-0.7736	-362.2849	-0.7766	-314.4868
-0.7745	-716.1466	-0.7745	-669.0272	-0.7746	-576.6129	-0.7748	-506.5153	-0.7760	-441.1117	-0.7746	-362.5168	-0.7775	-314.7084
-0.7755	-717.9958	-0.7755	-671.3708	-0.7756	-579.1760	-0.7759	-508.7778	-0.7770	-441.7108	-0.7756	-363.2975	-0.7786	-314.8867
-0.7765	-714.9573	-0.7765	-670.3914	-0.7766	-579.3135	-0.7769	-509.1030	-0.7781	-442.3548	-0.7766	-363.6711	-0.7795	-315.1113
-0.7775	-712.9391	-0.7775	-669.4857	-0.7776	-579.5037	-0.7779	-509.8346	-0.7790	-443.9633	-0.7776	-363.9883	-0.7805	-315.5539
-0.7785	-713.2376	-0.7786	-670.7617	-0.7786	-581.5314	-0.7788	-511.7438	-0.7800	-444.7404	-0.7785	-364.7377	-0.7816	-315.5636
-0.7795	-711.0627	-0.7795	-670.2326	-0.7796	-581.8610	-0.7799	-512.3545	-0.7811	-445.6710	-0.7796	-365.1567	-0.7826	-315.9282
-0.7805	-711.2194	-0.7806	-671.0339	-0.7806	-583.5487	-0.7809	-513.6159	-0.7821	-446.8090	-0.7806	-365.8780	-0.7835	-315.7917
-0.7815	-708.8421	-0.7815	-670.4800	-0.7816	-583.7211	-0.7819	-514.8872	-0.7831	-447.2266	-0.7816	-366.1774	-0.7845	-315.8923
-0.7825	-707.0723	-0.7826	-670.1574	-0.7826	-584.3211	-0.7829	-515.2388	-0.7841	-447.5718	-0.7826	-366.8170	-0.7856	-316.4009
-0.7835	-702.7202	-0.7835	-667.5939	-0.7836	-583.5591	-0.7839	-515.4105	-0.7851	-448.5606	-0.7836	-366.9260	-0.7865	-316.2583
-0.7845	-700.4775	-0.7845	-666.4522	-0.7846	-584.0421	-0.7848	-516.5155	-0.7861	-449.1829	-0.7846	-367.2376	-0.7876	-316.3843
-0.7855	-701.1123	-0.7855	-667.9616	-0.7856	-585.1322	-0.7859	-517.2964	-0.7871	-449.2415	-0.7856	-368.0808	-0.7886	-316.6837
-0.7865	-695.8151	-0.7866	-664.7783	-0.7866	-584.1258	-0.7869	-517.1377	-0.7881	-450.2737	-0.7866	-367.9790	-0.7896	-316.6447
-0.7875	-693.1326	-0.7875	-663.4392	-0.7876	-583.9753	-0.7878	-517.7082	-0.7891	-450.9479	-0.7876	-368.2569	-0.7906	-316.7921
-0.7886	-694.0797	-0.7886	-664.5648	-0.7886	-585.7242	-0.7889	-518.8930	-0.7901	-451.1334	-0.7885	-369.1553	-0.7916	-317.0368
-0.7895	-689.4808	-0.7895	-661.7079	-0.7896	-584.5755	-0.7899	-518.7504	-0.7910	-451.5784	-0.7896	-369.2296	-0.7925	-317.2305
-0.7905	-685.7671	-0.7906	-659.9647	-0.7906	-583.9576	-0.7909	-518.9802	-0.7921	-452.6488	-0.7906	-369.3714	-0.7936	-317.5488
-0.7916	-686.1579	-0.7916	-660.7170	-0.7916	-585.3977	-0.7919	-520.3767	-0.7931	-453.3626	-0.7916	-370.1205	-0.7946	-317.6648
-0.7925	-681.9870	-0.7925	-658.3442	-0.7926	-584.6961	-0.7929	-520.5647	-0.7941	-453.4470	-0.7926	-370.3104	-0.7956	-317.8354
-0.7935	-682.4353	-0.7935	-658.8807	-0.7936	-585.3009	-0.7939	-520.8127	-0.7951	-454.5479	-0.7936	-371.0413	-0.7966	-317.5762
-0.7945	-678.9570	-0.7945	-656.9602	-0.7946	-585.2356	-0.7949	-521.6064	-0.7961	-454.2385	-0.7946	-371.3131	-0.7976	-317.8297
-0.7956	-675.1888	-0.7956	-654.5489	-0.7956	-584.0818	-0.7959	-521.1056	-0.7971	-454.4035	-0.7956	-371.5275	-0.7985	-317.9957
-0.7965	-670.4377	-0.7965	-651.4292	-0.7967	-582.8309	-0.7968	-520.7270	-0.7981	-455.2746	-0.7966	-371.5214	-0.7995	-318.0084
-0.7975	-668.8964	-0.7975	-650.1699	-0.7976	-582.9277	-0.7979	-521.3627	-0.7991	-455.0673	-0.7976	-371.8859	-0.8006	-318.3647
-0.7985	-666.3307	-0.7986	-648.8580	-0.7986	-582.3010	-0.7989	-521.1891	-0.8001	-455.1171	-0.7986	-372.3040	-0.8015	-318.4903
-0.7995	-661.2262	-0.7995	-645.1227	-0.7996	-580.5266	-0.7998	-520.3459	-0.8011	-455.7520	-0.7996	-372.2104	-0.8025	-318.4166
-0.8005	-657.5982	-0.8005	-643.0517	-0.8006	-580.0708	-0.8008	-520.9425	-0.8020	-455.7517	-0.8005	-372.5395	-0.8035	-318.3275
-0.8015	-658.1572	-0.8015	-643.4591	-0.8016	-580.0489	-0.8019	-520.8736	-0.8031	-455.6051	-0.8015	-373.1731	-0.8045	-318.5694
-0.8025	-652.4502	-0.8025	-639.4933	-0.8026	-578.4792	-0.8028	-520.0559	-0.8040	-455.9247	-0.8026	-372.9891	-0.8055	-318.7173
-0.8035	-649.2187	-0.8035	-636.7169	-0.8036	-577.1976	-0.8038	-519.8882	-0.8051	-456.1431	-0.8036	-373.0823	-0.8065	-318.6864
-0.8045	-648.7401	-0.8045	-636.8357	-0.8046	-578.0248	-0.8049	-520.3225	-0.8060	-456.5530	-0.8046	-373.6071	-0.8076	-318.9896
-0.8055	-644.9223	-0.8055	-634.3066	-0.8056	-576.6243	-0.8059	-520.2473	-0.8070	-456.3098	-0.8056	-373.7250	-0.8086	-318.7824
-0.8065	-642.1912	-0.8065	-631.9621	-0.8066	-575.4198	-0.8068	-519.4820	-0.8081	-456.7018	-0.8066	-373.8310	-0.8096	-318.6962
-0.8075	-640.1599	-0.8075	-630.7695	-0.8075	-575.0651	-0.8079	-519.8949	-0.8091	-456.0805	-0.8076	-374.2153	-0.8106	-318.8498
-0.8085	-635.1342	-0.8086	-627.1471	-0.8086	-573.0335	-0.8089	-518.5474	-0.8100	-455.7248	-0.8086	-374.1728	-0.8116	-318.8152
-0.8095	-630.9982	-0.8095	-623.5606	-0.8096	-571.1758	-0.8099	-517.7805	-0.8111	-456.3269	-0.8096	-374.1179	-0.8125	-318.6973
-0.8105	-629.4992	-0.8105	-622.3273	-0.8106	-570.9456	-0.8109	-518.0163	-0.8121	-455.6283	-0.8106	-374.2714	-0.8135	-318.7335
-0.8115	-625.6086	-0.8115	-619.5766	-0.8116	-569.1204	-0.8118	-516.8819	-0.8131	-455.1429	-0.8116	-374.3920	-0.8146	-318.7377
-0.8125	-619.9613	-0.8125	-615.1853	-0.8126	-566.6920	-0.8129	-515.5299	-0.8141	-455.6586	-0.8126	-374.0376	-0.8156	-318.6732
-0.8135	-618.6263	-0.8135	-613.9675	-0.8136	-566.3431	-0.8139	-515.8318	-0.8151	-455.0870	-0.8136	-374.2802	-0.8166	-318.5020
-0.8145	-615.8554	-0.8145	-611.8658	-0.8146	-564.9162	-0.8148	-514.9484	-0.8161	-454.4959	-0.8146	-374.3913	-0.8175	-318.9653
-0.8155	-611.3891	-0.8156	-607.9084	-0.8156	-562.8253	-0.8159	-513.6170	-0.8171	-454.6127	-0.8155	-374.2142	-0.8185	-318.8451
-0.8165	-607.7672	-0.8165	-605.3039	-0.8166	-561.4031	-0.8169	-513.3048	-0.8180	-454.2861	-0.8165	-374.0991	-0.8196	-319.0767
-0.8175	-606.9530	-0.8175	-604.6722	-0.8176	-560.5878	-0.8179	-512.6197	-0.8191	-455.4810	-0.8176	-374.4558	-0.8206	-319.0665
-0.8185	-607.0252	-0.8185	-604.2168	-0.8186	-561.2128	-0.8189	-513.6424	-0.8202	-454.4624	-0.8186	-374.7788	-0.8216	-318.7353
-0.8196	-601.9282	-0.8196	-600.6771	-0.8196	-558.4089	-0.8199	-511.7512	-0.8211	-453.8879	-0.8196	-374.7490	-0.8226	-318.6772
-0.8205	-599.5499	-0.8206	-598.5190	-0.8206	-557.7026	-0.8209	-511.0559	-0.8221	-452.8701	-0.8206	-374.7860	-0.8236	-318.6170
-0.8215	-593.4095	-0.8216	-593.8317	-0.8216	-554.4279	-0.8219	-509.3099	-0.8231	-452.4656	-0.8216	-374.3157	-0.8246	-318.4527
-0.8225	-589.2668	-0.8225	-589.8805	-0.8226	-552.1242	-0.8229	-507.9690	-0.8241	-452.3257	-0.8226	-374.0434	-0.8256	-318.1610
-0.8235	-587.9239	-0.8235	-588.7084	-0.8236	-551.4978	-0.8239	-507.8230	-0.8251	-451.1672	-0.8236	-374.1818	-0.8265	-318.1094
-0.8245	-583.0380	-0.8245	-584.6960	-0.8246	-548.8439	-0.8249	-505.8794	-0.8261	-450.5392	-0.8246	-373.9197	-0.8276	-318.1722
-0.8255	-578.3366	-0.8255	-580.7974	-0.8256	-546.1378	-0.8259	-504.4640	-0.8271	-450.5626	-0.8256	-373.3920	-0.8286	-317.8469
-0.8265	-577.2930	-0.8265	-579.3080	-0.8266	-545.3988	-0.8269	-504.1676	-0.8281	-449.5847	-0.8266	-373.4752	-0.8296	-317.8176
-0.8275	-573.6144	-0.8275	-576.1694	-0.8277	-543.1178	-0.8279	-502.5958	-0.8291	-448.8100	-0.8276	-373.3256	-0.8306	-317.8249
-0.8285	-568.8630	-0.8285	-572.3314	-0.8286	-540.6995	-0.8289	-501.0595	-0.8301	-448.7186	-0.8286	-372.9468	-0.8316	-317.6562
-0.8295	-567.0873	-0.8296	-570.4045	-0.8296	-539.2124	-0.8299	-500.4360	-0.8311	-447.7907	-0.8296	-372.8236	-0.8326	-317.5718
-0.8305	-564.2779	-0.8306	-568.0192	-0.8306	-537.3353	-0.8309	-498.9605	-0.8321	-447.3451	-0.8306	-372.7034	-0.8336	-317.5704
-0.8315	-562.2063	-0.8316	-565.7977	-0.8316	-536.0297	-0.8319	-498.4791	-0.8331	-446.7908	-0.8316	-372.5881	-0.8346	-317.0579
-0.8325	-557.7588	-0.8325	-561.8543	-0.8326	-533.5580	-0.8329	-496.9169	-0.8341	-445.8644	-0.8326	-372.1440	-0.8356	-316.9338
-0.8335	-556.4857	-0.8335	-560.7830	-0.8336	-532.0229	-0.8339	-495.6022	-0.8351	-444.7135	-0.8336	-372.2628	-0.8366	-316.9255
-0.8346	-550.8974	-0.8346	-556.1616	-0.8346	-529.0524	-0.8349	-493.7794	-0.8361	-444.2616	-0.8346	-371.6307	-0.8375	-316.5797
-0.8355	-547.6473	-0.8356	-552.7072	-0.8356	-526.8241	-0.8359	-492.4064	-0.8371	-443.4994	-0.8356	-371.1955	-0.8386	-316.2207
-0.8366	-547.2240	-0.8365	-551.8763	-0.8366	-525.9637	-0.8369	-491.5727	-0.8381	-442.1799	-0.8366	-371.2408	-0.8395	-316.3224
-0.8375	-541.8850	-0.8375	-547.2752	-0.8376	-522.6338	-0.8379	-489.3647	-0.8391	-441.3880	-0.8376	-370.7066	-0.8406	-316.0692
-0.8385	-537.9734	-0.8385	-543.7108	-0.8386	-520.1165	-0.8389	-487.6762	-0.8401	-441.0236	-0.8386	-370.1004	-0.8416	-315.6221
-0.8395	-537.3015	-0.8395	-542.5655	-0.8396	-519.2872	-0.8398	-487.3492	-0.8411	-439.7107	-0.8396	-370.0437	-0.8425	-315.5939
-0.8405	-532.9549	-0.8405	-538.9838	-0.8406	-516.4118	-0.8409	-485.2220	-0.8421	-438.7129	-0.8406	-369.5768	-0.8436	-315.3745
-0.8415	-529.3881	-0.8415	-535.6278	-0.8416	-513.8026	-0.8419	-483.4056	-0.8431	-438.4739	-0.8416	-369.0274	-0.8445	-315.2296
-0.8425	-528.0602	-0.8425	-533.9939	-0.8426	-512.7046	-0.8429	-482.7767	-0.8441	-437.4680	-0.8426	-368.8740	-0.8455	-315.0909
-0.8435	-524.7980	-0.8435	-530.8620	-0.8436	-510.0636	-0.8439	-481.0582	-0.8451	-436.6152	-0.8436	-368.4141	-0.8466	-314.7518
-0.8445	-524.1615	-0.8445	-529.6323	-0.8446	-509.2739	-0.8449	-479.9179	-0.8461	-435.8478	-0.8446	-368.4152	-0.8476	-314.4149
-0.8455	-520.1407	-0.8455	-526.4874	-0.8456	-506.6656	-0.8459	-478.5526	-0.8471	-434.4855	-0.8456	-367.7953	-0.8485	-313.9920
-0.8465	-516.9436	-0.8465	-523.4033	-0.8466	-504.0759	-0.8469	-476.6308	-0.8481	-433.2687	-0.8466	-367.4323	-0.8496	-313.9529
-0.8475	-512.5688	-0.8475	-519.5370	-0.8476	-501.2325	-0.8479	-474.5707	-0.8491	-432.5768	-0.8476	-366.7615	-0.8506	-313.5803
-0.8485	-509.5025	-0.8485	-516.4115	-0.8486	-499.0663	-0.8489	-473.2909	-0.8501	-431.3694	-0.8486	-366.2108	-0.8516	-313.0749
-0.8495	-509.0222	-0.8496	-515.5207	-0.8496	-497.5567	-0.8499	-471.8151	-0.8511	-429.9016	-0.8496	-366.1000	-0.8526	-313.1672
-0.8505	-503.7481	-0.8505	-510.8552	-0.8506	-494.3218	-0.8509	-469.4730	-0.8521	-429.1855	-0.8506	-365.1773	-0.8535	-312.6143
-0.8515	-500.8764	-0.8515	-507.8480	-0.8516	-491.8501	-0.8519	-467.9415	-0.8531	-428.1030	-0.8516	-364.6614	-0.8545	-312.2689
-0.8525	-500.5768	-0.8525	-507.2281	-0.8526	-491.1654	-0.8529	-466.7563	-0.8541	-426.7831	-0.8526	-364.4934	-0.8555	-312.1406
-0.8536	-496.2646	-0.8535	-503.2407	-0.8536	-487.7503	-0.8539	-464.8062	-0.8550	-425.6835	-0.8536	-363.7734	-0.8566	-311.6764
-0.8545	-493.0693	-0.8545	-500.0715	-0.8546	-485.2953	-0.8549	-462.9442	-0.8561	-425.1358	-0.8546	-363.1354	-0.8576	-311.5357
-0.8555	-492.3652	-0.8555	-499.0503	-0.8556	-484.2198	-0.8559	-462.2509	-0.8571	-424.0942	-0.8556	-362.8575	-0.8586	-311.1021
-0.8565	-488.4362	-0.8565	-495.5637	-0.8566	-481.4914	-0.8569	-460.4050	-0.8581	-422.7007	-0.8566	-362.1833	-0.8596	-310.9320
-0.8575	-487.7477	-0.8576	-494.1007	-0.8576	-479.7227	-0.8579	-458.6000	-0.8591	-422.0957	-0.8576	-361.8791	-0.8606	-310.4623
-0.8586	-485.3734	-0.8585	-491.6665	-0.8586	-477.7917	-0.8589	-457.2505	-0.8601	-420.4311	-0.8586	-361.2781	-0.8616	-310.1121
-0.8595	-481.8159	-0.8595	-488.4280	-0.8596	-475.0435	-0.8599	-455.0925	-0.8611	-418.9859	-0.8596	-360.6739	-0.8626	-309.8849
-0.8605	-478.1105	-0.8605	-484.8585	-0.8606	-472.0460	-0.8609	-453.0372	-0.8621	-418.3016	-0.8606	-359.9158	-0.8636	-309.2438
-0.8615	-476.7047	-0.8615	-483.0584	-0.8617	-470.4911	-0.8618	-451.8334	-0.8631	-416.8184	-0.8616	-359.3170	-0.8645	-308.8162
-0.8625	-474.5446	-0.8626	-480.6484	-0.8626	-468.2929	-0.8629	-449.7618	-0.8641	-415.2660	-0.8626	-358.9151	-0.8656	-308.7611
-0.8635	-470.2290	-0.8636	-476.8090	-0.8636	-465.2537	-0.8638	-447.5378	-0.8651	-414.5512	-0.8636	-358.0191	-0.8665	-308.1355
-0.8645	-468.4694	-0.8645	-474.1998	-0.8646	-463.3135	-0.8648	-446.1908	-0.8661	-413.1609	-0.8646	-357.2942	-0.8676	-307.6890
-0.8656	-468.1627	-0.8655	-473.5649	-0.8656	-461.7186	-0.8659	-444.5459	-0.8671	-411.6435	-0.8656	-357.0941	-0.8686	-307.4734
-0.8665	-464.0545	-0.8665	-469.8343	-0.8666	-458.8149	-0.8669	-442.3635	-0.8681	-410.7060	-0.8666	-356.1485	-0.8696	-307.0920
-0.8675	-461.4896	-0.8675	-467.3432	-0.8676	-456.4781	-0.8679	-440.7078	-0.8691	-409.5369	-0.8676	-355.3971	-0.8706	-306.7447
-0.8685	-461.6608	-0.8685	-466.6973	-0.8686	-455.4503	-0.8689	-439.4167	-0.8701	-408.5749	-0.8686	-355.0914	-0.8716	-306.3904
-0.8696	-458.7761	-0.8695	-463.8035	-0.8696	-453.1375	-0.8699	-437.9444	-0.8711	-407.1197	-0.8696	-354.4387	-0.8726	-305.9935
-0.8705	-456.5646	-0.8705	-461.2844	-0.8706	-450.7966	-0.8709	-435.9809	-0.8721	-406.1572	-0.8706	-354.0033	-0.8736	-305.4326
-0.8715	-455.5872	-0.8715	-459.9249	-0.8716	-449.2950	-0.8719	-434.8180	-0.8731	-404.4475	-0.8716	-353.3085	-0.8745	-305.0008
-0.8726	-452.0058	-0.8726	-456.5585	-0.8727	-446.3203	-0.8729	-432.1599	-0.8741	-403.0833	-0.8726	-352.4504	-0.8756	-304.6587
-0.8735	-449.1210	-0.8735	-453.5908	-0.8736	-443.8591	-0.8739	-430.3272	-0.8751	-402.4086	-0.8736	-351.5451	-0.8766	-303.9989
-0.8746	-448.6069	-0.8745	-452.3622	-0.8746	-442.4143	-0.8749	-429.1924	-0.8761	-400.4945	-0.8746	-351.0302	-0.8776	-303.6650
-0.8755	-445.7279	-0.8755	-449.7276	-0.8756	-439.8462	-0.8759	-426.8031	-0.8771	-399.1335	-0.8756	-350.3205	-0.8785	-303.2449
-0.8765	-442.3102	-0.8765	-446.1763	-0.8766	-437.0496	-0.8769	-424.7078	-0.8781	-398.3926	-0.8766	-349.3009	-0.8796	-302.7112
-0.8775	-441.8496	-0.8775	-445.1325	-0.8776	-435.6354	-0.8778	-423.6001	-0.8790	-396.8366	-0.8775	-348.7423	-0.8806	-302.2537
-0.8785	-439.9631	-0.8785	-443.2891	-0.8786	-433.4948	-0.8789	-421.7095	-0.8800	-395.3318	-0.8786	-348.1018	-0.8816	-301.9781
-0.8795	-437.2110	-0.8795	-440.2607	-0.8796	-430.8502	-0.8798	-419.5988	-0.8810	-394.4259	-0.8796	-347.2626	-0.8825	-301.5421
-0.8805	-434.9202	-0.8805	-437.7688	-0.8806	-428.8782	-0.8808	-418.2149	-0.8821	-392.9895	-0.8806	-346.3968	-0.8836	-301.0544
-0.8815	-435.4116	-0.8815	-437.3544	-0.8816	-427.4094	-0.8819	-416.4910	-0.8830	-392.0420	-0.8816	-346.0143	-0.8846	-300.7020
-0.8825	-433.4813	-0.8825	-435.1809	-0.8826	-425.7013	-0.8829	-415.1842	-0.8841	-390.8290	-0.8826	-345.2788	-0.8855	-300.1525
-0.8835	-430.7946	-0.8835	-432.7541	-0.8836	-423.1751	-0.8839	-413.1899	-0.8850	-389.4125	-0.8836	-344.4482	-0.8865	-299.4770
-0.8845	-430.9243	-0.8845	-431.7410	-0.8847	-422.1503	-0.8849	-411.7251	-0.8861	-387.7754	-0.8846	-343.9498	-0.8876	-299.2113
-0.8855	-426.9499	-0.8855	-428.3995	-0.8856	-418.9670	-0.8859	-409.4070	-0.8871	-386.5225	-0.8856	-342.9300	-0.8886	-298.6161
-0.8865	-424.8829	-0.8865	-425.7910	-0.8866	-416.7768	-0.8869	-407.5441	-0.8881	-385.4528	-0.8865	-342.0130	-0.8896	-298.0418
-0.8875	-424.9228	-0.8875	-425.1789	-0.8876	-415.6621	-0.8879	-406.6277	-0.8891	-383.7049	-0.8876	-341.4971	-0.8906	-297.6481
-0.8885	-422.1633	-0.8885	-422.4189	-0.8887	-412.9871	-0.8889	-404.1177	-0.8901	-382.2976	-0.8886	-340.6819	-0.8916	-297.0940
-0.8895	-419.5824	-0.8895	-419.4340	-0.8896	-410.4018	-0.8899	-402.1808	-0.8910	-381.5863	-0.8896	-339.6388	-0.8926	-296.6518
-0.8905	-419.3571	-0.8905	-418.7992	-0.8906	-409.3050	-0.8908	-401.1343	-0.8920	-379.9236	-0.8906	-339.0694	-0.8936	-296.0587
-0.8915	-417.4472	-0.8916	-416.6339	-0.8916	-407.1013	-0.8918	-399.1097	-0.8930	-378.3635	-0.8916	-338.2490	-0.8945	-295.6933
-0.8925	-414.9435	-0.8925	-413.8881	-0.8926	-404.7011	-0.8929	-397.0462	-0.8941	-377.5418	-0.8926	-337.3477	-0.8956	-295.3256
-0.8935	-414.5314	-0.8935	-413.0376	-0.8936	-403.2597	-0.8939	-395.9610	-0.8951	-376.0743	-0.8936	-336.6487	-0.8966	-294.7098
-0.8945	-413.2481	-0.8945	-411.3335	-0.8946	-401.3319	-0.8949	-394.0594	-0.8960	-375.0979	-0.8946	-335.9646	-0.8976	-294.4346
-0.8955	-413.1350	-0.8955	-410.3248	-0.8956	-400.1431	-0.8959	-393.1170	-0.8971	-373.8694	-0.8956	-335.2865	-0.8986	-293.6358
-0.8965	-410.4377	-0.8965	-407.6680	-0.8966	-397.8740	-0.8969	-391.1643	-0.8981	-372.3616	-0.8966	-334.3679	-0.8996	-293.1078
-0.8975	-410.4565	-0.8975	-406.9346	-0.8976	-396.1905	-0.8979	-389.4963	-0.8991	-370.7367	-0.8976	-333.8252	-0.9005	-292.8441
-0.8985	-407.3137	-0.8985	-403.7611	-0.8986	-393.7315	-0.8989	-387.3812	-0.9001	-369.6701	-0.8986	-332.7002	-0.9016	-292.1136
-0.8995	-405.4959	-0.8995	-401.7865	-0.8996	-391.5739	-0.8998	-385.6182	-0.9011	-368.4198	-0.8996	-331.8925	-0.9026	-291.4992
-0.9006	-405.9516	-0.9005	-401.3862	-0.9007	-390.7306	-0.9009	-384.3572	-0.9021	-366.6962	-0.9006	-331.2864	-0.9036	-291.0721
-0.9015	-403.0430	-0.9015	-398.4328	-0.9016	-387.9015	-0.9019	-382.0891	-0.9030	-365.4039	-0.9016	-330.2791	-0.9045	-290.5360
-0.9025	-401.1974	-0.9025	-396.3472	-0.9026	-385.7616	-0.9028	-380.3569	-0.9041	-364.4928	-0.9026	-329.3403	-0.9055	-289.8298
-0.9035	-401.7914	-0.9036	-396.0412	-0.9036	-384.9217	-0.9039	-379.5257	-0.9051	-362.8659	-0.9036	-328.7879	-0.9066	-289.4018
-0.9046	-399.5936	-0.9045	-393.7111	-0.9046	-382.6435	-0.9049	-377.2304	-0.9060	-361.5030	-0.9046	-327.8834	-0.9076	-288.9647
-0.9055	-397.6400	-0.9055	-391.4701	-0.9056	-380.3690	-0.9059	-375.4084	-0.9071	-360.6698	-0.9056	-326.8927	-0.9086	-288.3997
-0.9066	-397.7406	-0.9065	-390.9883	-0.9066	-379.4360	-0.9069	-374.4547	-0.9081	-359.3349	-0.9066	-326.2969	-0.9096	-287.9265
-0.9075	-396.1896	-0.9076	-389.0818	-0.9076	-377.3874	-0.9079	-372.6774	-0.9091	-357.9972	-0.9076	-325.4277	-0.9105	-287.4703
-0.9085	-396.0227	-0.9085	-388.4729	-0.9086	-376.3435	-0.9089	-371.2793	-0.9101	-356.9853	-0.9086	-324.8380	-0.9116	-286.7171
-0.9095	-394.3688	-0.9096	-386.7042	-0.9097	-374.3749	-0.9099	-369.9195	-0.9111	-355.4305	-0.9096	-323.9519	-0.9126	-286.1806
-0.9106	-393.1591	-0.9105	-384.8523	-0.9106	-372.4842	-0.9109	-368.0439	-0.9121	-354.0962	-0.9106	-323.1230	-0.9136	-285.7893
-0.9115	-390.8779	-0.9115	-382.7356	-0.9116	-370.2705	-0.9119	-366.1594	-0.9131	-353.0905	-0.9116	-322.1775	-0.9146	-285.0973
-0.9125	-389.5856	-0.9126	-381.0491	-0.9126	-368.7301	-0.9129	-364.9099	-0.9141	-351.5872	-0.9126	-321.2929	-0.9156	-284.4120
-0.9136	-390.3369	-0.9135	-380.8850	-0.9136	-367.4947	-0.9139	-363.4096	-0.9151	-350.0021	-0.9136	-320.7137	-0.9165	-284.0250
-0.9145	-387.3939	-0.9145	-377.9661	-0.9146	-365.1163	-0.9149	-361.1976	-0.9161	-349.0565	-0.9146	-319.6341	-0.9175	-283.4106
-0.9155	-386.3900	-0.9155	-376.3682	-0.9156	-363.2663	-0.9159	-359.8987	-0.9171	-347.8125	-0.9156	-318.6695	-0.9185	-282.7621
-0.9165	-387.4822	-0.9165	-376.2407	-0.9166	-362.7185	-0.9169	-358.7896	-0.9181	-346.3155	-0.9166	-318.2133	-0.9195	-282.4131
-0.9175	-385.1553	-0.9175	-374.0766	-0.9176	-360.1490	-0.9178	-356.7626	-0.9191	-345.0487	-0.9175	-317.1573	-0.9205	-281.7878
-0.9185	-383.8653	-0.9185	-372.2353	-0.9186	-358.5354	-0.9188	-355.1246	-0.9200	-344.1376	-0.9185	-316.3133	-0.9215	-281.4554
-0.9195	-384.4318	-0.9195	-372.2652	-0.9196	-357.7965	-0.9199	-354.3420	-0.9211	-343.1940	-0.9196	-315.6856	-0.9225	-280.9464
-0.9205	-382.6282	-0.9205	-370.1729	-0.9206	-355.9268	-0.9209	-352.8499	-0.9220	-341.7594	-0.9205	-314.7786	-0.9236	-280.3365
-0.9215	-383.7309	-0.9215	-370.3672	-0.9216	-354.9065	-0.9219	-351.4096	-0.9231	-340.9180	-0.9216	-314.3058	-0.9246	-279.5479
-0.9226	-382.3051	-0.9225	-368.8130	-0.9226	-353.4508	-0.9229	-350.2537	-0.9241	-339.2460	-0.9226	-313.3657	-0.9256	-279.1006
-0.9235	-380.7047	-0.9236	-366.9136	-0.9236	-351.5852	-0.9238	-348.2871	-0.9250	-337.8103	-0.9236	-312.5260	-0.9266	-278.5195
-0.9245	-378.8661	-0.9245	-364.9184	-0.9246	-349.4230	-0.9249	-346.4901	-0.9261	-337.0041	-0.9246	-311.4679	-0.9275	-278.0010
-0.9255	-379.2802	-0.9256	-364.3955	-0.9256	-348.5019	-0.9259	-345.4963	-0.9271	-335.5180	-0.9256	-310.7592	-0.9286	-277.2592
-0.9265	-378.3446	-0.9265	-363.1312	-0.9267	-346.8766	-0.9269	-343.9004	-0.9281	-333.9957	-0.9266	-310.0246	-0.9296	-276.9396
-0.9275	-376.6412	-0.9275	-361.0593	-0.9276	-344.5230	-0.9279	-342.0240	-0.9291	-333.2056	-0.9276	-308.9800	-0.9306	-276.2733
-0.9286	-375.8926	-0.9285	-359.9507	-0.9286	-343.1764	-0.9289	-340.9318	-0.9301	-331.8038	-0.9286	-308.1508	-0.9315	-275.5863
-0.9296	-377.1043	-0.9295	-360.1010	-0.9296	-342.2130	-0.9299	-339.5736	-0.9311	-330.5231	-0.9296	-307.6302	-0.9326	-275.2381
-0.9306	-375.0409	-0.9305	-357.9719	-0.9306	-340.1824	-0.9308	-337.7676	-0.9321	-329.5143	-0.9306	-306.5644	-0.9336	-274.6587
-0.9315	-374.0818	-0.9315	-356.6420	-0.9317	-338.7678	-0.9319	-336.4498	-0.9331	-328.3746	-0.9316	-305.6698	-0.9346	-274.1414
-0.9325	-375.5416	-0.9325	-356.7924	-0.9326	-338.3593	-0.9329	-335.5309	-0.9341	-327.3542	-0.9326	-305.1974	-0.9356	-273.7085
-0.9335	-374.5852	-0.9335	-355.4952	-0.9336	-336.6573	-0.9339	-334.1882	-0.9351	-326.0889	-0.9336	-304.3097	-0.9366	-272.9693
-0.9345	-374.3473	-0.9346	-354.2996	-0.9346	-335.0785	-0.9349	-332.5703	-0.9361	-325.1289	-0.9346	-303.5649	-0.9376	-272.3590
-0.9355	-374.7135	-0.9355	-353.3196	-0.9356	-334.1998	-0.9359	-331.8154	-0.9371	-323.5945	-0.9356	-302.8550	-0.9386	-271.7837
-0.9366	-372.7836	-0.9366	-351.6504	-0.9366	-332.3086	-0.9369	-329.8782	-0.9381	-322.3276	-0.9366	-301.9460	-0.9395	-271.3664
-0.9376	-371.8038	-0.9375	-350.3898	-0.9376	-330.6240	-0.9379	-328.3136	-0.9391	-321.6932	-0.9376	-300.9860	-0.9405	-270.9099
-0.9385	-372.4693	-0.9385	-350.2358	-0.9386	-330.0088	-0.9389	-327.4605	-0.9400	-320.1922	-0.9386	-300.3967	-0.9416	-270.2251
-0.9395	-371.3222	-0.9395	-349.6947	-0.9396	-328.2553	-0.9399	-325.8534	-0.9411	-318.9521	-0.9396	-299.5001	-0.9425	-269.8786
-0.9405	-369.9281	-0.9405	-347.7616	-0.9406	-326.5392	-0.9408	-324.3543	-0.9421	-318.2621	-0.9406	-298.6295	-0.9436	-269.1520
-0.9415	-370.6126	-0.9415	-347.5178	-0.9416	-325.8111	-0.9418	-323.4925	-0.9430	-316.8323	-0.9416	-297.9234	-0.9446	-268.5641
-0.9425	-370.5256	-0.9425	-346.9565	-0.9426	-324.4875	-0.9428	-321.9593	-0.9440	-315.4847	-0.9426	-297.2490	-0.9455	-268.1365
-0.9435	-370.1994	-0.9435	-345.0894	-0.9436	-322.7979	-0.9439	-320.5217	-0.9451	-314.7234	-0.9436	-296.3006	-0.9466	-267.6100
-0.9445	-369.8064	-0.9445	-344.6921	-0.9446	-321.6538	-0.9449	-319.4355	-0.9460	-313.5318	-0.9445	-295.4185	-0.9476	-267.0826
-0.9456	-370.6782	-0.9455	-344.8018	-0.9456	-320.8471	-0.9459	-319.1772	-0.9471	-312.8063	-0.9456	-294.9141	-0.9486	-266.5715
-0.9465	-370.4959	-0.9466	-344.1995	-0.9467	-320.4769	-0.9469	-319.2688	-0.9481	-311.5907	-0.9466	-294.1601	-0.9496	-265.9051
-0.9475	-369.5341	-0.9475	-342.8484	-0.9476	-319.0194	-0.9479	-317.1330	-0.9491	-310.3645	-0.9476	-293.3152	-0.9505	-265.2702
-0.9485	-370.2914	-0.9485	-342.5010	-0.9486	-318.3964	-0.9489	-315.7830	-0.9501	-309.2137	-0.9486	-292.7391	-0.9516	-264.8590
-0.9495	-368.6291	-0.9496	-340.5876	-0.9496	-316.3593	-0.9499	-313.9948	-0.9511	-308.0893	-0.9496	-291.7310	-0.9526	-264.2957
-0.9506	-368.3093	-0.9505	-339.4117	-0.9506	-314.8396	-0.9509	-312.4579	-0.9521	-307.2453	-0.9506	-290.8490	-0.9536	-263.5244
-0.9516	-370.2062	-0.9515	-339.6688	-0.9516	-314.3170	-0.9519	-311.7430	-0.9531	-305.8184	-0.9516	-290.3293	-0.9546	-263.1115
-0.9525	-368.9033	-0.9525	-338.3321	-0.9526	-312.5245	-0.9529	-309.7679	-0.9541	-304.7170	-0.9526	-289.4430	-0.9555	-262.6011
-0.9535	-367.8827	-0.9535	-337.0063	-0.9536	-310.8857	-0.9539	-308.3945	-0.9551	-304.1034	-0.9536	-288.4937	-0.9566	-261.8881
-0.9545	-368.7780	-0.9545	-337.1231	-0.9546	-310.5169	-0.9549	-307.7134	-0.9560	-302.7864	-0.9546	-287.8705	-0.9576	-261.4064
-0.9555	-368.2086	-0.9555	-336.0533	-0.9556	-309.0883	-0.9558	-306.1260	-0.9570	-301.6665	-0.9556	-287.1260	-0.9585	-260.9483
-0.9565	-367.1723	-0.9565	-334.9421	-0.9566	-307.7032	-0.9569	-304.7477	-0.9580	-301.0596	-0.9566	-286.1812	-0.9596	-260.5070
-0.9575	-368.2385	-0.9575	-335.1701	-0.9576	-307.1034	-0.9579	-303.9657	-0.9591	-299.8455	-0.9576	-285.6142	-0.9606	-259.8889
-0.9585	-368.3034	-0.9585	-334.4534	-0.9586	-305.8953	-0.9589	-302.5727	-0.9601	-298.9192	-0.9586	-284.9321	-0.9615	-259.4049
-0.9595	-368.8666	-0.9595	-334.1789	-0.9596	-305.2650	-0.9598	-301.8272	-0.9611	-298.0336	-0.9595	-284.2880	-0.9625	-258.8344
-0.9605	-368.2604	-0.9605	-333.2155	-0.9606	-303.8407	-0.9609	-300.5941	-0.9621	-296.8786	-0.9606	-283.3943	-0.9636	-258.1184
-0.9615	-370.3513	-0.9615	-333.2847	-0.9616	-303.1737	-0.9619	-299.3804	-0.9631	-295.6522	-0.9616	-282.8621	-0.9645	-257.8966
-0.9625	-369.1896	-0.9625	-331.9534	-0.9626	-301.5230	-0.9629	-297.9463	-0.9641	-294.8253	-0.9626	-281.8809	-0.9655	-257.1853
-0.9635	-368.4388	-0.9635	-331.7522	-0.9636	-300.3833	-0.9638	-296.8012	-0.9651	-293.8338	-0.9636	-281.1133	-0.9666	-256.5554
-0.9645	-369.9647	-0.9645	-332.2179	-0.9646	-300.2394	-0.9649	-295.7244	-0.9661	-292.5258	-0.9646	-280.6331	-0.9676	-256.2415
-0.9656	-368.7367	-0.9655	-330.6884	-0.9656	-298.4513	-0.9659	-294.2685	-0.9671	-291.6316	-0.9656	-279.7269	-0.9686	-255.6130
-0.9665	-368.2103	-0.9665	-329.6909	-0.9666	-297.5616	-0.9668	-293.1297	-0.9681	-290.9695	-0.9666	-278.8501	-0.9695	-255.0276
-0.9675	-369.4319	-0.9675	-330.3556	-0.9676	-297.4852	-0.9679	-292.8574	-0.9691	-289.7129	-0.9676	-278.3503	-0.9706	-254.5022
-0.9685	-368.3973	-0.9685	-328.7319	-0.9686	-296.0674	-0.9688	-291.2335	-0.9701	-288.7401	-0.9686	-277.5826	-0.9715	-253.9899
-0.9695	-368.5552	-0.9696	-328.1298	-0.9696	-294.8458	-0.9699	-290.1363	-0.9711	-288.1874	-0.9696	-276.7008	-0.9726	-253.7041
-0.9705	-369.7358	-0.9705	-328.6155	-0.9706	-294.4636	-0.9708	-289.5864	-0.9721	-287.1105	-0.9706	-276.1523	-0.9736	-253.0763
-0.9715	-370.3779	-0.9716	-328.0482	-0.9716	-293.1926	-0.9718	-288.2141	-0.9731	-286.1442	-0.9716	-275.4152	-0.9746	-252.5909
-0.9726	-371.7019	-0.9725	-328.1987	-0.9726	-292.8020	-0.9729	-287.4490	-0.9741	-285.4201	-0.9726	-274.9219	-0.9756	-251.9970
-0.9736	-371.0843	-0.9735	-327.5108	-0.9736	-291.9066	-0.9739	-286.6247	-0.9750	-284.2931	-0.9736	-274.1859	-0.9766	-251.3729
-0.9746	-371.1188	-0.9745	-326.8567	-0.9746	-290.8840	-0.9749	-285.5602	-0.9761	-283.1000	-0.9746	-273.4775	-0.9776	-251.1897
-0.9756	-370.8148	-0.9755	-326.5177	-0.9756	-289.6312	-0.9759	-284.4354	-0.9771	-282.4753	-0.9756	-272.6558	-0.9786	-250.3606
-0.9766	-370.6057	-0.9765	-326.2857	-0.9766	-288.7888	-0.9769	-283.6271	-0.9781	-281.4353	-0.9766	-271.8623	-0.9796	-249.8558
-0.9776	-373.0785	-0.9775	-326.8689	-0.9776	-288.4097	-0.9779	-282.7051	-0.9790	-280.2318	-0.9776	-271.4113	-0.9806	-249.5585
-0.9785	-371.4886	-0.9786	-325.1936	-0.9786	-286.8933	-0.9789	-281.2569	-0.9800	-279.5588	-0.9786	-270.5096	-0.9815	-248.9197
-0.9796	-371.9557	-0.9795	-324.9515	-0.9796	-286.0252	-0.9799	-280.3784	-0.9811	-278.6391	-0.9796	-269.8346	-0.9825	-248.3774
-0.9805	-373.3892	-0.9805	-325.8675	-0.9806	-286.0134	-0.9809	-279.8388	-0.9820	-277.5798	-0.9806	-269.3021	-0.9836	-247.9112
-0.9815	-373.1763	-0.9815	-324.6315	-0.9816	-284.6588	-0.9819	-278.5345	-0.9830	-276.7419	-0.9816	-268.5747	-0.9846	-247.3638
-0.9825	-374.1971	-0.9825	-324.1826	-0.9827	-283.8047	-0.9828	-277.8397	-0.9841	-276.1520	-0.9826	-267.7514	-0.9856	-247.0369
-0.9836	-375.5442	-0.9835	-325.1215	-0.9836	-283.5694	-0.9839	-277.4757	-0.9851	-275.4514	-0.9835	-267.2965	-0.9866	-246.5312
-0.9845	-375.0833	-0.9845	-323.7424	-0.9846	-282.5089	-0.9849	-276.3525	-0.9861	-274.4295	-0.9846	-266.5478	-0.9875	-246.0897
-0.9855	-376.3356	-0.9855	-324.3090	-0.9856	-282.0257	-0.9859	-275.2921	-0.9871	-273.8901	-0.9856	-266.1046	-0.9886	-245.4773
-0.9866	-377.0642	-0.9866	-324.9797	-0.9866	-281.5094	-0.9869	-274.6557	-0.9881	-272.6394	-0.9866	-265.3724	-0.9895	-245.0206
-0.9876	-376.8632	-0.9876	-324.3728	-0.9876	-280.2419	-0.9879	-273.4529	-0.9891	-271.6923	-0.9876	-264.7178	-0.9905	-244.6519
-0.9886	-376.8976	-0.9885	-323.4074	-0.9886	-279.1955	-0.9889	-272.3008	-0.9901	-271.2043	-0.9886	-263.9151	-0.9915	-243.9387
-0.9896	-379.1144	-0.9895	-323.8764	-0.9896	-278.9277	-0.9899	-271.8172	-0.9911	-270.1489	-0.9896	-263.3169	-0.9926	-243.4974
-0.9906	-378.9761	-0.9905	-323.7497	-0.9906	-278.1428	-0.9909	-270.7072	-0.9921	-269.1110	-0.9906	-262.7829	-0.9935	-243.1094
-0.9915	-378.4808	-0.9915	-322.8090	-0.9916	-277.1317	-0.9919	-269.5326	-0.9931	-268.5519	-0.9916	-261.9191	-0.9946	-242.5435
-0.9925	-379.4399	-0.9925	-322.2152	-0.9926	-276.6282	-0.9928	-268.9629	-0.9941	-267.6321	-0.9926	-261.2548	-0.9955	-242.0032
-0.9935	-381.1385	-0.9936	-323.3062	-0.9936	-276.3087	-0.9939	-268.1844	-0.9950	-266.6298	-0.9936	-260.8686	-0.9965	-241.6515
-0.9946	-381.1350	-0.9945	-322.6532	-0.9946	-275.2488	-0.9948	-267.0586	-0.9960	-266.0770	-0.9945	-260.0628	-0.9975	-241.2377
-0.9955	-380.8521	-0.9955	-322.4293	-0.9956	-274.6208	-0.9958	-266.3428	-0.9970	-265.2982	-0.9956	-259.3457	-0.9985	-240.7639
-0.9965	-383.1768	-0.9965	-323.4714	-0.9966	-275.2879	-0.9969	-265.9064	-0.9980	-264.7457	-0.9966	-259.0442	-0.9996	-240.3494
-0.9975	-382.9592	-0.9975	-323.8943	-0.9976	-274.5100	-0.9979	-265.2578	-0.9990	-263.7917	-0.9976	-258.3312	-1.0006	-239.8445
-0.9985	-382.9274	-0.9986	-323.6988	-0.9986	-274.9443	-0.9988	-264.1978	-1.0001	-263.1285	-0.9986	-257.7574	-1.0015	-239.2917
-0.9995	-384.0702	-0.9995	-324.3006	-0.9996	-274.3559	-0.9999	-263.8579	-1.0010	-262.0717	-0.9996	-257.2972	-1.0025	-238.9338
-1.0005	-383.4606	-1.0005	-323.1989	-1.0006	-272.7700	-1.0009	-262.5238	-1.0020	-261.1721	-1.0006	-256.5290	-1.0036	-238.4025
-1.0015	-385.1737	-1.0015	-323.0359	-1.0016	-271.5990	-1.0018	-261.6750	-1.0031	-260.7860	-1.0015	-255.8214	-1.0045	-237.8298
-1.0025	-386.4748	-1.0025	-323.3652	-1.0026	-271.4925	-1.0028	-261.2518	-1.0041	-259.6658	-1.0026	-255.3378	-1.0056	-237.3856
-1.0035	-387.5195	-1.0036	-322.9499	-1.0036	-270.6803	-1.0039	-260.3059	-1.0050	-258.7354	-1.0036	-254.7272	-1.0066	-236.9800
-1.0046	-386.0635	-1.0045	-322.0230	-1.0046	-269.4878	-1.0049	-259.2430	-1.0060	-258.3773	-1.0045	-253.9264	-1.0075	-236.4775
-1.0055	-388.5237	-1.0055	-322.9804	-1.0056	-269.4365	-1.0059	-258.9023	-1.0071	-257.3686	-1.0056	-253.4143	-1.0086	-235.9790
-1.0065	-389.7020	-1.0066	-323.2426	-1.0066	-269.0440	-1.0068	-258.0580	-1.0081	-256.4630	-1.0066	-252.9067	-1.0096	-235.6562
-1.0075	-389.8862	-1.0075	-322.4031	-1.0076	-268.3284	-1.0078	-257.0413	-1.0091	-255.9833	-1.0076	-252.1932	-1.0106	-235.2487
-1.0085	-390.4275	-1.0085	-322.3628	-1.0086	-267.8682	-1.0089	-256.6760	-1.0101	-255.1801	-1.0086	-251.5552	-1.0116	-234.7676
-1.0096	-392.7058	-1.0096	-323.9393	-1.0096	-267.6437	-1.0098	-255.9505	-1.0111	-254.7460	-1.0096	-251.2791	-1.0126	-234.4906
-1.0105	-393.1326	-1.0105	-324.2034	-1.0106	-267.2913	-1.0109	-255.6922	-1.0121	-253.9081	-1.0106	-250.6959	-1.0135	-233.8659
-1.0116	-394.3690	-1.0115	-323.7315	-1.0116	-266.4338	-1.0119	-254.8388	-1.0131	-253.2088	-1.0116	-250.1825	-1.0146	-233.3188
-1.0125	-395.7819	-1.0126	-324.1563	-1.0126	-266.3112	-1.0129	-254.2656	-1.0140	-252.5304	-1.0126	-249.7227	-1.0156	-233.0681
-1.0136	-396.1224	-1.0136	-323.2644	-1.0136	-265.1911	-1.0139	-253.2754	-1.0151	-251.7938	-1.0136	-248.9698	-1.0165	-232.5445
-1.0146	-396.0167	-1.0145	-323.2862	-1.0146	-265.4348	-1.0149	-252.5326	-1.0161	-251.3171	-1.0146	-248.2778	-1.0175	-232.1226
-1.0156	-397.9312	-1.0155	-324.4692	-1.0156	-265.3705	-1.0159	-252.3545	-1.0171	-250.3248	-1.0156	-247.8653	-1.0185	-231.6883
-1.0165	-399.2370	-1.0165	-326.6756	-1.0166	-264.6217	-1.0169	-251.1699	-1.0181	-249.5563	-1.0166	-247.2818	-1.0195	-231.3849
-1.0175	-399.6197	-1.0175	-326.1788	-1.0176	-264.0268	-1.0179	-250.3885	-1.0191	-249.3099	-1.0176	-246.6406	-1.0206	-230.8171
-1.0185	-400.6206	-1.0186	-326.1424	-1.0186	-264.1540	-1.0189	-250.2361	-1.0200	-248.3382	-1.0185	-246.3919	-1.0216	-230.3764
-1.0195	-400.4927	-1.0196	-325.5811	-1.0196	-263.3728	-1.0199	-249.3254	-1.0211	-247.5795	-1.0196	-245.8218	-1.0226	-230.0417
-1.0205	-403.3514	-1.0205	-325.1937	-1.0206	-262.5038	-1.0208	-248.5467	-1.0220	-247.2410	-1.0206	-245.1427	-1.0236	-229.5366
-1.0215	-403.6571	-1.0215	-326.5667	-1.0216	-262.4297	-1.0218	-248.3606	-1.0231	-246.4223	-1.0215	-244.6620	-1.0245	-229.0459
-1.0225	-404.3576	-1.0226	-327.6705	-1.0227	-261.9869	-1.0228	-247.6127	-1.0241	-245.7046	-1.0226	-244.1591	-1.0256	-228.8369
-1.0236	-406.5890	-1.0235	-326.8989	-1.0236	-261.4645	-1.0239	-246.9638	-1.0251	-245.2254	-1.0236	-243.5256	-1.0265	-228.3145
-1.0245	-410.4309	-1.0246	-326.8185	-1.0246	-261.1335	-1.0249	-246.7363	-1.0261	-244.5703	-1.0246	-242.9532	-1.0275	-227.8902
-1.0256	-410.0337	-1.0255	-328.3547	-1.0256	-261.0808	-1.0259	-246.4021	-1.0271	-243.7240	-1.0256	-242.6048	-1.0285	-227.5903
-1.0266	-409.7212	-1.0265	-327.3471	-1.0266	-260.3820	-1.0268	-245.6072	-1.0280	-243.2116	-1.0266	-241.8947	-1.0296	-227.0971
-1.0275	-410.9480	-1.0275	-328.0797	-1.0276	-260.1366	-1.0279	-245.0726	-1.0291	-242.6288	-1.0276	-241.2734	-1.0305	-226.6292
-1.0285	-412.5157	-1.0285	-328.5042	-1.0287	-261.1079	-1.0288	-244.8064	-1.0300	-241.7338	-1.0285	-240.9863	-1.0315	-226.3380
-1.0295	-413.0887	-1.0295	-328.2653	-1.0296	-260.2649	-1.0299	-243.8352	-1.0311	-241.1390	-1.0296	-240.3240	-1.0326	-225.8458
-1.0305	-414.2726	-1.0305	-328.5492	-1.0306	-259.5717	-1.0308	-243.1699	-1.0321	-240.8163	-1.0306	-239.6242	-1.0335	-225.4347
-1.0315	-415.7501	-1.0315	-330.7518	-1.0316	-259.5739	-1.0319	-243.0683	-1.0330	-239.9573	-1.0316	-239.3605	-1.0345	-225.0739
-1.0325	-415.9162	-1.0325	-329.7399	-1.0326	-258.9790	-1.0328	-242.1633	-1.0341	-239.3513	-1.0325	-238.7790	-1.0355	-224.7012
-1.0335	-417.0315	-1.0335	-330.2979	-1.0336	-258.4327	-1.0338	-241.5769	-1.0350	-239.0356	-1.0335	-238.1966	-1.0365	-224.4562
-1.0345	-419.3195	-1.0345	-331.0730	-1.0346	-258.8523	-1.0349	-241.3676	-1.0360	-238.4484	-1.0345	-237.7987	-1.0375	-224.0634
-1.0355	-419.8561	-1.0355	-330.4786	-1.0356	-258.7354	-1.0358	-240.6946	-1.0370	-237.8470	-1.0355	-237.3059	-1.0386	-223.6951
-1.0365	-421.9728	-1.0365	-331.4719	-1.0366	-258.9191	-1.0368	-240.4129	-1.0380	-237.4358	-1.0366	-236.9009	-1.0395	-223.2219
-1.0376	-424.0763	-1.0375	-332.1287	-1.0376	-258.3785	-1.0379	-240.1312	-1.0390	-236.6319	-1.0375	-236.3739	-1.0405	-222.7448
-1.0385	-424.8415	-1.0385	-332.2108	-1.0386	-257.8613	-1.0388	-239.5111	-1.0400	-235.8664	-1.0385	-235.9591	-1.0415	-222.5213
-1.0395	-425.4231	-1.0395	-331.9569	-1.0396	-257.3604	-1.0398	-238.9138	-1.0410	-235.5482	-1.0395	-235.2906	-1.0426	-222.0757
-1.0405	-425.9520	-1.0405	-332.9701	-1.0406	-257.2615	-1.0408	-239.1746	-1.0421	-234.8536	-1.0406	-234.7590	-1.0435	-221.6215
-1.0415	-429.3446	-1.0415	-334.1858	-1.0416	-257.2814	-1.0418	-238.4117	-1.0430	-234.0145	-1.0415	-234.4772	-1.0445	-221.3255
-1.0425	-429.4334	-1.0425	-333.4156	-1.0426	-256.5535	-1.0428	-237.5225	-1.0440	-233.7459	-1.0426	-233.7548	-1.0455	-220.9102
-1.0435	-429.7441	-1.0435	-334.0892	-1.0436	-256.2639	-1.0438	-237.1006	-1.0451	-233.3078	-1.0435	-233.2432	-1.0465	-220.5028
-1.0445	-432.1202	-1.0445	-337.4662	-1.0446	-256.6416	-1.0449	-237.0003	-1.0460	-232.7929	-1.0445	-232.9751	-1.0475	-220.2510
-1.0455	-433.7745	-1.0455	-336.5020	-1.0456	-255.9414	-1.0459	-235.9701	-1.0470	-232.3052	-1.0455	-232.4099	-1.0485	-219.7945
-1.0465	-433.5638	-1.0465	-336.7029	-1.0466	-255.6959	-1.0468	-235.5287	-1.0481	-231.9751	-1.0465	-231.8579	-1.0495	-219.5560
-1.0475	-436.4751	-1.0475	-337.5756	-1.0476	-256.3215	-1.0478	-235.5972	-1.0490	-231.6004	-1.0476	-231.5194	-1.0505	-219.1784
-1.0485	-437.4129	-1.0485	-337.8762	-1.0486	-256.0739	-1.0489	-235.1040	-1.0501	-230.8664	-1.0485	-231.0317	-1.0516	-218.8150
-1.0495	-439.1268	-1.0495	-338.2046	-1.0496	-256.7323	-1.0498	-234.8025	-1.0511	-230.6463	-1.0496	-230.7883	-1.0525	-218.3863
-1.0506	-441.4898	-1.0505	-338.5380	-1.0506	-256.8301	-1.0509	-234.5242	-1.0520	-229.8545	-1.0506	-230.2821	-1.0535	-217.9528
-1.0515	-441.6659	-1.0515	-339.0775	-1.0516	-255.7824	-1.0519	-233.8572	-1.0531	-229.3202	-1.0516	-229.7575	-1.0545	-217.7993
-1.0525	-442.4539	-1.0525	-339.8057	-1.0526	-254.8808	-1.0528	-233.3445	-1.0541	-229.0665	-1.0526	-229.1525	-1.0556	-217.2569
-1.0535	-445.6268	-1.0535	-341.2024	-1.0536	-255.0488	-1.0538	-233.3065	-1.0551	-228.3979	-1.0536	-228.7806	-1.0565	-216.9219
-1.0545	-447.0664	-1.0545	-341.7353	-1.0546	-254.9677	-1.0549	-232.7782	-1.0561	-227.6940	-1.0546	-228.3789	-1.0575	-216.7271
-1.0556	-447.3544	-1.0555	-340.9737	-1.0556	-254.5405	-1.0558	-232.1178	-1.0570	-227.5039	-1.0555	-227.7822	-1.0585	-216.2402
-1.0565	-448.3010	-1.0565	-342.1185	-1.0566	-254.8204	-1.0568	-232.1536	-1.0581	-226.9533	-1.0565	-227.2630	-1.0595	-215.8764
-1.0575	-449.1903	-1.0575	-342.8496	-1.0576	-254.8268	-1.0579	-232.1306	-1.0590	-226.2413	-1.0576	-227.0907	-1.0605	-215.7136
-1.0585	-453.4063	-1.0585	-343.0276	-1.0586	-254.3226	-1.0588	-231.5055	-1.0600	-226.0048	-1.0585	-226.4800	-1.0615	-215.3058
-1.0595	-455.0175	-1.0595	-344.1336	-1.0596	-254.5658	-1.0598	-231.4946	-1.0611	-225.3583	-1.0595	-226.0263	-1.0626	-215.0464
-1.0605	-456.9642	-1.0605	-345.0618	-1.0606	-255.3225	-1.0609	-231.3853	-1.0621	-225.1469	-1.0605	-225.7550	-1.0635	-214.7004
-1.0615	-459.4569	-1.0615	-345.1205	-1.0616	-255.0110	-1.0619	-231.0293	-1.0631	-224.5184	-1.0616	-225.2728	-1.0645	-214.3596
-1.0626	-459.9062	-1.0625	-345.8904	-1.0626	-254.4842	-1.0629	-230.4286	-1.0641	-224.1532	-1.0626	-224.8930	-1.0656	-213.9490
-1.0636	-461.8899	-1.0635	-346.8041	-1.0636	-254.6276	-1.0639	-230.3246	-1.0651	-223.4734	-1.0636	-224.5741	-1.0665	-213.6340
-1.0645	-462.7695	-1.0646	-347.7787	-1.0646	-254.7350	-1.0648	-229.5587	-1.0661	-222.9978	-1.0646	-224.0372	-1.0675	-213.3573
-1.0655	-465.0356	-1.0655	-348.5829	-1.0656	-254.4883	-1.0659	-229.2444	-1.0671	-222.8518	-1.0656	-223.5425	-1.0685	-212.8298
-1.0665	-467.5170	-1.0665	-349.0764	-1.0666	-254.6286	-1.0668	-229.3960	-1.0681	-222.1092	-1.0666	-223.2067	-1.0695	-212.6360
-1.0675	-468.2933	-1.0675	-349.1598	-1.0676	-254.4600	-1.0679	-228.7456	-1.0691	-221.6082	-1.0676	-222.8022	-1.0706	-212.3132
-1.0685	-468.8454	-1.0686	-349.5761	-1.0686	-253.8826	-1.0688	-228.1912	-1.0701	-221.4709	-1.0685	-222.2265	-1.0716	-211.9633
-1.0695	-471.3034	-1.0695	-351.5782	-1.0696	-254.1042	-1.0698	-228.3110	-1.0710	-220.8615	-1.0696	-221.8371	-1.0725	-211.6183
-1.0705	-472.1053	-1.0705	-352.7661	-1.0706	-254.0153	-1.0709	-227.7745	-1.0721	-220.3232	-1.0706	-221.6085	-1.0735	-211.3929
-1.0715	-474.6518	-1.0715	-352.4701	-1.0716	-253.6501	-1.0718	-227.2673	-1.0730	-220.3900	-1.0716	-221.0808	-1.0745	-211.0552
-1.0725	-475.3206	-1.0725	-352.9638	-1.0726	-254.1338	-1.0729	-227.2578	-1.0741	-220.0909	-1.0725	-220.6456	-1.0756	-210.7553
-1.0735	-477.1173	-1.0735	-354.1295	-1.0736	-254.0664	-1.0738	-226.8732	-1.0750	-220.2190	-1.0735	-220.4791	-1.0765	-210.4791
-1.0745	-479.6999	-1.0745	-354.3355	-1.0746	-254.0731	-1.0748	-226.7741	-1.0761	-220.0339	-1.0745	-220.1901	-1.0775	-210.1068
-1.0755	-480.7195	-1.0755	-355.3063	-1.0756	-253.8036	-1.0758	-226.3369	-1.0770	-219.5984	-1.0755	-219.7281	-1.0785	-209.7111
-1.0765	-483.9537	-1.0765	-356.6534	-1.0766	-254.8192	-1.0768	-226.2355	-1.0780	-218.7929	-1.0766	-219.6086	-1.0795	-209.4868
-1.0775	-484.8144	-1.0775	-357.4779	-1.0776	-254.6272	-1.0778	-225.7969	-1.0790	-218.3816	-1.0775	-219.0494	-1.0805	-209.2901
-1.0785	-485.3570	-1.0785	-357.1114	-1.0786	-254.3992	-1.0789	-225.3723	-1.0801	-218.1489	-1.0785	-218.5986	-1.0815	-208.8855
-1.0795	-488.0605	-1.0795	-358.8430	-1.0796	-254.7224	-1.0798	-225.6825	-1.0810	-217.4200	-1.0796	-218.3484	-1.0825	-208.6908
-1.0805	-491.2320	-1.0805	-358.8327	-1.0805	-254.7718	-1.0808	-224.9850	-1.0820	-216.9686	-1.0805	-217.9419	-1.0836	-208.2989
-1.0815	-493.7117	-1.0815	-359.0522	-1.0816	-254.1946	-1.0818	-224.6028	-1.0830	-217.1598	-1.0815	-217.4274	-1.0845	-207.9261
-1.0825	-495.0123	-1.0825	-361.9132	-1.0826	-254.2231	-1.0828	-224.7685	-1.0840	-216.5173	-1.0825	-217.1894	-1.0855	-207.6409
-1.0836	-494.9096	-1.0835	-361.7728	-1.0836	-253.8228	-1.0838	-224.7421	-1.0850	-215.9932	-1.0835	-216.8314	-1.0865	-207.4273
-1.0845	-497.1636	-1.0845	-362.3911	-1.0846	-253.9132	-1.0848	-224.3036	-1.0861	-215.7909	-1.0845	-216.3247	-1.0875	-207.1980
-1.0855	-501.5793	-1.0855	-363.5354	-1.0856	-254.6353	-1.0858	-224.4062	-1.0871	-215.3584	-1.0856	-216.0065	-1.0885	-206.7637
-1.0865	-502.3581	-1.0865	-363.9975	-1.0866	-254.5295	-1.0868	-223.9669	-1.0880	-215.0694	-1.0865	-215.7108	-1.0896	-206.5835
-1.0875	-502.5987	-1.0875	-364.9902	-1.0876	-256.1969	-1.0879	-223.9619	-1.0891	-214.8172	-1.0876	-215.4549	-1.0905	-206.0968
-1.0885	-505.4901	-1.0885	-366.0929	-1.0886	-255.7450	-1.0888	-223.4243	-1.0900	-214.3489	-1.0886	-215.0498	-1.0915	-205.7857
-1.0895	-506.7285	-1.0895	-367.0371	-1.0896	-255.5732	-1.0899	-223.1043	-1.0911	-213.6999	-1.0896	-214.8108	-1.0925	-205.6424
-1.0905	-508.3043	-1.0905	-367.6577	-1.0906	-254.7428	-1.0908	-222.6540	-1.0920	-213.5348	-1.0906	-214.2509	-1.0935	-205.2309
-1.0915	-510.9718	-1.0915	-367.8782	-1.0916	-255.2465	-1.0918	-222.7387	-1.0930	-213.1634	-1.0916	-213.8798	-1.0946	-204.8870
-1.0925	-513.7916	-1.0925	-369.3772	-1.0926	-256.1895	-1.0928	-222.8113	-1.0940	-212.5638	-1.0926	-213.6706	-1.0955	-204.7298
-1.0935	-515.3267	-1.0935	-370.1057	-1.0936	-255.1172	-1.0939	-222.1871	-1.0950	-212.2394	-1.0935	-213.2231	-1.0965	-204.3679
-1.0945	-516.1394	-1.0945	-371.1323	-1.0946	-254.9653	-1.0949	-221.8778	-1.0960	-212.0814	-1.0945	-212.7579	-1.0975	-204.0585
-1.0955	-518.4300	-1.0955	-371.9758	-1.0956	-255.4238	-1.0959	-222.0382	-1.0971	-211.5919	-1.0956	-212.5864	-1.0985	-203.6606
-1.0965	-520.1435	-1.0965	-372.3973	-1.0966	-255.1193	-1.0968	-221.6016	-1.0980	-211.1866	-1.0965	-212.1144	-1.0995	-203.6994
-1.0975	-523.8218	-1.0975	-372.8506	-1.0976	-255.4962	-1.0978	-221.2990	-1.0990	-211.2320	-1.0975	-211.6859	-1.1005	-203.4425
-1.0985	-525.4630	-1.0985	-374.8496	-1.0986	-256.2817	-1.0988	-221.3189	-1.1000	-211.1637	-1.0986	-211.4084	-1.1016	-203.0925
-1.0995	-527.8573	-1.0995	-375.1797	-1.0996	-256.2786	-1.0998	-221.0554	-1.1011	-210.8328	-1.0995	-211.0525	-1.1025	-202.9248
-1.1005	-528.7506	-1.1005	-377.0982	-1.1006	-256.6037	-1.1008	-220.9916	-1.1020	-210.6900	-1.1006	-210.9158	-1.1036	-202.4093
-1.1016	-531.7466	-1.1015	-377.4546	-1.1016	-256.2955	-1.1019	-220.8096	-1.1031	-210.1637	-1.1016	-210.4715	-1.1045	-202.1608
-1.1025	-533.5988	-1.1025	-378.7395	-1.1026	-256.7062	-1.1028	-220.4767	-1.1041	-209.4280	-1.1025	-210.1550	-1.1056	-201.9519
-1.1035	-534.6629	-1.1035	-380.7710	-1.1036	-255.9621	-1.1039	-220.6901	-1.1051	-209.3477	-1.1035	-209.7330	-1.1065	-201.5726
-1.1045	-535.9674	-1.1045	-379.1930	-1.1046	-257.0533	-1.1049	-221.1826	-1.1061	-208.9343	-1.1046	-209.3309	-1.1075	-201.2746
-1.1056	-537.3298	-1.1055	-381.3536	-1.1057	-256.4804	-1.1059	-220.9606	-1.1071	-208.4045	-1.1056	-209.2308	-1.1085	-201.1059
-1.1065	-540.5599	-1.1065	-381.1289	-1.1066	-255.8706	-1.1069	-220.3186	-1.1080	-208.3233	-1.1066	-208.7184	-1.1095	-200.7472
-1.1075	-543.6579	-1.1075	-383.2324	-1.1076	-256.8850	-1.1078	-220.2659	-1.1091	-208.1279	-1.1075	-208.3616	-1.1105	-200.4482
-1.1085	-545.8470	-1.1085	-389.0152	-1.1086	-257.0609	-1.1088	-220.3028	-1.1100	-207.6256	-1.1086	-208.2257	-1.1115	-200.1636
-1.1095	-548.1919	-1.1095	-386.5524	-1.1096	-256.2323	-1.1098	-219.7167	-1.1111	-207.3400	-1.1095	-207.7930	-1.1126	-200.0523
-1.1106	-548.7327	-1.1105	-386.3289	-1.1106	-257.1998	-1.1108	-219.3063	-1.1120	-207.2294	-1.1106	-207.4127	-1.1135	-199.8565
-1.1115	-551.5612	-1.1115	-388.2827	-1.1116	-258.2901	-1.1118	-219.5099	-1.1130	-206.9333	-1.1115	-207.2490	-1.1145	-199.5696
-1.1125	-554.3946	-1.1125	-390.0712	-1.1126	-258.0771	-1.1128	-219.1295	-1.1140	-206.6062	-1.1126	-206.8323	-1.1156	-199.3480
-1.1135	-556.9745	-1.1135	-390.6148	-1.1136	-257.6582	-1.1138	-218.8813	-1.1150	-206.7891	-1.1135	-206.7119	-1.1165	-199.0080
-1.1145	-557.9038	-1.1145	-391.5783	-1.1146	-258.3750	-1.1148	-218.8389	-1.1160	-206.3604	-1.1145	-206.4160	-1.1175	-198.8546
-1.1155	-560.7002	-1.1155	-392.1556	-1.1156	-258.1551	-1.1158	-218.8056	-1.1170	-206.0743	-1.1155	-206.0630	-1.1185	-198.5335
-1.1166	-562.2597	-1.1165	-392.6375	-1.1166	-257.9492	-1.1168	-218.5596	-1.1180	-206.1732	-1.1165	-205.5933	-1.1195	-198.1979
-1.1175	-569.7591	-1.1175	-395.1083	-1.1176	-258.0309	-1.1178	-218.4390	-1.1190	-205.9169	-1.1175	-205.3740	-1.1205	-197.9436
-1.1186	-570.6455	-1.1185	-395.1635	-1.1186	-258.5239	-1.1188	-218.2307	-1.1200	-205.5009	-1.1186	-205.1127	-1.1216	-197.8335
-1.1195	-570.9672	-1.1195	-395.6087	-1.1196	-259.0117	-1.1198	-217.8986	-1.1210	-205.4314	-1.1195	-204.6771	-1.1226	-197.5374
-1.1205	-573.5463	-1.1205	-397.6901	-1.1206	-259.2655	-1.1208	-217.9662	-1.1221	-205.1640	-1.1205	-204.3446	-1.1235	-197.1642
-1.1215	-575.3143	-1.1215	-400.5913	-1.1216	-259.6433	-1.1218	-217.9810	-1.1230	-204.5787	-1.1216	-204.4996	-1.1245	-197.1032
-1.1225	-578.2092	-1.1225	-400.5152	-1.1226	-260.0591	-1.1228	-217.8095	-1.1240	-204.5512	-1.1225	-204.0157	-1.1255	-196.7813
-1.1235	-581.5279	-1.1236	-401.0426	-1.1236	-259.6838	-1.1238	-218.1347	-1.1250	-204.4040	-1.1236	-203.6729	-1.1265	-196.6461
-1.1245	-583.2808	-1.1245	-401.4742	-1.1246	-260.5356	-1.1248	-217.7317	-1.1260	-204.3498	-1.1246	-203.5109	-1.1275	-196.4061
-1.1256	-585.6196	-1.1255	-404.6483	-1.1256	-260.3324	-1.1258	-217.9801	-1.1271	-203.8209	-1.1256	-203.2166	-1.1286	-196.0985
-1.1265	-590.0914	-1.1265	-405.5301	-1.1266	-260.3845	-1.1268	-218.4072	-1.1281	-203.6621	-1.1265	-202.9712	-1.1295	-195.8613
-1.1276	-592.8909	-1.1275	-406.4107	-1.1276	-260.7016	-1.1279	-218.2416	-1.1290	-203.2521	-1.1275	-202.7567	-1.1305	-195.6253
-1.1285	-593.3356	-1.1285	-407.0514	-1.1286	-260.8163	-1.1289	-217.6021	-1.1301	-202.8593	-1.1286	-202.3609	-1.1315	-195.3179
-1.1295	-593.5399	-1.1295	-408.4268	-1.1296	-260.4524	-1.1298	-217.3947	-1.1311	-202.8603	-1.1295	-202.0213	-1.1325	-195.0500
-1.1305	-599.7608	-1.1305	-410.9803	-1.1306	-262.5641	-1.1308	-217.8796	-1.1321	-202.3362	-1.1305	-201.7714	-1.1335	-194.8025
-1.1315	-599.3809	-1.1315	-411.7856	-1.1316	-262.7936	-1.1318	-217.3847	-1.1330	-202.0510	-1.1316	-201.5074	-1.1346	-194.6793
-1.1325	-603.9200	-1.1325	-410.7844	-1.1326	-262.6913	-1.1328	-217.0741	-1.1341	-202.0667	-1.1325	-201.0557	-1.1355	-194.3592
-1.1335	-609.2219	-1.1335	-411.8737	-1.1336	-262.4075	-1.1339	-217.1294	-1.1351	-201.6664	-1.1336	-200.8532	-1.1365	-194.0776
-1.1345	-609.3868	-1.1346	-415.0977	-1.1346	-262.3280	-1.1349	-216.7770	-1.1360	-201.2024	-1.1345	-200.6712	-1.1375	-194.0199
-1.1355	-613.3943	-1.1355	-415.7464	-1.1356	-262.3377	-1.1358	-216.9294	-1.1370	-201.1663	-1.1356	-200.2738	-1.1385	-193.7195
-1.1365	-614.9594	-1.1365	-417.2246	-1.1366	-263.5070	-1.1368	-217.0652	-1.1380	-200.7759	-1.1365	-199.9680	-1.1395	-193.5191
-1.1375	-617.6841	-1.1375	-418.2412	-1.1376	-263.2368	-1.1378	-217.0231	-1.1390	-200.6815	-1.1375	-199.8456	-1.1406	-193.4205
-1.1385	-622.9522	-1.1385	-421.8589	-1.1385	-265.4100	-1.1389	-217.1356	-1.1401	-200.3595	-1.1385	-199.5785	-1.1416	-193.0703
-1.1395	-622.5681	-1.1395	-422.0025	-1.1396	-264.1251	-1.1398	-216.7491	-1.1411	-200.1170	-1.1395	-199.2560	-1.1426	-192.8136
-1.1406	-627.4228	-1.1406	-423.4716	-1.1407	-266.4860	-1.1408	-216.8267	-1.1421	-199.6482	-1.1406	-199.1387	-1.1435	-192.6318
-1.1416	-628.8563	-1.1415	-423.9173	-1.1417	-266.2687	-1.1419	-216.7198	-1.1431	-199.4544	-1.1416	-198.7323	-1.1445	-192.4770
-1.1425	-631.8250	-1.1426	-426.7453	-1.1427	-266.3676	-1.1429	-216.9835	-1.1441	-199.3920	-1.1426	-198.4016	-1.1455	-192.0759
-1.1435	-636.6964	-1.1436	-428.5526	-1.1437	-266.5796	-1.1439	-217.5029	-1.1451	-199.1422	-1.1436	-198.2444	-1.1465	-191.9221
-1.1445	-637.3335	-1.1445	-427.7408	-1.1447	-266.8668	-1.1449	-217.3060	-1.1460	-199.0026	-1.1446	-197.9741	-1.1475	-191.8119
-1.1455	-638.8332	-1.1455	-428.9017	-1.1456	-266.5676	-1.1458	-216.8613	-1.1470	-199.5206	-1.1455	-197.6276	-1.1485	-191.4317
-1.1465	-644.1558	-1.1465	-431.6638	-1.1466	-266.8144	-1.1468	-216.7998	-1.1480	-199.2350	-1.1465	-197.4430	-1.1496	-190.9492
-1.1475	-649.1495	-1.1475	-433.2273	-1.1476	-267.4891	-1.1479	-216.4032	-1.1491	-199.0642	-1.1475	-197.1781	-1.1505	-191.3351
-1.1485	-650.4306	-1.1485	-434.0286	-1.1486	-267.5144	-1.1489	-216.0345	-1.1500	-199.1036	-1.1486	-196.6681	-1.1511	-191.1429
-1.1495	-653.4540	-1.1495	-435.8791	-1.1496	-268.2639	-1.1499	-216.1457	-1.1509	-198.8255	-1.1496	-196.7771	-1.1511	-190.7871
-1.1505	-657.8172	-1.1505	-438.1986	-1.1506	-270.0208	-1.1508	-216.3712	-1.1513	-195.4909	-1.1505	-196.5902	-1.1511	-188.1842
-1.1512	-657.6785	-1.1511	-441.3315	-1.1512	-270.1130	-1.1513	-211.7581	-1.1513	-189.2649	-1.1511	-196.4225	-1.1506	-178.9857
-1.1513	-640.2238	-1.1513	-428.0117	-1.1512	-262.0924	-1.1508	-180.1288	-1.1506	-168.7368	-1.1512	-194.9765	-1.1496	-167.3832
-1.1512	-616.8784	-1.1512	-408.8546	-1.1506	-219.3822	-1.1498	-153.0646	-1.1496	-147.6248	-1.1507	-179.3215	-1.1486	-158.9106
-1.1506	-569.5317	-1.1506	-364.3107	-1.1495	-188.2366	-1.1488	-137.6205	-1.1487	-134.1057	-1.1497	-162.8034	-1.1476	-151.8338
-1.1496	-539.9444	-1.1496	-333.2773	-1.1485	-173.0223	-1.1478	-126.8943	-1.1476	-123.5414	-1.1487	-151.6506	-1.1466	-145.6927
-1.1486	-520.4458	-1.1486	-317.9684	-1.1475	-162.5929	-1.1467	-117.7933	-1.1467	-114.6252	-1.1478	-142.6888	-1.1456	-140.2029
-1.1476	-508.2643	-1.1476	-309.3665	-1.1465	-153.5275	-1.1456	-110.2269	-1.1457	-107.1737	-1.1467	-134.9238	-1.1447	-135.3288
-1.1467	-494.1718	-1.1466	-297.4608	-1.1455	-145.9736	-1.1445	-104.0746	-1.1447	-101.2291	-1.1457	-128.2122	-1.1436	-130.7019
-1.1456	-491.0877	-1.1456	-290.0700	-1.1445	-140.5564	-1.1435	-98.1043	-1.1436	-95.2905	-1.1448	-122.3265	-1.1427	-126.4212
-1.1446	-483.1986	-1.1446	-283.7575	-1.1436	-135.4387	-1.1424	-93.2145	-1.1426	-89.8418	-1.1438	-116.7930	-1.1417	-122.6034
-1.1436	-473.4302	-1.1436	-279.5749	-1.1425	-130.6124	-1.1415	-88.6615	-1.1417	-85.1634	-1.1428	-111.6382	-1.1407	-118.7806
-1.1426	-467.6202	-1.1426	-272.9618	-1.1415	-125.9709	-1.1405	-84.1905	-1.1407	-80.7073	-1.1417	-107.1033	-1.1396	-115.0855
-1.1416	-458.8669	-1.1417	-267.4386	-1.1405	-121.7174	-1.1394	-80.2636	-1.1396	-76.1703	-1.1407	-102.7374	-1.1387	-111.8461
-1.1407	-452.0653	-1.1406	-261.5374	-1.1395	-117.7272	-1.1384	-76.3249	-1.1387	-72.2031	-1.1398	-98.4788	-1.1376	-108.5885
-1.1396	-444.2653	-1.1397	-257.5735	-1.1385	-113.2366	-1.1374	-72.8477	-1.1377	-68.5823	-1.1387	-94.6060	-1.1351	-101.6763
-1.1386	-438.7089	-1.1386	-252.8967	-1.1375	-110.5101	-1.1364	-69.6023	-1.1366	-64.8869	-1.1377	-90.9521	-1.1326	-95.2931
-1.1376	-431.5902	-1.1376	-249.7844	-1.1365	-107.0312	-1.1354	-66.9687	-1.1356	-61.8866	-1.1368	-87.3671	-1.1316	-92.8422
-1.1366	-426.1508	-1.1366	-244.7099	-1.1355	-104.0046	-1.1344	-64.0681	-1.1347	-58.8613	-1.1357	-84.1111	-1.1306	-90.2119
-1.1356	-420.0741	-1.1356	-239.0386	-1.1345	-101.4197	-1.1334	-60.8527	-1.1337	-55.6838	-1.1347	-81.0501	-1.1296	-87.8747
-1.1346	-416.1446	-1.1346	-238.4191	-1.1335	-99.1610	-1.1325	-58.6045	-1.1326	-53.0608	-1.1337	-77.8691	-1.1286	-85.5752
-1.1336	-409.4387	-1.1336	-232.3466	-1.1325	-96.6354	-1.1314	-56.1673	-1.1310	-49.4458	-1.1327	-75.0368	-1.1276	-83.2606
-1.1326	-401.9211	-1.1326	-228.3448	-1.1315	-93.6186	-1.1305	-53.3392	-1.1300	-46.4556	-1.1317	-72.2732	-1.1266	-81.0951
-1.1316	-398.9106	-1.1316	-225.4664	-1.1305	-90.3148	-1.1295	-51.3727	-1.1290	-44.2055	-1.1308	-69.5004	-1.1256	-78.8135
-1.1306	-393.5419	-1.1306	-222.5908	-1.1295	-88.0201	-1.1285	-49.1090	-1.1280	-42.1316	-1.1298	-66.9429	-1.1246	-76.7936
-1.1296	-387.9310	-1.1296	-218.3161	-1.1285	-86.1088	-1.1275	-46.9817	-1.1270	-39.7500	-1.1288	-64.4892	-1.1236	-74.7241
-1.1286	-386.5064	-1.1286	-215.8452	-1.1275	-83.0142	-1.1264	-45.4763	-1.1260	-37.6084	-1.1277	-62.0261	-1.1226	-72.8135
-1.1276	-378.9463	-1.1276	-211.1953	-1.1265	-80.7317	-1.1254	-42.7834	-1.1250	-35.4818	-1.1268	-59.7190	-1.1216	-70.9464
-1.1266	-373.0365	-1.1266	-207.9797	-1.1255	-77.9277	-1.1244	-40.9681	-1.1240	-33.2763	-1.1257	-57.2751	-1.1206	-68.9040
-1.1256	-367.2735	-1.1256	-204.2907	-1.1245	-76.0698	-1.1234	-39.1055	-1.1230	-31.5103	-1.1247	-55.1307	-1.1196	-67.2266
-1.1246	-363.1661	-1.1246	-201.8764	-1.1235	-74.5745	-1.1224	-37.3883	-1.1220	-29.8689	-1.1237	-52.8024	-1.1186	-65.4583
-1.1236	-357.8307	-1.1236	-197.6913	-1.1225	-72.8527	-1.1215	-35.4058	-1.1210	-27.9053	-1.1227	-50.9331	-1.1176	-63.5492
-1.1226	-353.0360	-1.1226	-195.0488	-1.1215	-70.7192	-1.1204	-33.2695	-1.1200	-26.5315	-1.1217	-49.3006	-1.1166	-61.8862
-1.1216	-347.8599	-1.1216	-192.1362	-1.1205	-67.9450	-1.1194	-31.7422	-1.1190	-25.0076	-1.1207	-46.8991	-1.1156	-60.2050
-1.1206	-340.9630	-1.1206	-189.8748	-1.1195	-66.3988	-1.1184	-30.4535	-1.1180	-23.0494	-1.1197	-45.0515	-1.1146	-58.5283
-1.1196	-340.3731	-1.1196	-187.5577	-1.1185	-64.3473	-1.1174	-29.0907	-1.1170	-21.3413	-1.1187	-43.2386	-1.1136	-56.8708
-1.1186	-335.5425	-1.1187	-184.3389	-1.1175	-62.2497	-1.1164	-27.4753	-1.1160	-19.8853	-1.1177	-41.2453	-1.1126	-55.1784
-1.1176	-329.0875	-1.1176	-180.2067	-1.1165	-60.4700	-1.1154	-25.7444	-1.1150	-18.2411	-1.1167	-39.4896	-1.1116	-53.6570
-1.1166	-325.5055	-1.1166	-177.2941	-1.1155	-58.9791	-1.1144	-23.7919	-1.1140	-16.4777	-1.1157	-37.7663	-1.1106	-52.0427
-1.1156	-322.2792	-1.1156	-175.4933	-1.1145	-56.4612	-1.1134	-22.2255	-1.1130	-14.8632	-1.1147	-35.9796	-1.1096	-50.6809
-1.1146	-316.5747	-1.1146	-172.1176	-1.1135	-56.2054	-1.1124	-20.6267	-1.1120	-13.4708	-1.1137	-34.2453	-1.1086	-49.1766
-1.1136	-313.2165	-1.1136	-169.6946	-1.1125	-54.2066	-1.1114	-18.9837	-1.1110	-11.6656	-1.1127	-32.5011	-1.1076	-47.6006
-1.1126	-309.5520	-1.1126	-165.4144	-1.1115	-52.1966	-1.1104	-17.6221	-1.1100	-10.4990	-1.1117	-30.9307	-1.1066	-46.3288
-1.1116	-304.5701	-1.1116	-162.3029	-1.1105	-50.1234	-1.1095	-16.3386	-1.1090	-9.1371	-1.1107	-29.3097	-1.1056	-44.9025
-1.1106	-300.2215	-1.1106	-161.1302	-1.1095	-49.0456	-1.1085	-14.7816	-1.1081	-7.4908	-1.1097	-27.8250	-1.1046	-43.3709
-1.1096	-297.8290	-1.1096	-157.8614	-1.1085	-47.2673	-1.1075	-14.0063	-1.1070	-6.4499	-1.1088	-26.3704	-1.1036	-42.0798
-1.1086	-291.7600	-1.1086	-155.7606	-1.1075	-45.2196	-1.1065	-12.9989	-1.1060	-5.3457	-1.1077	-24.6854	-1.1026	-40.7188
-1.1076	-286.7436	-1.1076	-152.2063	-1.1065	-43.8080	-1.1054	-11.5195	-1.1044	-3.6046	-1.1068	-23.3779	-1.1016	-39.3385
-1.1066	-282.4600	-1.1066	-150.3509	-1.1055	-42.0345	-1.1044	-9.9069	-1.1035	-2.1803	-1.1058	-22.0021	-1.1006	-37.9616
-1.1056	-279.4933	-1.1056	-147.9019	-1.1045	-40.5428	-1.1031	-9.2017	-1.1024	-0.9841	-1.1033	-18.7414	-1.0996	-36.6354
-1.1046	-274.7002	-1.1047	-145.1118	-1.1035	-39.2843	-1.1021	-7.2553	-1.1014	0.5602	-1.1022	-17.2919	-1.0985	-35.2946
-1.1037	-271.6741	-1.1036	-143.2410	-1.1025	-37.8743	-1.1011	-5.8106	-1.1004	1.6396	-1.1012	-15.7350	-1.0976	-34.0808
-1.1027	-269.1442	-1.1026	-140.3240	-1.1016	-35.9981	-1.1001	-4.3329	-1.0994	3.0068	-1.1002	-14.3098	-1.0966	-32.9602
-1.1016	-263.6693	-1.1017	-137.1427	-1.1005	-34.5972	-1.0991	-3.1980	-1.0984	4.2827	-1.0992	-13.0472	-1.0956	-31.6367
-1.1006	-260.2748	-1.1006	-134.2569	-1.0995	-33.0793	-1.0981	-1.6368	-1.0974	5.2823	-1.0982	-11.7543	-1.0946	-30.4368
-1.0996	-255.7573	-1.0996	-133.2972	-1.0985	-31.1671	-1.0971	-0.7812	-1.0964	6.2519	-1.0972	-10.6540	-1.0936	-29.3519
-1.0986	-252.4504	-1.0986	-129.5299	-1.0975	-29.9367	-1.0961	0.4017	-1.0954	7.6024	-1.0962	-9.5162	-1.0926	-28.1192
-1.0976	-249.3790	-1.0976	-127.9335	-1.0965	-28.6969	-1.0951	1.8174	-1.0944	8.6752	-1.0952	-8.1045	-1.0916	-26.9540
-1.0966	-245.2340	-1.0966	-125.6750	-1.0955	-26.9084	-1.0941	2.6755	-1.0934	9.6336	-1.0942	-6.9813	-1.0906	-25.8018
-1.0956	-242.0771	-1.0956	-122.7749	-1.0945	-26.5135	-1.0932	3.6656	-1.0924	10.8221	-1.0932	-5.9403	-1.0896	-24.7263
-1.0946	-237.7873	-1.0946	-120.6705	-1.0934	-24.5835	-1.0921	5.1461	-1.0914	12.0928	-1.0922	-4.6454	-1.0886	-23.3739
-1.0936	-235.1162	-1.0936	-120.2928	-1.0924	-22.5853	-1.0911	6.1654	-1.0904	12.8766	-1.0912	-3.5429	-1.0876	-22.4073
-1.0926	-230.7791	-1.0927	-117.1460	-1.0914	-21.1108	-1.0901	7.0875	-1.0891	13.9050	-1.0902	-2.5184	-1.0866	-21.3142
-1.0916	-228.6719	-1.0916	-113.9511	-1.0904	-20.0362	-1.0891	8.5820	-1.0878	15.5918	-1.0892	-1.2956	-1.0856	-20.1234
-1.0906	-224.6998	-1.0906	-112.0405	-1.0894	-19.1576	-1.0881	9.7059	-1.0868	16.7829	-1.0882	-0.1675	-1.0846	-19.1411
-1.0897	-220.9777	-1.0896	-109.0198	-1.0883	-17.8365	-1.0871	10.9496	-1.0858	17.8376	-1.0872	1.0114	-1.0836	-18.1379
-1.0886	-215.8373	-1.0886	-105.8842	-1.0874	-15.8053	-1.0861	11.9509	-1.0848	18.7347	-1.0862	2.0203	-1.0826	-16.9762
-1.0876	-214.2780	-1.0876	-104.7603	-1.0864	-14.4947	-1.0851	13.1057	-1.0838	19.5849	-1.0852	3.2232	-1.0816	-16.0352
-1.0867	-210.1658	-1.0866	-102.5495	-1.0854	-12.8693	-1.0841	13.2350	-1.0828	20.7195	-1.0842	4.1301	-1.0806	-14.9183
-1.0856	-206.2168	-1.0856	-99.8405	-1.0843	-11.8566	-1.0831	14.1077	-1.0818	21.6509	-1.0832	5.1109	-1.0796	-13.8837
-1.0846	-203.6750	-1.0846	-98.6516	-1.0833	-10.5648	-1.0821	15.6516	-1.0808	22.3663	-1.0822	6.2998	-1.0786	-12.8578
-1.0836	-201.5022	-1.0836	-96.0913	-1.0824	-8.7956	-1.0811	16.3423	-1.0798	23.3535	-1.0812	7.1576	-1.0776	-11.9547
-1.0826	-196.9321	-1.0826	-93.4938	-1.0814	-7.7687	-1.0801	17.4233	-1.0788	24.4509	-1.0802	8.2125	-1.0766	-11.0280
-1.0816	-193.7107	-1.0816	-92.4006	-1.0804	-7.1533	-1.0791	19.0391	-1.0778	25.1974	-1.0792	9.3457	-1.0756	-9.9000
-1.0806	-194.0993	-1.0806	-91.6422	-1.0793	-5.2577	-1.0781	19.8002	-1.0768	26.0399	-1.0782	10.2523	-1.0746	-8.9663
-1.0796	-189.3789	-1.0796	-88.1370	-1.0783	-4.0584	-1.0771	20.7046	-1.0758	27.3666	-1.0772	11.1443	-1.0722	-6.7245
-1.0786	-185.5402	-1.0786	-86.1784	-1.0773	-2.8609	-1.0761	22.1473	-1.0748	28.1669	-1.0762	12.2264	-1.0696	-4.4345
-1.0776	-182.4513	-1.0776	-85.8882	-1.0763	-1.0835	-1.0751	22.9510	-1.0738	29.0963	-1.0752	13.1740	-1.0686	-3.4832
-1.0766	-179.0871	-1.0766	-81.8337	-1.0753	-0.5285	-1.0741	24.3543	-1.0728	30.2266	-1.0742	14.2267	-1.0676	-2.6655
-1.0757	-176.1510	-1.0756	-79.2877	-1.0744	0.9048	-1.0731	25.3662	-1.0718	30.9046	-1.0732	15.1481	-1.0666	-1.7090
-1.0747	-172.1909	-1.0746	-77.9722	-1.0734	2.0414	-1.0721	26.0490	-1.0708	31.6774	-1.0722	16.0826	-1.0656	-0.7325
-1.0736	-169.4295	-1.0736	-76.3798	-1.0723	3.7907	-1.0710	26.1534	-1.0699	32.6859	-1.0712	16.8388	-1.0646	0.0118
-1.0726	-165.5332	-1.0726	-73.0475	-1.0714	4.7258	-1.0698	28.5274	-1.0688	33.3442	-1.0702	17.7449	-1.0636	0.9759
-1.0716	-164.4355	-1.0717	-74.3588	-1.0704	5.9422	-1.0688	29.3934	-1.0678	33.9506	-1.0692	18.8226	-1.0626	1.9065
-1.0706	-160.8450	-1.0707	-70.6385	-1.0694	7.5753	-1.0678	30.1226	-1.0668	35.1215	-1.0682	19.5380	-1.0616	2.7938
-1.0696	-156.7255	-1.0696	-67.8511	-1.0684	8.1743	-1.0669	31.2786	-1.0658	36.0613	-1.0672	20.3601	-1.0606	3.6609
-1.0686	-154.3871	-1.0686	-66.3468	-1.0674	9.0839	-1.0658	32.2015	-1.0648	36.7663	-1.0662	21.4471	-1.0596	4.5747
-1.0676	-151.5334	-1.0677	-65.4521	-1.0664	11.1724	-1.0649	33.0105	-1.0638	37.6276	-1.0652	22.1970	-1.0586	5.3333
-1.0666	-147.9964	-1.0666	-62.4913	-1.0654	12.1271	-1.0638	34.0361	-1.0629	38.6739	-1.0642	23.0129	-1.0576	6.1072
-1.0657	-145.2527	-1.0656	-60.5131	-1.0644	13.2985	-1.0628	35.3164	-1.0618	39.5459	-1.0632	24.0172	-1.0566	7.0623
-1.0646	-142.3794	-1.0646	-58.7667	-1.0634	14.8803	-1.0618	36.4458	-1.0608	40.3361	-1.0622	24.7921	-1.0556	7.8856
-1.0636	-139.4924	-1.0636	-56.0830	-1.0624	15.7697	-1.0608	37.2598	-1.0598	41.4259	-1.0612	25.7353	-1.0546	8.5214
-1.0626	-138.0318	-1.0626	-54.4868	-1.0614	17.0221	-1.0598	38.2343	-1.0588	41.9151	-1.0602	26.6332	-1.0536	9.5057
-1.0617	-134.7748	-1.0616	-51.9465	-1.0604	18.0868	-1.0588	38.7650	-1.0578	42.6820	-1.0592	27.4280	-1.0527	10.2916
-1.0606	-131.7998	-1.0606	-51.1351	-1.0594	19.2535	-1.0578	39.5380	-1.0568	43.7904	-1.0582	28.1204	-1.0516	11.0261
-1.0596	-128.1772	-1.0596	-48.8976	-1.0584	20.0860	-1.0568	40.8380	-1.0558	44.4191	-1.0572	29.0057	-1.0506	11.9268
-1.0586	-125.8134	-1.0586	-47.3792	-1.0574	21.6308	-1.0558	41.5871	-1.0548	45.0684	-1.0562	29.8336	-1.0496	12.6925
-1.0576	-124.2839	-1.0576	-45.2408	-1.0564	22.9431	-1.0548	42.4028	-1.0538	46.1168	-1.0552	30.5254	-1.0486	13.6169
-1.0566	-119.9681	-1.0566	-42.4855	-1.0554	23.6797	-1.0538	43.6530	-1.0528	46.9259	-1.0542	31.3385	-1.0476	14.3584
-1.0556	-118.1212	-1.0556	-41.3046	-1.0544	24.8332	-1.0529	44.4464	-1.0518	47.5626	-1.0532	32.2929	-1.0466	15.1607
-1.0546	-114.9076	-1.0546	-39.3654	-1.0534	26.6414	-1.0519	45.2003	-1.0508	48.5498	-1.0522	32.8708	-1.0456	15.8760
-1.0536	-111.5149	-1.0536	-36.8211	-1.0524	27.4646	-1.0508	46.3720	-1.0498	49.3097	-1.0512	33.6125	-1.0446	16.5435
-1.0526	-110.3741	-1.0526	-35.8974	-1.0514	28.5575	-1.0499	47.2510	-1.0488	50.2428	-1.0502	34.6481	-1.0436	17.5258
-1.0516	-108.0970	-1.0516	-34.6152	-1.0503	30.2020	-1.0488	48.5528	-1.0478	50.8764	-1.0492	35.3859	-1.0426	18.1481
-1.0507	-104.5866	-1.0506	-31.7949	-1.0494	31.0549	-1.0479	49.2848	-1.0468	51.8333	-1.0482	36.2088	-1.0416	18.8118
-1.0496	-102.3663	-1.0497	-30.1871	-1.0484	32.5025	-1.0468	50.3608	-1.0458	52.3357	-1.0472	37.0617	-1.0406	19.8187
-1.0486	-98.1106	-1.0486	-27.6510	-1.0474	33.7100	-1.0459	50.9989	-1.0448	53.0551	-1.0462	37.6747	-1.0396	20.4020
-1.0476	-99.4626	-1.0476	-26.3439	-1.0463	34.7090	-1.0448	51.8175	-1.0438	54.2367	-1.0452	38.3777	-1.0386	21.1487
-1.0466	-95.8831	-1.0466	-24.4416	-1.0454	35.6377	-1.0438	53.0752	-1.0428	54.6667	-1.0442	39.2763	-1.0376	21.9413
-1.0457	-93.3450	-1.0456	-23.0744	-1.0444	36.8529	-1.0428	53.5243	-1.0418	55.3415	-1.0432	40.0094	-1.0366	22.6695
-1.0446	-90.5328	-1.0446	-21.0728	-1.0434	37.6951	-1.0418	54.3444	-1.0408	56.4565	-1.0422	40.6023	-1.0356	23.5489
-1.0436	-87.4361	-1.0436	-19.7549	-1.0424	38.3544	-1.0408	55.7004	-1.0398	57.0691	-1.0412	41.4362	-1.0346	24.2072
-1.0426	-86.1547	-1.0426	-18.3485	-1.0413	39.7348	-1.0398	56.3118	-1.0388	57.7761	-1.0402	42.2634	-1.0336	24.9986
-1.0417	-84.5187	-1.0416	-16.2110	-1.0404	41.3504	-1.0388	57.2006	-1.0378	58.7901	-1.0392	42.8991	-1.0326	25.6193
-1.0406	-80.1370	-1.0406	-13.6304	-1.0393	42.1373	-1.0378	58.4013	-1.0368	59.4439	-1.0382	43.6338	-1.0316	26.3420
-1.0396	-78.8254	-1.0396	-13.1325	-1.0383	43.2555	-1.0368	59.1679	-1.0358	60.4461	-1.0372	44.5234	-1.0277	29.2541
-1.0386	-76.0305	-1.0386	-10.8448	-1.0374	45.0632	-1.0358	60.3948	-1.0348	61.2116	-1.0362	45.2834	-1.0266	29.9021
-1.0376	-72.5108	-1.0376	-8.2871	-1.0363	46.0171	-1.0348	61.1970	-1.0338	61.9095	-1.0352	46.0032	-1.0256	30.6438
-1.0366	-71.1711	-1.0366	-6.6913	-1.0353	47.0161	-1.0338	62.0633	-1.0328	62.4967	-1.0341	46.8737	-1.0246	31.4806
-1.0356	-68.6139	-1.0356	-5.2455	-1.0343	48.4454	-1.0328	62.6545	-1.0318	63.3086	-1.0332	47.4295	-1.0236	32.1183
-1.0346	-65.7045	-1.0346	-3.4251	-1.0334	49.1421	-1.0318	63.6315	-1.0308	64.2985	-1.0322	48.0898	-1.0226	32.7621
-1.0336	-63.8743	-1.0336	-2.1375	-1.0324	50.1259	-1.0308	64.7965	-1.0298	64.7698	-1.0312	48.9923	-1.0216	33.5535
-1.0326	-61.5052	-1.0326	-0.8701	-1.0313	50.0646	-1.0299	65.1582	-1.0288	65.5154	-1.0302	49.5987	-1.0206	34.3019
-1.0317	-58.6733	-1.0316	1.3811	-1.0303	52.7378	-1.0289	65.9530	-1.0278	66.6558	-1.0292	50.1935	-1.0196	34.8490
-1.0307	-57.4103	-1.0306	3.1117	-1.0293	53.6252	-1.0279	67.4057	-1.0268	67.0873	-1.0282	51.0977	-1.0186	35.6521
-1.0296	-55.8388	-1.0296	4.2244	-1.0283	55.3639	-1.0268	67.9131	-1.0258	67.7508	-1.0272	51.7659	-1.0176	36.3159
-1.0286	-52.6139	-1.0286	6.2306	-1.0273	56.3100	-1.0259	68.7290	-1.0248	68.8105	-1.0262	52.3431	-1.0167	36.8946
-1.0276	-50.0775	-1.0276	8.2358	-1.0263	57.1982	-1.0249	69.9637	-1.0238	69.5124	-1.0245	53.4977	-1.0156	37.7279
-1.0266	-48.1420	-1.0266	9.1229	-1.0253	58.2673	-1.0238	70.5833	-1.0228	70.2241	-1.0228	54.8483	-1.0146	38.3655
-1.0256	-45.8717	-1.0256	10.4916	-1.0243	59.4062	-1.0228	71.3769	-1.0218	71.2004	-1.0218	55.8054	-1.0136	39.0126
-1.0246	-42.8755	-1.0246	13.2259	-1.0233	60.4090	-1.0219	72.6871	-1.0208	71.8920	-1.0207	56.4610	-1.0127	39.6791
-1.0236	-41.6641	-1.0237	14.3033	-1.0223	61.4074	-1.0208	73.4900	-1.0198	72.4243	-1.0198	57.0865	-1.0116	40.4586
-1.0226	-40.6237	-1.0226	16.0020	-1.0213	63.1426	-1.0199	74.1454	-1.0188	73.4469	-1.0188	57.8690	-1.0106	41.2365
-1.0217	-36.6523	-1.0216	18.3420	-1.0203	63.8675	-1.0189	75.3683	-1.0178	74.2612	-1.0177	58.6181	-1.0096	41.7900
-1.0206	-34.6897	-1.0206	19.4175	-1.0193	64.8826	-1.0178	76.3310	-1.0168	74.7643	-1.0168	59.1430	-1.0086	42.5838
-1.0196	-32.9176	-1.0196	20.7659	-1.0183	66.5612	-1.0169	76.8504	-1.0159	75.6211	-1.0158	59.9634	-1.0076	43.1612
-1.0186	-29.2297	-1.0187	23.2782	-1.0173	67.1814	-1.0159	77.9033	-1.0148	76.6310	-1.0148	60.7309	-1.0066	43.7436
-1.0176	-28.6500	-1.0176	24.2019	-1.0163	67.9244	-1.0148	79.0953	-1.0138	77.1876	-1.0137	61.3128	-1.0056	44.6138
-1.0167	-26.9868	-1.0167	25.4248	-1.0153	69.7049	-1.0138	79.6642	-1.0128	77.9161	-1.0128	61.9797	-1.0046	45.1548
-1.0157	-23.7933	-1.0157	27.5755	-1.0143	70.5171	-1.0128	80.5608	-1.0118	79.0925	-1.0118	62.9081	-1.0036	45.7412
-1.0147	-21.5390	-1.0147	28.5528	-1.0133	71.4857	-1.0119	81.9909	-1.0108	79.8203	-1.0107	63.6856	-1.0026	46.5278
-1.0137	-20.1060	-1.0136	29.8128	-1.0123	72.9683	-1.0109	82.9119	-1.0098	80.6244	-1.0097	64.3513	-1.0016	47.1136
-1.0126	-17.5821	-1.0126	31.7885	-1.0113	74.0673	-1.0098	83.7002	-1.0088	81.5841	-1.0087	65.1456	-1.0006	47.7907
-1.0117	-14.9279	-1.0116	33.9600	-1.0103	75.6133	-1.0089	84.8880	-1.0078	82.1567	-1.0077	65.7254	-0.9996	48.4630
-1.0106	-13.2026	-1.0106	35.8393	-1.0093	76.6441	-1.0078	85.4205	-1.0068	82.8070	-1.0067	66.3370	-0.9986	49.1838
-1.0097	-11.3035	-1.0097	36.8206	-1.0083	77.6981	-1.0069	86.1988	-1.0058	83.8466	-1.0057	67.1529	-0.9976	49.9511
-1.0086	-8.3466	-1.0086	39.5045	-1.0073	78.4667	-1.0059	87.5177	-1.0048	84.5110	-1.0047	67.7868	-0.9966	50.5309
-1.0077	-7.2273	-1.0076	40.2562	-1.0063	79.4898	-1.0049	88.2652	-1.0038	85.0720	-1.0038	68.3166	-0.9956	51.3250
-1.0066	-5.3642	-1.0066	41.6285	-1.0053	81.1549	-1.0038	88.8435	-1.0028	86.0839	-1.0028	69.1748	-0.9946	51.8051
-1.0056	-2.2612	-1.0056	43.8176	-1.0043	81.5247	-1.0029	90.1303	-1.0018	86.9035	-1.0018	69.9108	-0.9936	52.4340
-1.0047	-0.9880	-1.0046	44.4505	-1.0033	82.4906	-1.0018	91.1093	-1.0008	87.5817	-1.0008	70.4385	-0.9926	53.2767
-1.0036	0.5868	-1.0037	45.6744	-1.0023	84.3410	-1.0008	91.7744	-0.9998	88.3964	-0.9998	71.1935	-0.9916	53.7800
-1.0027	3.4364	-1.0026	48.2240	-1.0014	84.9799	-0.9998	92.8554	-0.9988	89.4354	-0.9988	71.9743	-0.9906	54.4126
-1.0017	4.9759	-1.0016	49.1447	-1.0004	86.0422	-0.9989	94.0277	-0.9978	90.4060	-0.9977	72.8268	-0.9896	55.1764
-1.0006	6.5952	-1.0006	50.5854	-0.9993	87.8181	-0.9978	95.2307	-0.9968	91.0902	-0.9967	73.4100	-0.9887	55.7383
-0.9996	9.6024	-0.9996	52.7503	-0.9983	88.6276	-0.9968	95.8853	-0.9958	92.2915	-0.9957	74.3116	-0.9876	56.3505
-0.9987	11.4403	-0.9986	54.3315	-0.9973	90.4124	-0.9959	97.2950	-0.9948	92.6760	-0.9947	74.7613	-0.9866	57.0851
-0.9976	14.2069	-0.9976	56.5590	-0.9963	91.5285	-0.9948	97.7547	-0.9938	93.4092	-0.9937	75.4045	-0.9857	57.8059
-0.9967	15.7083	-0.9966	57.5792	-0.9953	92.3498	-0.9938	98.5453	-0.9928	94.5379	-0.9927	76.3170	-0.9847	58.5015
-0.9956	17.9702	-0.9956	59.3916	-0.9943	93.1356	-0.9929	99.9574	-0.9919	95.1983	-0.9917	76.8939	-0.9836	59.1730
-0.9946	19.1824	-0.9946	60.6049	-0.9933	94.5963	-0.9919	100.5780	-0.9908	95.7736	-0.9908	77.4259	-0.9826	59.8503
-0.9936	20.5947	-0.9937	61.7692	-0.9923	95.7487	-0.9908	101.2968	-0.9898	96.9266	-0.9898	78.3672	-0.9816	60.3184
-0.9926	23.9062	-0.9926	63.9805	-0.9914	96.4527	-0.9898	102.7230	-0.9888	97.6139	-0.9887	78.9663	-0.9806	61.0701
-0.9917	24.6892	-0.9916	64.5124	-0.9903	97.5827	-0.9889	103.5328	-0.9878	98.3046	-0.9878	79.5717	-0.9796	61.7691
-0.9907	26.6398	-0.9906	65.9771	-0.9893	99.5202	-0.9879	104.2084	-0.9868	99.4227	-0.9868	80.4052	-0.9786	62.2988
-0.9896	29.7672	-0.9897	68.6326	-0.9883	100.0329	-0.9869	105.4501	-0.9858	100.2115	-0.9858	81.1601	-0.9776	62.9377
-0.9887	30.8252	-0.9886	69.5060	-0.9874	101.2213	-0.9859	106.4267	-0.9848	101.2615	-0.9848	81.9524	-0.9766	63.7515
-0.9877	32.5765	-0.9876	70.7351	-0.9864	103.0487	-0.9849	107.6496	-0.9838	101.9181	-0.9837	82.6529	-0.9756	64.3750
-0.9867	35.4672	-0.9867	73.1267	-0.9853	104.0516	-0.9839	108.4285	-0.9828	102.9786	-0.9827	83.4003	-0.9746	64.9335
-0.9857	36.9819	-0.9857	74.2798	-0.9843	105.2366	-0.9828	109.6093	-0.9818	103.5724	-0.9817	83.9446	-0.9736	65.7235
-0.9847	39.2913	-0.9846	76.6855	-0.9833	106.7504	-0.9819	110.2803	-0.9808	104.3490	-0.9807	84.6379	-0.9726	66.3641
-0.9837	41.0748	-0.9836	78.0709	-0.9823	107.5649	-0.9809	111.2601	-0.9798	105.5787	-0.9797	85.5716	-0.9716	67.0146
-0.9826	42.9337	-0.9826	79.3708	-0.9813	108.3782	-0.9798	112.7758	-0.9788	106.0632	-0.9787	86.0640	-0.9706	67.8294
-0.9817	44.3082	-0.9816	80.2512	-0.9803	109.9350	-0.9789	113.2411	-0.9779	106.8377	-0.9778	86.7193	-0.9696	68.3444
-0.9807	46.5134	-0.9806	82.1090	-0.9793	110.9209	-0.9779	114.1527	-0.9768	108.0844	-0.9767	87.7098	-0.9686	68.9601
-0.9796	48.6636	-0.9796	84.0395	-0.9783	111.3776	-0.9769	115.6564	-0.9758	108.7446	-0.9757	88.2919	-0.9676	69.6631
-0.9786	49.6749	-0.9786	84.6130	-0.9773	113.1657	-0.9759	116.4219	-0.9748	109.5063	-0.9747	88.8727	-0.9666	70.3424
-0.9776	51.8486	-0.9776	86.2240	-0.9763	114.4483	-0.9749	117.2741	-0.9738	110.6530	-0.9737	89.8483	-0.9656	70.9444
-0.9766	55.0118	-0.9766	88.9832	-0.9753	115.3535	-0.9738	118.7504	-0.9728	111.4099	-0.9727	90.4832	-0.9646	71.5413
-0.9757	55.6046	-0.9756	89.6268	-0.9743	116.5005	-0.9728	119.6372	-0.9718	112.6395	-0.9717	91.3818	-0.9636	72.3965
-0.9746	57.3813	-0.9746	91.0559	-0.9733	118.4615	-0.9718	121.0432	-0.9708	113.4221	-0.9707	92.0826	-0.9626	72.9521
-0.9737	60.2227	-0.9736	93.4687	-0.9723	119.6880	-0.9708	122.0135	-0.9698	114.3332	-0.9698	92.7881	-0.9616	73.5281
-0.9726	61.5732	-0.9726	94.7987	-0.9713	120.6456	-0.9698	123.0056	-0.9688	114.9631	-0.9687	93.3614	-0.9606	74.4685
-0.9716	63.8391	-0.9716	96.6263	-0.9703	122.4580	-0.9688	123.7248	-0.9678	116.0156	-0.9677	94.2041	-0.9596	75.0256
-0.9706	66.2461	-0.9706	98.4970	-0.9694	123.0871	-0.9679	124.8762	-0.9668	117.1286	-0.9668	95.0006	-0.9586	75.7383
-0.9696	67.4832	-0.9696	99.5277	-0.9683	124.0621	-0.9669	126.2206	-0.9658	117.7051	-0.9657	95.6127	-0.9576	76.5131
-0.9686	68.9371	-0.9686	100.6188	-0.9673	125.9733	-0.9658	126.8306	-0.9649	118.4918	-0.9648	96.2445	-0.9566	77.0677
-0.9676	71.6398	-0.9676	102.6985	-0.9664	126.7803	-0.9649	127.8717	-0.9638	119.8713	-0.9637	97.2267	-0.9556	77.7315
-0.9666	73.2455	-0.9666	104.3762	-0.9654	127.6614	-0.9639	129.5608	-0.9628	120.5621	-0.9627	97.8947	-0.9546	78.4671
-0.9657	74.1181	-0.9656	105.1052	-0.9643	129.5067	-0.9628	130.1775	-0.9618	121.3019	-0.9617	98.5584	-0.9536	79.0988
-0.9646	76.6476	-0.9647	106.9943	-0.9633	130.5504	-0.9619	131.1797	-0.9608	122.6341	-0.9608	99.5821	-0.9526	79.6721
-0.9636	79.0410	-0.9637	108.8237	-0.9623	131.4754	-0.9608	132.8378	-0.9598	123.4386	-0.9598	100.2710	-0.9517	80.4064
-0.9626	80.1165	-0.9626	109.7719	-0.9613	133.1548	-0.9599	133.7476	-0.9588	124.5381	-0.9587	101.0768	-0.9506	81.2165
-0.9617	81.9789	-0.9617	111.3263	-0.9603	134.5623	-0.9588	135.0507	-0.9578	125.6429	-0.9578	101.9683	-0.9496	81.7279
-0.9606	85.4151	-0.9606	114.2491	-0.9593	136.0484	-0.9579	136.3038	-0.9568	126.3992	-0.9567	102.5830	-0.9486	82.4725
-0.9596	86.7809	-0.9597	112.2015	-0.9583	136.9584	-0.9569	137.1873	-0.9558	127.1474	-0.9557	103.2151	-0.9476	83.2721
-0.9586	88.3184	-0.9586	117.3746	-0.9573	138.8712	-0.9559	138.0580	-0.9548	128.2305	-0.9547	104.1210	-0.9466	83.9480
-0.9576	91.0317	-0.9576	119.8382	-0.9563	139.4722	-0.9548	139.4408	-0.9538	129.2452	-0.9537	104.9008	-0.9456	84.7072
-0.9566	92.0274	-0.9566	120.5182	-0.9553	140.7015	-0.9539	140.6895	-0.9529	129.9447	-0.9528	105.4860	-0.9446	85.4439
-0.9556	93.4749	-0.9556	121.9687	-0.9543	142.8234	-0.9529	141.2849	-0.9519	131.0056	-0.9518	106.3594	-0.9436	86.0762
-0.9546	96.5445	-0.9546	124.4920	-0.9533	143.4723	-0.9519	142.5929	-0.9509	132.2733	-0.9508	107.2666	-0.9426	86.6980
-0.9536	97.7148	-0.9536	125.6373	-0.9524	144.4604	-0.9509	144.1439	-0.9496	132.5180	-0.9498	107.8631	-0.9416	87.5074
-0.9526	98.4834	-0.9527	126.5188	-0.9513	146.4947	-0.9499	144.8354	-0.9483	134.9974	-0.9488	108.6329	-0.9406	88.2459
-0.9516	101.7457	-0.9517	128.8634	-0.9504	147.5436	-0.9488	145.9841	-0.9473	136.0622	-0.9478	109.7387	-0.9397	88.9179
-0.9507	103.4928	-0.9506	130.4735	-0.9493	148.5434	-0.9479	147.8098	-0.9463	137.6178	-0.9468	110.5611	-0.9386	89.7271
-0.9496	104.6560	-0.9496	131.5815	-0.9484	150.4835	-0.9469	148.9312	-0.9453	138.4560	-0.9458	111.2854	-0.9376	90.3553
-0.9487	106.7074	-0.9487	133.5602	-0.9474	151.7308	-0.9459	150.0631	-0.9443	139.4691	-0.9447	112.2355	-0.9366	90.9478
-0.9476	109.3456	-0.9476	135.7384	-0.9463	153.8119	-0.9449	151.5767	-0.9433	140.1859	-0.9437	112.8630	-0.9356	91.7938
-0.9466	112.0292	-0.9467	137.9467	-0.9453	154.9015	-0.9438	152.3576	-0.9423	141.3000	-0.9428	113.6049	-0.9346	92.4818
-0.9457	112.9081	-0.9456	138.8710	-0.9443	156.2066	-0.9428	153.4275	-0.9412	142.6452	-0.9417	114.6475	-0.9336	93.3143
-0.9446	116.2086	-0.9447	141.5098	-0.9433	156.9338	-0.9418	155.0088	-0.9402	143.3363	-0.9407	115.3200	-0.9326	93.9441
-0.9436	116.5108	-0.9437	141.8671	-0.9423	158.2138	-0.9408	156.0524	-0.9392	144.4023	-0.9397	116.1313	-0.9316	94.7901
-0.9426	118.3948	-0.9426	143.0723	-0.9413	160.4989	-0.9399	156.8581	-0.9383	145.8730	-0.9388	117.0797	-0.9306	95.3867
-0.9416	121.6646	-0.9416	146.0422	-0.9403	160.9269	-0.9388	158.4722	-0.9372	146.5332	-0.9377	117.8769	-0.9296	95.9935
-0.9406	122.1862	-0.9407	146.8744	-0.9394	162.3680	-0.9379	159.7492	-0.9363	147.5640	-0.9368	118.5338	-0.9286	96.9703
-0.9396	123.7237	-0.9396	148.0899	-0.9383	164.5605	-0.9368	160.6538	-0.9353	149.0399	-0.9358	119.5391	-0.9276	97.5469
-0.9386	127.0023	-0.9386	150.8422	-0.9373	165.4159	-0.9359	161.9875	-0.9342	149.9391	-0.9348	120.4315	-0.9267	98.1672
-0.9376	128.2131	-0.9377	152.1605	-0.9363	166.6342	-0.9349	163.6076	-0.9333	151.2585	-0.9338	121.3210	-0.9256	99.1853
-0.9366	129.6446	-0.9367	153.2213	-0.9354	168.8160	-0.9339	165.0053	-0.9323	152.4534	-0.9327	122.0763	-0.9246	99.7672
-0.9357	132.5396	-0.9357	155.8371	-0.9343	169.8437	-0.9328	166.1304	-0.9313	153.4177	-0.9317	123.1996	-0.9236	100.4826
-0.9346	134.0531	-0.9346	157.4401	-0.9333	171.9026	-0.9318	167.9413	-0.9303	154.2489	-0.9308	123.8132	-0.9226	101.3579
-0.9336	136.9323	-0.9336	159.9513	-0.9323	173.2993	-0.9308	168.6069	-0.9293	155.6191	-0.9298	124.6044	-0.9216	102.0575
-0.9326	137.9859	-0.9327	161.0661	-0.9313	174.6275	-0.9298	169.8271	-0.9283	156.7815	-0.9287	125.7426	-0.9206	103.1089
-0.9316	140.3400	-0.9317	163.0952	-0.9304	175.5170	-0.9288	171.6868	-0.9273	157.5157	-0.9278	126.3932	-0.9196	103.7362
-0.9306	141.2429	-0.9306	164.0800	-0.9294	177.4564	-0.9279	172.5561	-0.9263	158.7388	-0.9268	127.1974	-0.9186	104.5214
-0.9296	143.1646	-0.9297	165.5666	-0.9283	178.9045	-0.9269	173.5409	-0.9253	160.2699	-0.9258	128.2936	-0.9176	105.1354
-0.9286	146.9701	-0.9287	168.8432	-0.9273	179.8259	-0.9259	175.5336	-0.9243	161.0053	-0.9248	129.0759	-0.9166	105.9170
-0.9277	147.2230	-0.9277	169.2148	-0.9263	181.4086	-0.9249	176.5955	-0.9233	162.2616	-0.9237	129.8974	-0.9156	106.8688
-0.9266	148.8825	-0.9266	170.8159	-0.9253	183.8743	-0.9238	177.7553	-0.9222	163.9222	-0.9227	130.9093	-0.9146	107.4145
-0.9256	152.3589	-0.9257	173.9881	-0.9243	184.6813	-0.9229	179.4062	-0.9213	165.1047	-0.9217	131.8132	-0.9136	108.1921
-0.9246	153.4981	-0.9246	174.8338	-0.9233	185.9961	-0.9218	180.7858	-0.9203	166.2979	-0.9207	133.0120	-0.9126	109.2069
-0.9236	154.9287	-0.9237	176.3545	-0.9223	188.4174	-0.9208	182.7712	-0.9192	167.7300	-0.9197	133.8525	-0.9117	109.7991
-0.9226	158.3698	-0.9227	179.1283	-0.9213	190.0319	-0.9198	183.7413	-0.9183	168.5884	-0.9187	134.8386	-0.9107	110.6414
-0.9216	159.8029	-0.9216	180.3764	-0.9203	191.5574	-0.9188	185.4196	-0.9173	169.6549	-0.9177	135.5329	-0.9096	111.4993
-0.9206	163.7432	-0.9206	183.9129	-0.9193	193.6020	-0.9178	186.2917	-0.9162	171.1694	-0.9167	136.3868	-0.9086	112.2943
-0.9196	164.9360	-0.9196	185.2329	-0.9183	194.5541	-0.9168	187.5668	-0.9152	172.2430	-0.9157	137.6409	-0.9076	113.1533
-0.9186	166.5008	-0.9186	186.5669	-0.9173	195.6272	-0.9158	189.6806	-0.9143	173.1606	-0.9148	138.2749	-0.9066	114.0005
-0.9176	167.3001	-0.9176	187.4854	-0.9163	197.8347	-0.9148	190.3743	-0.9133	174.6188	-0.9137	139.1358	-0.9056	114.8679
-0.9166	169.8038	-0.9166	189.6689	-0.9153	199.2831	-0.9139	191.7514	-0.9123	176.0051	-0.9128	140.4238	-0.9046	115.4375
-0.9156	172.5528	-0.9156	192.0423	-0.9143	200.2357	-0.9129	193.7868	-0.9113	177.0324	-0.9118	141.1803	-0.9036	116.3981
-0.9146	173.1502	-0.9147	192.8179	-0.9134	202.4812	-0.9119	194.9877	-0.9103	178.2875	-0.9108	142.0603	-0.9026	117.2172
-0.9136	175.4359	-0.9136	194.5710	-0.9124	204.0899	-0.9109	196.0490	-0.9093	179.9279	-0.9098	143.2164	-0.9016	117.8470
-0.9126	179.2312	-0.9127	197.9965	-0.9114	205.3532	-0.9099	198.1623	-0.9083	181.1950	-0.9088	144.1387	-0.9007	118.8021
-0.9116	180.1482	-0.9117	198.7529	-0.9104	206.7362	-0.9088	199.4302	-0.9073	182.3165	-0.9078	145.3445	-0.8996	119.6705
-0.9107	181.7673	-0.9107	200.5753	-0.9094	209.4403	-0.9079	201.4584	-0.9062	184.1229	-0.9067	146.3754	-0.8986	120.4675
-0.9097	185.6288	-0.9097	203.6237	-0.9084	211.0289	-0.9068	202.8103	-0.9053	184.8850	-0.9057	147.3454	-0.8976	121.2562
-0.9086	186.9306	-0.9086	205.0144	-0.9073	212.4033	-0.9059	204.2117	-0.9043	186.0648	-0.9047	148.0919	-0.8966	122.3252
-0.9076	189.2630	-0.9076	207.2537	-0.9063	214.7171	-0.9048	205.2550	-0.9033	187.8460	-0.9037	149.1427	-0.8956	123.1861
-0.9067	192.2106	-0.9066	209.7863	-0.9053	215.6113	-0.9038	206.8620	-0.9023	188.9285	-0.9027	150.2922	-0.8946	124.0392
-0.9056	193.1872	-0.9057	210.9663	-0.9043	217.0824	-0.9028	208.9677	-0.9013	189.9572	-0.9018	151.0961	-0.8936	125.0529
-0.9047	194.6496	-0.9046	212.3488	-0.9034	219.6186	-0.9018	209.7994	-0.9003	191.6930	-0.9008	152.0923	-0.8926	125.7904
-0.9036	197.8118	-0.9037	215.2493	-0.9023	220.8508	-0.9009	211.3278	-0.8993	193.0078	-0.8997	153.4099	-0.8916	126.5598
-0.9026	199.7563	-0.9027	216.8599	-0.9014	222.0843	-0.8999	213.6249	-0.8983	194.0935	-0.8988	154.2297	-0.8906	127.6131
-0.9017	200.5018	-0.9016	217.7116	-0.9003	224.4968	-0.8989	214.5787	-0.8973	195.7084	-0.8978	155.2217	-0.8896	128.3524
-0.9007	203.3486	-0.9006	220.1911	-0.8993	226.0236	-0.8978	216.1870	-0.8963	197.2182	-0.8968	156.6194	-0.8886	129.1523
-0.8996	206.4538	-0.8996	222.9641	-0.8984	227.3951	-0.8969	218.3453	-0.8953	198.8902	-0.8958	157.6063	-0.8876	130.1124
-0.8986	207.6827	-0.8986	224.1326	-0.8974	229.6065	-0.8959	219.7515	-0.8942	200.1469	-0.8947	158.7294	-0.8866	131.0200
-0.8977	209.6312	-0.8977	226.1317	-0.8963	231.5857	-0.8949	221.7737	-0.8932	201.7376	-0.8937	159.9267	-0.8856	131.9018
-0.8967	211.4756	-0.8966	229.7728	-0.8954	233.9996	-0.8938	223.5632	-0.8923	202.7759	-0.8927	160.8524	-0.8846	132.7118
-0.8956	217.1918	-0.8957	231.5215	-0.8944	235.1743	-0.8928	224.8107	-0.8913	204.1030	-0.8917	161.8075	-0.8836	133.8373
-0.8946	219.0374	-0.8946	233.3535	-0.8933	237.6449	-0.8919	226.0453	-0.8903	206.1094	-0.8908	163.0558	-0.8826	134.7615
-0.8936	222.2313	-0.8936	236.4303	-0.8924	238.4375	-0.8908	228.0837	-0.8893	207.0003	-0.8897	164.1587	-0.8816	135.6154
-0.8926	223.1418	-0.8926	237.2344	-0.8913	240.1492	-0.8898	229.7645	-0.8883	208.3298	-0.8888	165.0395	-0.8806	136.8430
-0.8916	224.6187	-0.8916	238.6325	-0.8903	242.8954	-0.8889	230.8289	-0.8873	210.2750	-0.8878	166.2461	-0.8796	137.4625
-0.8906	228.4445	-0.8907	241.7934	-0.8893	243.9899	-0.8878	232.7655	-0.8863	211.5113	-0.8868	167.4926	-0.8786	138.3599
-0.8896	229.7581	-0.8896	243.2424	-0.8883	245.4630	-0.8869	234.9158	-0.8853	212.8307	-0.8857	168.4390	-0.8776	139.5079
-0.8887	230.8590	-0.8886	244.5804	-0.8873	248.3326	-0.8858	236.0897	-0.8843	214.7688	-0.8847	169.4831	-0.8766	140.2899
-0.8877	234.7376	-0.8876	247.5491	-0.8863	249.7896	-0.8849	237.6618	-0.8833	216.1129	-0.8837	170.9882	-0.8756	141.1771
-0.8867	236.7998	-0.8866	249.6539	-0.8853	251.3199	-0.8838	240.3776	-0.8822	218.0073	-0.8827	172.0928	-0.8746	142.2109
-0.8856	238.1207	-0.8856	251.1322	-0.8843	253.9711	-0.8828	241.8706	-0.8812	219.4811	-0.8818	173.2423	-0.8736	143.2184
-0.8847	240.9143	-0.8846	253.6975	-0.8833	255.6869	-0.8818	243.6622	-0.8802	220.9442	-0.8807	174.6687	-0.8726	144.1115
-0.8836	244.1777	-0.8836	256.0801	-0.8823	258.3232	-0.8808	245.7338	-0.8792	222.2141	-0.8798	175.6335	-0.8716	145.0996
-0.8826	246.9753	-0.8826	258.9258	-0.8814	260.1234	-0.8798	247.1604	-0.8782	223.7905	-0.8787	176.5721	-0.8706	146.2396
-0.8817	248.4126	-0.8816	260.4257	-0.8803	262.0773	-0.8788	248.6038	-0.8772	225.6262	-0.8777	178.0795	-0.8696	147.2346
-0.8806	252.5695	-0.8806	265.1314	-0.8793	263.2434	-0.8778	250.8904	-0.8763	226.7508	-0.8767	179.1526	-0.8686	148.1744
-0.8796	252.9501	-0.8796	265.5251	-0.8783	265.1648	-0.8768	252.4830	-0.8753	228.3076	-0.8758	180.0950	-0.8676	149.2988
-0.8786	255.0817	-0.8786	267.0767	-0.8773	268.3058	-0.8759	253.5865	-0.8743	230.4902	-0.8748	181.5693	-0.8666	150.0827
-0.8777	259.3879	-0.8776	270.5443	-0.8763	269.1996	-0.8749	256.0213	-0.8733	231.6344	-0.8737	182.8131	-0.8656	151.1525
-0.8766	260.3928	-0.8766	271.6347	-0.8753	270.9974	-0.8739	257.9275	-0.8723	233.1453	-0.8728	183.8267	-0.8646	152.2407
-0.8757	261.8121	-0.8756	273.1570	-0.8743	274.1617	-0.8728	259.4006	-0.8713	235.2803	-0.8718	185.2034	-0.8636	153.2150
-0.8747	266.0343	-0.8746	277.0158	-0.8734	275.4570	-0.8717	260.5767	-0.8703	236.7580	-0.8708	186.5798	-0.8627	154.0966
-0.8737	267.5994	-0.8736	278.4900	-0.8723	277.1636	-0.8706	264.4717	-0.8693	238.6299	-0.8698	188.1139	-0.8617	155.2754
-0.8727	269.3642	-0.8727	280.1022	-0.8713	280.2685	-0.8696	267.3370	-0.8682	240.4674	-0.8688	189.1672	-0.8606	156.3500
-0.8716	273.1891	-0.8717	283.5979	-0.8704	281.7224	-0.8686	269.0793	-0.8673	241.9530	-0.8677	190.6761	-0.8596	157.1564
-0.8707	275.3690	-0.8707	285.6511	-0.8694	284.6602	-0.8676	271.2343	-0.8663	243.3086	-0.8668	191.6726	-0.8587	158.4234
-0.8697	279.0459	-0.8697	289.0084	-0.8683	286.7779	-0.8666	272.5588	-0.8653	245.2428	-0.8658	192.8337	-0.8577	159.4448
-0.8687	280.8534	-0.8686	290.6452	-0.8673	288.5415	-0.8656	274.4386	-0.8643	246.9893	-0.8647	194.4752	-0.8566	160.6283
-0.8676	284.0744	-0.8676	293.5969	-0.8664	290.0209	-0.8645	277.1992	-0.8633	248.3256	-0.8637	195.4424	-0.8556	161.7898
-0.8667	285.1456	-0.8667	294.8510	-0.8653	292.6360	-0.8636	278.2689	-0.8623	250.0881	-0.8627	196.6242	-0.8546	162.7745
-0.8657	287.3844	-0.8656	296.9120	-0.8643	294.9810	-0.8626	280.1935	-0.8612	252.2225	-0.8618	198.2692	-0.8536	163.7619
-0.8646	292.1924	-0.8646	301.2147	-0.8633	296.2624	-0.8616	282.9736	-0.8603	253.5709	-0.8608	199.4735	-0.8526	164.7854
-0.8637	292.4045	-0.8636	301.8144	-0.8624	298.3889	-0.8606	284.3879	-0.8593	255.2861	-0.8598	200.6687	-0.8516	166.0777
-0.8627	294.5951	-0.8627	303.8569	-0.8613	301.8138	-0.8596	286.1856	-0.8583	257.6367	-0.8588	202.1779	-0.8506	167.1157
-0.8617	299.3104	-0.8616	308.0140	-0.8603	303.0698	-0.8586	288.9014	-0.8573	259.2470	-0.8577	203.5128	-0.8497	167.9592
-0.8607	300.7890	-0.8606	309.5094	-0.8594	304.9847	-0.8575	290.5562	-0.8562	261.1495	-0.8567	205.1037	-0.8486	169.4569
-0.8597	302.7350	-0.8596	311.2927	-0.8584	308.4094	-0.8566	293.2796	-0.8552	263.4106	-0.8558	206.4311	-0.8476	170.3897
-0.8587	306.9989	-0.8586	314.9940	-0.8573	310.4927	-0.8556	295.4464	-0.8543	264.8552	-0.8548	207.8383	-0.8466	171.4058
-0.8577	308.5814	-0.8576	316.8817	-0.8563	312.5952	-0.8546	297.2401	-0.8532	266.3551	-0.8537	209.0354	-0.8456	172.7846
-0.8567	313.0743	-0.8566	320.8615	-0.8553	315.6007	-0.8535	298.9297	-0.8523	268.6921	-0.8528	210.3280	-0.8446	173.7542
-0.8557	315.4896	-0.8556	323.0701	-0.8543	317.1423	-0.8526	301.2519	-0.8513	270.2780	-0.8518	212.1050	-0.8436	175.1941
-0.8546	317.6264	-0.8547	325.0373	-0.8534	319.0504	-0.8515	303.4860	-0.8503	271.6252	-0.8508	213.1812	-0.8426	176.3773
-0.8536	318.8791	-0.8536	326.8823	-0.8523	321.9013	-0.8506	305.0296	-0.8493	273.8684	-0.8498	214.5312	-0.8416	177.4068
-0.8526	322.0148	-0.8526	329.3977	-0.8513	324.0213	-0.8496	307.0582	-0.8483	275.8723	-0.8487	216.3318	-0.8406	178.5414
-0.8517	326.0038	-0.8517	332.9452	-0.8503	325.3254	-0.8486	310.1294	-0.8473	277.3837	-0.8478	217.5452	-0.8396	179.6591
-0.8507	327.0270	-0.8506	334.1259	-0.8493	328.5541	-0.8476	311.5335	-0.8463	279.4135	-0.8468	218.9057	-0.8386	180.9721
-0.8496	329.6423	-0.8497	336.4521	-0.8483	331.1644	-0.8466	313.5767	-0.8452	281.7748	-0.8457	220.6245	-0.8376	181.9579
-0.8487	335.0872	-0.8486	341.4825	-0.8474	332.7864	-0.8455	316.6878	-0.8443	283.9120	-0.8447	222.0419	-0.8366	183.0499
-0.8477	335.6853	-0.8476	342.3125	-0.8463	335.1136	-0.8446	318.8099	-0.8433	285.6877	-0.8437	223.8122	-0.8356	184.6014
-0.8467	338.1110	-0.8467	344.5463	-0.8453	338.6970	-0.8435	321.0968	-0.8422	288.0825	-0.8427	225.2717	-0.8346	185.4917
-0.8457	343.2706	-0.8456	349.2221	-0.8444	341.2770	-0.8426	323.6966	-0.8412	289.4678	-0.8417	226.7587	-0.8336	186.7891
-0.8447	345.1509	-0.8446	351.0981	-0.8433	343.3178	-0.8415	325.6797	-0.8402	291.3663	-0.8407	227.9718	-0.8326	188.1877
-0.8437	349.0061	-0.8436	354.7868	-0.8423	346.6865	-0.8406	327.3990	-0.8392	293.7659	-0.8398	229.5852	-0.8317	189.4122
-0.8427	352.7166	-0.8426	357.8047	-0.8413	348.2501	-0.8395	330.0456	-0.8383	295.4706	-0.8387	231.2516	-0.8307	190.6968
-0.8417	354.1705	-0.8416	359.4263	-0.8403	350.1442	-0.8385	332.2543	-0.8373	297.1114	-0.8377	232.4975	-0.8296	191.9658
-0.8407	356.0462	-0.8406	361.6195	-0.8393	353.4806	-0.8375	333.8397	-0.8362	299.6359	-0.8368	233.9891	-0.8286	193.1724
-0.8396	360.4093	-0.8396	365.1986	-0.8383	355.4769	-0.8366	336.6072	-0.8353	301.5248	-0.8357	235.9745	-0.8277	194.2934
-0.8386	362.9645	-0.8386	367.8907	-0.8374	357.0826	-0.8356	339.2288	-0.8343	303.3718	-0.8348	237.2335	-0.8266	195.6517
-0.8377	364.0683	-0.8376	368.9571	-0.8363	360.6032	-0.8345	340.9331	-0.8333	305.7164	-0.8337	238.7209	-0.8256	196.9714
-0.8367	367.7836	-0.8366	372.3443	-0.8353	362.9949	-0.8336	343.1417	-0.8323	307.7894	-0.8328	240.6284	-0.8246	197.9827
-0.8357	372.0271	-0.8356	376.3838	-0.8343	364.8826	-0.8326	346.4331	-0.8313	310.1709	-0.8318	242.1908	-0.8236	199.4196
-0.8347	373.4011	-0.8347	377.8832	-0.8334	367.9233	-0.8316	348.8687	-0.8303	312.1483	-0.8307	243.8611	-0.8226	200.7703
-0.8337	376.0911	-0.8337	380.5504	-0.8323	370.7554	-0.8306	350.9282	-0.8292	314.6051	-0.8298	245.6651	-0.8216	201.8840
-0.8327	381.9068	-0.8327	385.7067	-0.8314	373.9182	-0.8296	354.0671	-0.8283	316.3736	-0.8287	247.0786	-0.8206	203.3217
-0.8317	384.5377	-0.8317	387.9949	-0.8304	375.8356	-0.8286	355.8630	-0.8273	318.3194	-0.8277	248.4771	-0.8197	204.6753
-0.8307	386.6969	-0.8306	390.5981	-0.8293	379.6298	-0.8276	357.9208	-0.8262	321.1059	-0.8268	250.3957	-0.8186	206.3709
-0.8296	391.6086	-0.8297	394.8003	-0.8284	381.0325	-0.8266	361.0958	-0.8253	322.6090	-0.8257	252.0290	-0.8176	207.6851
-0.8286	393.3381	-0.8286	396.5324	-0.8273	383.4401	-0.8256	363.1758	-0.8243	324.5580	-0.8247	253.3492	-0.8166	209.1230
-0.8277	395.1739	-0.8277	398.2716	-0.8263	387.2003	-0.8245	364.8924	-0.8233	327.3666	-0.8238	255.1609	-0.8156	210.2962
-0.8267	400.3765	-0.8266	402.9986	-0.8253	388.7880	-0.8236	368.0469	-0.8222	329.2536	-0.8228	257.0255	-0.8146	211.3882
-0.8257	402.2804	-0.8256	404.9493	-0.8244	390.9377	-0.8226	370.3973	-0.8213	331.1866	-0.8218	258.4635	-0.8136	213.0494
-0.8247	403.6082	-0.8246	406.5587	-0.8233	394.9864	-0.8216	372.4365	-0.8203	333.8840	-0.8208	260.1250	-0.8126	214.0550
-0.8237	408.8552	-0.8236	411.1123	-0.8223	396.9283	-0.8206	375.3320	-0.8193	335.9577	-0.8197	262.2284	-0.8116	215.4158
-0.8227	411.7437	-0.8226	414.1223	-0.8214	399.2687	-0.8196	378.0776	-0.8183	339.7865	-0.8188	264.2133	-0.8106	217.1109
-0.8217	413.5994	-0.8217	416.1544	-0.8203	402.8385	-0.8185	382.2887	-0.8172	341.4793	-0.8177	266.1217	-0.8096	218.3221
-0.8207	417.4299	-0.8207	419.3665	-0.8193	405.2548	-0.8176	383.9279	-0.8163	343.6296	-0.8167	267.9776	-0.8086	219.6620
-0.8197	422.2428	-0.8196	423.6843	-0.8183	411.0421	-0.8165	386.9632	-0.8152	345.3396	-0.8157	269.3836	-0.8076	221.1169
-0.8187	429.4677	-0.8186	429.9477	-0.8173	412.4791	-0.8155	388.5688	-0.8143	347.5146	-0.8147	270.8722	-0.8066	222.5484
-0.8176	430.2076	-0.8176	431.3915	-0.8163	415.1012	-0.8146	390.8638	-0.8132	350.2573	-0.8137	272.9760	-0.8056	224.1405
-0.8166	434.9151	-0.8166	435.4099	-0.8154	416.6370	-0.8135	394.4859	-0.8122	351.9140	-0.8127	274.5805	-0.8046	225.4209
-0.8156	435.4551	-0.8156	436.0977	-0.8143	419.0584	-0.8126	396.1710	-0.8113	354.2279	-0.8117	276.0607	-0.8036	226.9956
-0.8147	437.9238	-0.8146	438.4887	-0.8133	423.2782	-0.8116	398.3448	-0.8103	357.1961	-0.8108	278.1314	-0.8026	228.1938
-0.8136	443.7794	-0.8136	443.5814	-0.8123	424.4856	-0.8105	401.6573	-0.8092	359.0219	-0.8097	279.9954	-0.8016	229.5028
-0.8126	444.7786	-0.8126	445.2187	-0.8114	427.0590	-0.8096	403.9371	-0.8083	361.1243	-0.8087	281.4830	-0.8006	231.2979
-0.8117	446.4323	-0.8116	446.9440	-0.8103	431.4487	-0.8086	406.0908	-0.8072	363.9765	-0.8077	283.4046	-0.7996	232.8175
-0.8107	452.5279	-0.8107	451.9492	-0.8093	433.1469	-0.8076	409.3157	-0.8062	366.2010	-0.8067	285.3680	-0.7986	234.0775
-0.8096	454.6057	-0.8096	454.3955	-0.8084	435.4111	-0.8066	411.9989	-0.8052	368.9654	-0.8057	287.4670	-0.7976	235.5824
-0.8087	456.6502	-0.8086	456.5788	-0.8073	439.6467	-0.8055	415.1206	-0.8042	371.3861	-0.8047	289.1346	-0.7967	237.0137
-0.8077	462.1422	-0.8076	461.0450	-0.8063	441.7693	-0.8046	417.6455	-0.8032	373.5603	-0.8037	291.2757	-0.7957	238.3752
-0.8066	465.1199	-0.8066	464.4356	-0.8053	445.7652	-0.8035	420.3456	-0.8022	375.6811	-0.8027	292.8096	-0.7946	239.8596
-0.8056	470.0022	-0.8056	468.5746	-0.8043	448.6106	-0.8025	422.3498	-0.8012	378.2776	-0.8018	294.5798	-0.7936	241.4348
-0.8046	472.4272	-0.8046	470.9208	-0.8033	451.1534	-0.8016	424.8006	-0.8002	380.8000	-0.8007	296.7228	-0.7926	243.1195
-0.8036	476.7303	-0.8036	474.9088	-0.8024	452.9990	-0.8005	428.5437	-0.7992	382.8210	-0.7997	298.7131	-0.7916	244.5874
-0.8027	478.0200	-0.8026	476.2816	-0.8013	456.4359	-0.7995	430.3162	-0.7983	385.1127	-0.7987	300.2503	-0.7906	246.1506
-0.8016	481.2076	-0.8016	479.1022	-0.8003	459.5994	-0.7985	432.6309	-0.7973	388.1674	-0.7978	302.4393	-0.7896	247.4120
-0.8006	487.5293	-0.8006	484.8045	-0.7993	461.3960	-0.7975	436.3289	-0.7962	390.0523	-0.7968	304.1559	-0.7886	248.9812
-0.7996	487.6457	-0.7996	485.5235	-0.7983	463.9584	-0.7966	438.3740	-0.7953	392.3432	-0.7958	305.9347	-0.7876	250.5490
-0.7987	490.6448	-0.7986	488.0842	-0.7973	468.4042	-0.7956	440.6749	-0.7942	395.6764	-0.7948	308.0262	-0.7866	251.8927
-0.7976	497.3211	-0.7976	493.8175	-0.7964	470.2216	-0.7946	444.3164	-0.7933	397.9306	-0.7938	310.0054	-0.7856	253.3743
-0.7967	499.1566	-0.7966	495.9366	-0.7953	472.7296	-0.7936	446.6135	-0.7922	400.6419	-0.7927	312.2548	-0.7846	255.0969
-0.7957	501.4016	-0.7956	498.1593	-0.7943	477.0033	-0.7926	450.2696	-0.7912	403.3024	-0.7917	314.0898	-0.7836	256.5301
-0.7947	506.9337	-0.7946	503.2699	-0.7933	479.7676	-0.7916	452.9722	-0.7902	405.3968	-0.7907	316.1201	-0.7826	257.9338
-0.7937	509.2125	-0.7936	505.4521	-0.7923	483.0470	-0.7906	455.3442	-0.7893	407.5075	-0.7897	317.8027	-0.7816	259.7182
-0.7926	516.3768	-0.7926	511.1900	-0.7913	486.4745	-0.7896	457.3078	-0.7882	410.3729	-0.7887	319.6567	-0.7806	261.2517
-0.7916	518.5311	-0.7916	513.6722	-0.7903	488.3769	-0.7885	460.3895	-0.7872	412.7723	-0.7877	322.0503	-0.7796	262.8488
-0.7906	520.8911	-0.7906	516.4167	-0.7893	490.4841	-0.7875	463.2941	-0.7862	414.5477	-0.7867	323.6242	-0.7786	264.5479
-0.7897	522.5834	-0.7896	518.0271	-0.7883	494.1380	-0.7865	465.1434	-0.7852	417.5580	-0.7857	325.4737	-0.7776	265.9845
-0.7886	526.1582	-0.7886	521.2937	-0.7873	496.9834	-0.7856	467.6745	-0.7843	420.0842	-0.7847	327.8712	-0.7751	269.1824
-0.7876	531.7014	-0.7876	525.6493	-0.7863	498.5058	-0.7846	471.5719	-0.7832	422.1223	-0.7837	329.6064	-0.7727	273.4257
-0.7866	532.1802	-0.7866	526.9718	-0.7853	502.2544	-0.7836	473.2439	-0.7822	424.6124	-0.7827	331.4683	-0.7716	275.2909
-0.7856	535.5393	-0.7856	529.6271	-0.7843	505.2541	-0.7826	475.7097	-0.7812	427.6861	-0.7818	333.7822	-0.7707	276.7287
-0.7846	542.3450	-0.7846	535.7515	-0.7833	507.2890	-0.7816	479.5372	-0.7803	430.2015	-0.7807	335.6830	-0.7697	278.2265
-0.7836	542.9355	-0.7836	536.6948	-0.7823	509.9522	-0.7805	481.8934	-0.7792	432.5530	-0.7797	338.0383	-0.7686	280.1900
-0.7826	545.7849	-0.7827	539.0882	-0.7813	514.3497	-0.7796	484.5978	-0.7783	435.6749	-0.7787	340.0562	-0.7676	281.7623
-0.7817	552.1548	-0.7816	544.5567	-0.7803	513.9322	-0.7786	487.8448	-0.7773	437.5135	-0.7777	341.9176	-0.7666	283.4162
-0.7807	554.0968	-0.7806	546.6140	-0.7792	521.3480	-0.7776	489.8463	-0.7762	439.6764	-0.7767	343.6313	-0.7656	285.2556
-0.7797	558.1824	-0.7797	550.7172	-0.7782	525.7916	-0.7766	491.9932	-0.7753	442.7006	-0.7758	345.7743	-0.7647	286.5651
-0.7787	562.9046	-0.7786	554.6258	-0.7773	527.2271	-0.7756	495.0957	-0.7742	444.7485	-0.7747	348.0543	-0.7636	288.1176
-0.7777	564.5531	-0.7776	556.4010	-0.7762	529.2874	-0.7746	497.6806	-0.7733	446.7977	-0.7737	349.6874	-0.7626	289.8753
-0.7767	565.7930	-0.7766	557.9402	-0.7752	533.5512	-0.7735	499.2611	-0.7723	449.8900	-0.7728	351.6419	-0.7616	291.4797
-0.7757	570.6593	-0.7756	562.3542	-0.7742	535.0538	-0.7726	502.5025	-0.7713	452.3097	-0.7717	354.1923	-0.7606	292.8160
-0.7746	573.5898	-0.7746	565.1277	-0.7732	536.8569	-0.7716	505.4383	-0.7703	454.3015	-0.7707	355.8148	-0.7596	294.5653
-0.7737	574.0015	-0.7736	565.9784	-0.7722	540.9380	-0.7705	507.3174	-0.7692	457.0760	-0.7698	357.7410	-0.7586	296.3503
-0.7727	578.4663	-0.7726	569.5408	-0.7712	543.1681	-0.7695	509.6508	-0.7683	459.5446	-0.7687	360.1958	-0.7577	297.6783
-0.7717	583.7193	-0.7716	574.0580	-0.7702	545.0592	-0.7686	513.2565	-0.7673	462.4054	-0.7677	362.1669	-0.7567	299.2405
-0.7707	584.7353	-0.7707	574.9614	-0.7693	548.4035	-0.7676	515.8220	-0.7663	464.5210	-0.7667	364.3483	-0.7557	301.1707
-0.7697	587.5356	-0.7696	577.7606	-0.7683	551.0669	-0.7665	518.0660	-0.7652	467.3752	-0.7657	366.5064	-0.7547	302.7286
-0.7686	594.3872	-0.7686	583.3986	-0.7672	554.4324	-0.7656	521.2699	-0.7642	469.0528	-0.7647	368.3143	-0.7536	304.4851
-0.7676	596.4841	-0.7677	585.2686	-0.7662	556.3194	-0.7645	522.7716	-0.7632	471.2195	-0.7637	370.1669	-0.7526	306.2205
-0.7666	598.6009	-0.7666	587.7173	-0.7652	559.7979	-0.7636	524.7504	-0.7623	474.4518	-0.7627	372.3855	-0.7516	307.6286
-0.7657	603.9916	-0.7656	592.2031	-0.7642	560.8010	-0.7626	528.0519	-0.7612	476.0993	-0.7617	374.4403	-0.7506	309.1364
-0.7646	604.4354	-0.7646	592.9795	-0.7632	563.0096	-0.7615	529.9097	-0.7603	478.0597	-0.7608	376.0939	-0.7496	310.8269
-0.7636	605.9521	-0.7636	594.0467	-0.7622	567.1253	-0.7606	531.4971	-0.7592	481.1485	-0.7597	378.2448	-0.7486	312.5553
-0.7626	611.5907	-0.7626	598.9114	-0.7612	567.6584	-0.7595	534.4682	-0.7583	483.0341	-0.7587	380.4441	-0.7476	313.8674
-0.7616	613.0002	-0.7616	600.4023	-0.7603	569.6403	-0.7586	536.8444	-0.7573	485.0410	-0.7578	382.3062	-0.7467	315.6536
-0.7606	612.6637	-0.7606	600.8354	-0.7592	573.3590	-0.7576	538.6587	-0.7563	487.7501	-0.7568	384.2268	-0.7456	317.2638
-0.7596	618.5112	-0.7596	605.5728	-0.7583	575.0490	-0.7566	541.1941	-0.7553	490.0353	-0.7558	386.7523	-0.7447	318.6288
-0.7586	620.8824	-0.7587	607.8884	-0.7572	576.6035	-0.7555	543.8130	-0.7542	492.8500	-0.7547	388.6759	-0.7436	320.4420
-0.7576	621.7222	-0.7577	609.0023	-0.7562	580.1574	-0.7545	546.3105	-0.7533	494.9857	-0.7537	390.6525	-0.7427	322.1324
-0.7566	624.8800	-0.7566	611.7084	-0.7552	581.8491	-0.7536	548.0725	-0.7522	497.2402	-0.7527	392.9875	-0.7417	323.7809
-0.7557	629.7407	-0.7556	615.8688	-0.7542	585.1307	-0.7525	551.2660	-0.7513	498.8399	-0.7517	394.6612	-0.7406	325.4776
-0.7547	633.1447	-0.7546	618.4053	-0.7533	587.0832	-0.7516	552.2649	-0.7503	501.0639	-0.7508	396.4085	-0.7396	327.0913
-0.7537	633.8696	-0.7536	619.6974	-0.7522	588.9576	-0.7506	553.9491	-0.7493	503.6431	-0.7498	398.7551	-0.7387	328.5420
-0.7527	639.5204	-0.7526	624.3229	-0.7513	590.0605	-0.7496	557.1367	-0.7482	505.0434	-0.7487	400.5947	-0.7377	330.0539
-0.7516	638.3868	-0.7516	623.5276	-0.7503	592.2238	-0.7486	558.2660	-0.7472	507.1501	-0.7477	402.2762	-0.7367	331.9407
-0.7507	639.6035	-0.7506	625.2375	-0.7493	595.2412	-0.7476	559.7051	-0.7462	510.1665	-0.7467	404.5054	-0.7356	333.2950
-0.7496	645.6090	-0.7496	629.5740	-0.7482	595.7503	-0.7465	562.7109	-0.7453	511.5180	-0.7457	406.4038	-0.7346	334.6103
-0.7486	644.8939	-0.7486	629.9276	-0.7472	597.4040	-0.7455	564.1707	-0.7442	513.3202	-0.7447	408.3016	-0.7336	336.5456
-0.7477	645.5151	-0.7476	630.7247	-0.7462	601.1664	-0.7445	565.4826	-0.7433	516.3147	-0.7437	410.2548	-0.7327	338.0584
-0.7466	651.0085	-0.7466	634.8774	-0.7452	601.5727	-0.7436	568.1615	-0.7422	517.9652	-0.7427	412.3538	-0.7316	339.5028
-0.7456	651.8567	-0.7456	636.0581	-0.7443	602.7775	-0.7425	570.0114	-0.7412	520.4602	-0.7417	414.6205	-0.7306	341.2685
-0.7446	652.7064	-0.7447	636.7504	-0.7432	606.2725	-0.7415	572.9343	-0.7403	522.4454	-0.7407	416.4302	-0.7297	342.6882
-0.7437	656.3674	-0.7437	640.1126	-0.7422	607.5585	-0.7405	574.2213	-0.7392	524.1259	-0.7397	418.7109	-0.7286	344.5879
-0.7427	658.4236	-0.7426	642.2738	-0.7412	610.2346	-0.7395	576.0443	-0.7382	525.4885	-0.7387	420.1548	-0.7276	346.0400
-0.7416	663.7390	-0.7417	646.2760	-0.7402	612.2054	-0.7386	576.9677	-0.7373	527.7055	-0.7378	421.9191	-0.7266	347.6261
-0.7406	663.2417	-0.7406	646.3493	-0.7392	612.9442	-0.7375	578.2877	-0.7362	529.6879	-0.7367	424.2495	-0.7256	348.9833
-0.7396	666.6565	-0.7396	649.2025	-0.7382	613.4360	-0.7365	581.1645	-0.7353	530.8470	-0.7357	425.7260	-0.7246	350.3949
-0.7386	665.8413	-0.7386	648.5493	-0.7372	615.8383	-0.7356	581.4445	-0.7343	532.7408	-0.7347	427.4143	-0.7236	352.2638
-0.7376	666.8380	-0.7376	649.8996	-0.7362	617.4675	-0.7345	582.7707	-0.7332	535.0168	-0.7337	429.6203	-0.7226	353.5228
-0.7366	672.5654	-0.7366	654.4840	-0.7352	617.5456	-0.7335	585.5976	-0.7323	536.3315	-0.7327	431.2916	-0.7216	354.8348
-0.7356	670.5232	-0.7356	652.7913	-0.7342	619.2617	-0.7326	586.3422	-0.7313	537.7792	-0.7318	432.9360	-0.7207	356.7464
-0.7347	671.4696	-0.7347	653.5140	-0.7332	621.6444	-0.7316	587.2147	-0.7303	540.4589	-0.7307	435.0093	-0.7196	357.9118
-0.7337	677.0072	-0.7336	657.9611	-0.7322	621.8473	-0.7305	589.6800	-0.7293	541.8990	-0.7297	437.0871	-0.7186	359.4721
-0.7326	676.4169	-0.7326	658.0479	-0.7312	622.7863	-0.7295	590.6905	-0.7283	543.5178	-0.7287	439.0832	-0.7177	361.1550
-0.7317	676.7946	-0.7316	658.5059	-0.7302	626.0706	-0.7285	592.8297	-0.7272	545.5364	-0.7277	440.7016	-0.7166	362.5168
-0.7306	681.2740	-0.7306	662.0541	-0.7292	626.9848	-0.7275	594.0842	-0.7263	546.6467	-0.7267	442.6304	-0.7156	364.3416
-0.7297	681.8076	-0.7296	662.2793	-0.7282	627.8921	-0.7265	595.2181	-0.7253	547.7942	-0.7257	443.9989	-0.7146	365.8960
-0.7286	685.5511	-0.7286	665.9306	-0.7272	630.0704	-0.7256	595.5152	-0.7243	549.7457	-0.7248	445.6174	-0.7136	367.3607
-0.7276	686.5008	-0.7276	666.6639	-0.7262	630.1628	-0.7245	597.1362	-0.7233	551.0053	-0.7237	447.7593	-0.7127	368.4492
-0.7266	687.0636	-0.7266	667.3498	-0.7252	630.5939	-0.7235	598.3588	-0.7223	551.8184	-0.7227	449.0732	-0.7116	370.0094
-0.7256	686.5487	-0.7256	666.5136	-0.7242	632.7516	-0.7225	598.6862	-0.7213	553.5651	-0.7217	450.5238	-0.7107	371.6001
-0.7246	687.7282	-0.7246	667.6626	-0.7232	633.1485	-0.7216	599.5081	-0.7202	555.1209	-0.7207	452.6459	-0.7096	372.6695
-0.7236	690.7511	-0.7236	670.4194	-0.7222	632.7614	-0.7206	601.8631	-0.7192	556.0510	-0.7198	454.0840	-0.7086	374.1360
-0.7226	688.9283	-0.7227	669.2620	-0.7212	634.5929	-0.7195	601.7978	-0.7183	557.3177	-0.7188	455.5230	-0.7076	375.7408
-0.7216	689.9083	-0.7216	669.7052	-0.7202	635.8169	-0.7186	602.4236	-0.7173	559.1206	-0.7178	457.5663	-0.7066	376.9503
-0.7206	695.8005	-0.7206	674.5536	-0.7192	635.5381	-0.7176	604.5994	-0.7163	560.8584	-0.7168	458.9582	-0.7056	378.3089
-0.7196	692.9702	-0.7197	672.8221	-0.7182	636.4058	-0.7165	605.4697	-0.7152	562.1093	-0.7157	461.2187	-0.7047	379.8665
-0.7187	693.4597	-0.7187	672.4872	-0.7173	638.1647	-0.7156	606.7343	-0.7142	563.8356	-0.7147	462.7046	-0.7036	381.3131
-0.7176	697.8723	-0.7176	676.1323	-0.7163	640.0539	-0.7145	608.0856	-0.7132	564.2233	-0.7137	464.1878	-0.7027	382.6543
-0.7167	697.6659	-0.7166	675.9805	-0.7153	640.2630	-0.7136	608.1028	-0.7122	564.8060	-0.7127	465.3011	-0.7016	384.1881
-0.7156	700.9537	-0.7156	678.4737	-0.7142	642.4431	-0.7126	608.0195	-0.7112	566.5559	-0.7117	466.9570	-0.7007	385.5565
-0.7147	701.8881	-0.7146	679.1645	-0.7132	641.1272	-0.7116	609.3995	-0.7102	567.0975	-0.7107	468.7144	-0.6997	386.5958
-0.7136	700.3968	-0.7137	677.9815	-0.7122	640.9868	-0.7106	609.8153	-0.7093	567.4628	-0.7097	469.6597	-0.6986	388.0919
-0.7127	699.0963	-0.7126	676.3741	-0.7112	642.7842	-0.7096	609.2346	-0.7082	569.0595	-0.7087	471.0881	-0.6976	389.4275
-0.7117	701.1518	-0.7116	678.1211	-0.7103	641.7612	-0.7085	610.1446	-0.7073	569.7715	-0.7077	473.0457	-0.6967	390.3228
-0.7106	701.7446	-0.7107	678.8640	-0.7092	640.9393	-0.7075	611.2172	-0.7062	570.1819	-0.7067	474.0392	-0.6957	391.9028
-0.7096	698.3715	-0.7096	675.9175	-0.7083	643.0034	-0.7066	610.6819	-0.7052	571.5018	-0.7058	475.2932	-0.6946	393.1750
-0.7087	699.8498	-0.7086	677.1006	-0.7072	642.3765	-0.7056	610.8528	-0.7042	572.3200	-0.7047	477.2231	-0.6936	394.3479
-0.7076	702.2858	-0.7076	678.7996	-0.7062	641.6245	-0.7045	612.6916	-0.7032	573.4434	-0.7037	478.4020	-0.6927	395.4461
-0.7066	699.9918	-0.7066	676.5103	-0.7052	642.8703	-0.7035	612.8772	-0.7023	573.8742	-0.7027	479.8886	-0.6916	397.0946
-0.7056	699.6035	-0.7057	675.9388	-0.7042	644.0782	-0.7026	612.7457	-0.7012	574.9152	-0.7017	481.3460	-0.6907	398.3883
-0.7046	703.2655	-0.7046	679.2745	-0.7033	644.6664	-0.7015	614.0002	-0.7003	574.9521	-0.7007	482.5032	-0.6896	399.5405
-0.7036	701.8093	-0.7036	677.7044	-0.7022	643.6947	-0.7006	613.1740	-0.6992	575.2589	-0.6997	483.4647	-0.6886	401.0381
-0.7027	700.6611	-0.7026	677.1971	-0.7012	644.4374	-0.6996	612.5090	-0.6982	576.6750	-0.6987	484.9634	-0.6876	401.8433
-0.7016	702.0599	-0.7016	678.1459	-0.7002	642.4830	-0.6985	613.6611	-0.6972	576.3543	-0.6977	486.2160	-0.6867	402.9614
-0.7006	698.6209	-0.7006	675.1301	-0.6992	641.6712	-0.6975	613.0656	-0.6962	576.4201	-0.6968	486.9157	-0.6856	404.3985
-0.6996	695.5057	-0.6996	673.0149	-0.6982	643.3163	-0.6965	612.0942	-0.6953	577.7035	-0.6957	488.2705	-0.6846	405.2685
-0.6986	697.4041	-0.6986	674.0421	-0.6973	640.9397	-0.6955	612.8199	-0.6942	577.7250	-0.6947	489.6130	-0.6836	406.3532
-0.6976	694.5491	-0.6977	672.3548	-0.6962	639.8326	-0.6945	612.5901	-0.6932	577.5423	-0.6937	490.3612	-0.6826	407.5529
-0.6966	689.9765	-0.6966	668.6129	-0.6953	641.0833	-0.6936	611.6497	-0.6922	578.4061	-0.6928	491.2929	-0.6817	408.7195
-0.6956	691.7006	-0.6956	669.5250	-0.6943	639.5815	-0.6926	611.7367	-0.6912	578.5259	-0.6917	492.9695	-0.6807	409.6090
-0.6946	689.3677	-0.6946	668.1276	-0.6933	638.1664	-0.6915	611.9530	-0.6902	579.5981	-0.6907	494.1036	-0.6796	410.7661
-0.6936	685.4414	-0.6936	664.7580	-0.6923	638.6625	-0.6906	612.1960	-0.6892	579.5319	-0.6897	495.0654	-0.6787	411.9972
-0.6927	684.3214	-0.6926	663.4796	-0.6912	637.4375	-0.6895	611.3220	-0.6882	579.6324	-0.6887	496.3638	-0.6776	413.2000
-0.6916	683.7545	-0.6916	663.5488	-0.6902	638.4741	-0.6885	611.8123	-0.6872	579.3730	-0.6877	496.9890	-0.6767	414.1309
-0.6906	682.8194	-0.6906	663.0854	-0.6892	636.8559	-0.6875	610.0942	-0.6862	579.2129	-0.6867	497.7273	-0.6756	415.4214
-0.6896	678.1858	-0.6897	659.3617	-0.6882	635.6561	-0.6865	609.0316	-0.6852	579.7769	-0.6857	498.9385	-0.6747	416.0183
-0.6886	678.2509	-0.6886	659.7283	-0.6872	633.3479	-0.6855	609.6108	-0.6842	578.9206	-0.6847	499.6448	-0.6737	416.9839
-0.6877	670.9943	-0.6876	654.2814	-0.6862	632.2701	-0.6845	607.9594	-0.6832	578.4471	-0.6837	500.1701	-0.6726	418.2894
-0.6866	666.6135	-0.6866	650.6786	-0.6852	631.9620	-0.6836	606.5404	-0.6822	579.2614	-0.6828	501.2564	-0.6717	418.9630
-0.6856	666.7208	-0.6856	651.1268	-0.6842	629.0176	-0.6826	606.6577	-0.6812	578.4546	-0.6817	502.1053	-0.6706	419.8522
-0.6846	660.3948	-0.6846	646.3637	-0.6832	627.3526	-0.6815	605.5639	-0.6802	577.7568	-0.6807	502.5533	-0.6696	420.8538
-0.6836	655.4925	-0.6836	641.9767	-0.6822	627.8980	-0.6806	604.0506	-0.6792	578.3581	-0.6797	503.3631	-0.6687	421.7586
-0.6826	654.4610	-0.6826	641.9505	-0.6812	624.9016	-0.6796	603.7206	-0.6782	577.7544	-0.6787	504.3193	-0.6677	422.5359
-0.6817	648.9280	-0.6816	637.9674	-0.6802	622.8605	-0.6786	602.6371	-0.6772	577.6658	-0.6777	505.2376	-0.6666	423.6660
-0.6807	643.4748	-0.6806	633.6693	-0.6792	623.0463	-0.6775	602.4877	-0.6763	577.5325	-0.6767	505.6951	-0.6657	424.5426
-0.6797	641.4294	-0.6796	632.1402	-0.6782	620.5437	-0.6765	601.1809	-0.6752	576.6710	-0.6757	506.7655	-0.6647	425.4445
-0.6786	636.9602	-0.6787	629.3152	-0.6772	619.4095	-0.6756	600.1013	-0.6743	575.6975	-0.6747	506.8942	-0.6637	426.4584
-0.6776	634.1978	-0.6777	626.8786	-0.6762	618.2564	-0.6746	598.0952	-0.6733	575.3052	-0.6737	507.3308	-0.6626	427.2619
-0.6767	627.8837	-0.6766	622.5935	-0.6752	615.5263	-0.6735	596.7374	-0.6722	574.9039	-0.6727	508.2866	-0.6617	427.8151
-0.6756	624.8765	-0.6756	619.8769	-0.6742	612.5029	-0.6726	596.5498	-0.6713	573.5364	-0.6718	508.5111	-0.6607	428.6879
-0.6746	617.0745	-0.6746	614.2145	-0.6733	611.3342	-0.6716	593.8879	-0.6702	572.8744	-0.6707	508.6773	-0.6596	429.8232
-0.6736	611.5462	-0.6736	610.0174	-0.6722	609.4659	-0.6706	591.9987	-0.6692	572.8705	-0.6697	509.4466	-0.6587	430.3556
-0.6727	610.9899	-0.6726	609.5461	-0.6712	605.7789	-0.6695	592.0859	-0.6682	571.4724	-0.6687	509.8147	-0.6576	430.9085
-0.6716	601.7492	-0.6716	602.6192	-0.6702	604.6382	-0.6685	589.7671	-0.6673	570.4958	-0.6678	509.8922	-0.6566	431.9854
-0.6707	595.6024	-0.6706	597.4646	-0.6692	603.6460	-0.6676	587.6163	-0.6663	573.4142	-0.6667	510.5180	-0.6557	432.4669
-0.6696	594.6276	-0.6696	597.0533	-0.6682	599.6826	-0.6665	587.1711	-0.6652	573.6424	-0.6657	510.8384	-0.6546	432.9531
-0.6686	587.3303	-0.6686	591.6622	-0.6672	596.8440	-0.6655	585.2019	-0.6642	572.1312	-0.6647	511.4780	-0.6537	433.9515
-0.6676	580.8358	-0.6677	586.2047	-0.6662	596.8475	-0.6645	584.3633	-0.6632	570.7980	-0.6637	511.5696	-0.6526	434.4659
-0.6666	578.7302	-0.6666	584.6565	-0.6652	593.5661	-0.6635	582.8181	-0.6622	568.7903	-0.6627	512.0461	-0.6516	435.1909
-0.6657	571.8037	-0.6656	579.4518	-0.6643	590.9856	-0.6625	580.7424	-0.6613	566.8923	-0.6617	511.8683	-0.6506	435.9019
-0.6647	569.8291	-0.6646	577.6983	-0.6632	589.5815	-0.6615	578.2211	-0.6602	565.9535	-0.6608	511.9280	-0.6496	436.3469
-0.6637	563.4504	-0.6637	572.9640	-0.6622	585.6498	-0.6605	576.6511	-0.6592	564.7260	-0.6597	512.7043	-0.6486	436.8526
-0.6626	557.6100	-0.6626	568.0372	-0.6612	582.1113	-0.6595	575.4151	-0.6583	562.4529	-0.6588	512.5035	-0.6477	437.4480
-0.6616	550.0988	-0.6616	561.9465	-0.6602	580.7883	-0.6586	572.4530	-0.6572	561.5314	-0.6577	512.3249	-0.6466	438.1084
-0.6607	545.6155	-0.6606	558.4717	-0.6592	577.7131	-0.6575	570.2621	-0.6562	560.3288	-0.6568	512.7062	-0.6456	438.3323
-0.6596	542.8831	-0.6596	555.7504	-0.6582	573.4652	-0.6565	569.7330	-0.6553	558.5489	-0.6557	512.5146	-0.6446	438.6931
-0.6587	534.2307	-0.6586	548.9600	-0.6573	572.0046	-0.6556	566.7538	-0.6542	557.0999	-0.6547	512.2477	-0.6437	439.6067
-0.6577	529.3707	-0.6576	544.5958	-0.6562	569.4865	-0.6545	564.5033	-0.6533	556.3264	-0.6538	512.6376	-0.6426	439.7758
-0.6566	528.8617	-0.6566	543.9754	-0.6552	565.6801	-0.6535	563.6970	-0.6523	555.1169	-0.6527	512.3511	-0.6417	440.1311
-0.6557	520.5112	-0.6557	537.0402	-0.6543	563.2852	-0.6525	561.4938	-0.6513	553.4404	-0.6517	512.6462	-0.6407	440.8999
-0.6546	515.4254	-0.6546	532.3139	-0.6532	561.4685	-0.6515	559.5904	-0.6502	552.7821	-0.6507	512.4753	-0.6397	441.1994
-0.6537	514.3790	-0.6536	531.0643	-0.6522	559.3068	-0.6505	558.1297	-0.6492	550.5667	-0.6497	512.2952	-0.6387	441.7946
-0.6527	507.9644	-0.6527	526.0242	-0.6513	555.7459	-0.6495	555.4445	-0.6482	548.6559	-0.6487	511.7804	-0.6376	442.2962
-0.6516	504.2420	-0.6516	523.1435	-0.6502	554.3360	-0.6485	552.6139	-0.6472	547.8748	-0.6477	511.6459	-0.6367	442.4707
-0.6507	501.2206	-0.6506	519.8866	-0.6492	549.6314	-0.6475	551.1927	-0.6463	545.9945	-0.6467	511.6103	-0.6357	442.7050
-0.6496	494.9541	-0.6496	514.6867	-0.6482	546.2683	-0.6465	548.8938	-0.6453	543.7999	-0.6457	510.9113	-0.6347	443.0092
-0.6486	488.6948	-0.6486	509.3962	-0.6472	545.1047	-0.6455	545.7464	-0.6442	543.0450	-0.6447	510.4336	-0.6336	443.3706
-0.6476	487.3653	-0.6476	507.2545	-0.6462	541.0052	-0.6445	544.3547	-0.6433	541.3268	-0.6437	510.7213	-0.6327	443.4113
-0.6466	482.8047	-0.6466	503.3457	-0.6452	537.1307	-0.6435	542.6032	-0.6422	539.3153	-0.6427	510.0285	-0.6316	443.8636
-0.6456	475.4787	-0.6456	497.1781	-0.6442	536.0888	-0.6426	539.5165	-0.6413	538.0033	-0.6417	509.4231	-0.6306	444.2460
-0.6446	473.1498	-0.6446	494.5453	-0.6433	532.5824	-0.6416	537.1171	-0.6403	536.6075	-0.6408	509.5090	-0.6296	444.0775
-0.6436	471.4742	-0.6436	493.2127	-0.6422	528.8760	-0.6406	536.4511	-0.6393	535.6659	-0.6397	509.0276	-0.6286	444.4331
-0.6426	465.3728	-0.6426	487.5346	-0.6413	527.1203	-0.6396	534.3588	-0.6383	533.6600	-0.6388	508.7472	-0.6276	444.8876
-0.6417	461.7852	-0.6417	483.7158	-0.6403	524.5472	-0.6386	531.8781	-0.6372	532.4259	-0.6377	508.4751	-0.6266	445.0199
-0.6407	462.4185	-0.6406	484.0762	-0.6392	522.9674	-0.6376	530.6964	-0.6362	530.0562	-0.6367	507.7374	-0.6256	445.2726
-0.6397	458.0814	-0.6396	480.2644	-0.6382	519.2390	-0.6365	527.3131	-0.6352	528.2316	-0.6357	506.9923	-0.6247	445.4879
-0.6387	454.1778	-0.6386	476.4101	-0.6372	517.2663	-0.6356	524.5530	-0.6343	527.4314	-0.6347	506.3833	-0.6236	445.5287
-0.6377	453.1126	-0.6376	475.2781	-0.6362	512.9785	-0.6345	523.4632	-0.6333	524.8020	-0.6337	505.8070	-0.6226	445.4060
-0.6366	447.0187	-0.6366	469.7754	-0.6353	509.9095	-0.6336	520.5962	-0.6323	522.8883	-0.6327	504.8276	-0.6216	445.5926
-0.6357	442.2781	-0.6356	465.4906	-0.6343	509.2038	-0.6326	517.4814	-0.6312	522.2409	-0.6318	504.2838	-0.6206	445.7633
-0.6347	442.8719	-0.6346	465.0360	-0.6332	504.4907	-0.6315	516.3026	-0.6303	519.9384	-0.6307	503.9737	-0.6197	445.4045
-0.6337	438.1088	-0.6336	461.2139	-0.6323	501.2596	-0.6306	514.3229	-0.6293	517.9190	-0.6297	503.0084	-0.6187	445.8312
-0.6326	433.1819	-0.6326	456.4069	-0.6312	500.7720	-0.6295	511.2361	-0.6283	516.9899	-0.6287	502.1103	-0.6176	445.8200
-0.6317	433.1109	-0.6316	456.0176	-0.6302	497.0542	-0.6286	509.4787	-0.6272	515.0060	-0.6278	501.9913	-0.6166	445.7067
-0.6306	430.4793	-0.6306	453.2664	-0.6292	493.5209	-0.6276	507.8461	-0.6263	513.9065	-0.6268	501.2297	-0.6157	445.7461
-0.6297	425.4840	-0.6297	449.1399	-0.6282	492.4779	-0.6266	506.1047	-0.6253	512.1376	-0.6257	500.4419	-0.6146	445.7743
-0.6286	424.3896	-0.6286	447.2641	-0.6272	489.4307	-0.6255	503.5667	-0.6243	510.4985	-0.6248	500.0252	-0.6137	445.7539
-0.6276	423.7693	-0.6276	446.5972	-0.6262	488.2396	-0.6245	502.5718	-0.6233	508.0255	-0.6238	498.9444	-0.6127	445.4974
-0.6267	421.7751	-0.6266	444.6771	-0.6252	485.6099	-0.6235	499.1523	-0.6222	506.3648	-0.6227	497.9771	-0.6116	445.8076
-0.6256	418.1056	-0.6256	441.1735	-0.6242	483.0347	-0.6225	496.6728	-0.6212	505.2759	-0.6217	497.4547	-0.6106	445.5469
-0.6246	419.1236	-0.6246	441.8357	-0.6232	479.1996	-0.6215	495.8755	-0.6202	502.8442	-0.6207	496.4393	-0.6097	445.3263
-0.6237	413.0254	-0.6236	436.3901	-0.6223	477.0310	-0.6206	492.9239	-0.6193	500.8837	-0.6197	495.3335	-0.6086	445.6170
-0.6227	410.2365	-0.6226	433.4986	-0.6212	475.7193	-0.6196	490.1480	-0.6182	500.3082	-0.6187	494.6265	-0.6076	445.1354
-0.6217	411.6663	-0.6216	434.5225	-0.6202	471.7565	-0.6185	489.3689	-0.6173	497.9229	-0.6177	493.9328	-0.6066	444.9357
-0.6206	407.1076	-0.6206	430.5273	-0.6192	469.0596	-0.6176	486.8740	-0.6163	495.9750	-0.6168	492.7061	-0.6056	445.0492
-0.6197	403.7679	-0.6197	427.5443	-0.6182	469.2165	-0.6166	484.5780	-0.6153	495.0390	-0.6157	491.9157	-0.6047	444.7155
-0.6186	405.8826	-0.6186	428.5423	-0.6172	465.5162	-0.6155	483.2430	-0.6142	493.0581	-0.6147	491.2440	-0.6037	444.6162
-0.6176	402.2944	-0.6177	425.3469	-0.6162	462.7585	-0.6146	481.3155	-0.6133	491.2577	-0.6137	490.2112	-0.6027	444.3696
-0.6167	399.0456	-0.6166	422.5979	-0.6152	462.3872	-0.6136	478.9007	-0.6123	490.0350	-0.6127	489.0514	-0.6017	444.2327
-0.6157	399.8727	-0.6156	422.6493	-0.6142	459.4763	-0.6126	477.2670	-0.6113	488.3824	-0.6117	488.7323	-0.6007	444.2402
-0.6147	397.9669	-0.6146	421.1313	-0.6133	456.9811	-0.6116	475.8839	-0.6102	486.1709	-0.6107	487.3153	-0.5997	443.9153
-0.6136	395.6967	-0.6136	418.5606	-0.6123	456.3678	-0.6105	473.1502	-0.6093	485.0350	-0.6097	486.2472	-0.5986	443.8869
-0.6127	394.5859	-0.6127	417.1869	-0.6112	453.8721	-0.6095	470.8388	-0.6082	483.6408	-0.6087	485.6920	-0.5977	443.3079
-0.6116	394.5242	-0.6116	417.2700	-0.6102	450.8903	-0.6085	470.6187	-0.6073	481.0496	-0.6077	484.4737	-0.5967	443.1092
-0.6106	390.6787	-0.6106	413.7870	-0.6092	450.1410	-0.6076	467.3061	-0.6062	479.7433	-0.6068	483.1712	-0.5956	443.0316
-0.6097	389.3905	-0.6096	412.1819	-0.6082	448.3469	-0.6066	465.2985	-0.6053	478.8554	-0.6057	482.5860	-0.5947	442.4718
-0.6087	392.1419	-0.6086	413.9299	-0.6072	444.7953	-0.6055	465.0449	-0.6043	476.4911	-0.6047	481.5062	-0.5937	442.0840
-0.6076	386.7071	-0.6076	409.8854	-0.6062	443.6460	-0.6045	462.3414	-0.6033	475.1640	-0.6037	480.2899	-0.5927	442.0395
-0.6066	385.0196	-0.6066	407.7866	-0.6053	443.1565	-0.6035	460.4491	-0.6023	474.5185	-0.6028	479.4558	-0.5916	441.5286
-0.6057	388.4590	-0.6056	409.5701	-0.6043	440.3710	-0.6026	459.7475	-0.6013	472.7947	-0.6018	478.5293	-0.5907	441.1971
-0.6047	384.1593	-0.6047	406.5737	-0.6033	438.3477	-0.6015	457.5852	-0.6003	471.2447	-0.6008	477.7826	-0.5897	441.0212
-0.6037	382.7110	-0.6036	404.3621	-0.6022	438.9651	-0.6006	456.8574	-0.5992	470.2036	-0.5998	476.6663	-0.5886	440.7812
-0.6027	384.6558	-0.6026	405.3779	-0.6013	437.0815	-0.5996	455.1966	-0.5982	468.1343	-0.5987	475.7910	-0.5876	440.5333
-0.6017	382.2473	-0.6017	403.3248	-0.6002	435.1959	-0.5985	453.3419	-0.5973	466.3010	-0.5977	474.4249	-0.5866	440.2133
-0.6007	383.8638	-0.6006	404.6786	-0.5992	434.9640	-0.5976	450.8239	-0.5963	465.4413	-0.5967	473.2861	-0.5856	439.7945
-0.5997	382.2071	-0.5997	402.9119	-0.5983	432.0035	-0.5965	449.5585	-0.5953	463.7410	-0.5957	472.7762	-0.5847	439.1367
-0.5987	380.2096	-0.5987	401.2244	-0.5973	429.7043	-0.5956	448.2792	-0.5943	461.6478	-0.5947	471.1809	-0.5837	438.9533
-0.5977	377.1203	-0.5976	398.2049	-0.5962	430.1592	-0.5946	445.7147	-0.5933	460.5540	-0.5937	470.0647	-0.5827	438.5628
-0.5967	377.2333	-0.5966	397.5700	-0.5952	427.9963	-0.5936	444.0255	-0.5923	459.4182	-0.5927	469.4243	-0.5817	437.7763
-0.5957	378.5270	-0.5957	398.3586	-0.5943	425.1210	-0.5926	443.9466	-0.5912	457.3810	-0.5917	468.1751	-0.5807	437.3974
-0.5947	374.3146	-0.5946	394.4701	-0.5933	425.0203	-0.5915	441.4302	-0.5902	455.9874	-0.5907	466.9598	-0.5796	437.2502
-0.5937	374.1998	-0.5936	393.7761	-0.5922	424.1653	-0.5905	439.8222	-0.5892	455.3629	-0.5897	466.4491	-0.5787	436.6252
-0.5927	377.3428	-0.5926	396.3869	-0.5912	421.5759	-0.5896	439.6621	-0.5883	454.3102	-0.5888	465.3596	-0.5777	436.0885
-0.5917	373.0320	-0.5916	392.8087	-0.5902	420.7365	-0.5886	438.0664	-0.5872	452.6807	-0.5878	464.8234	-0.5767	435.8993
-0.5907	372.2055	-0.5906	391.2994	-0.5892	420.8005	-0.5875	437.2210	-0.5862	452.0847	-0.5867	463.6479	-0.5756	435.4634
-0.5897	375.2413	-0.5897	393.1587	-0.5883	420.4472	-0.5865	436.1368	-0.5852	449.8229	-0.5857	462.6129	-0.5746	434.8882
-0.5887	373.3218	-0.5887	391.3015	-0.5872	418.4609	-0.5856	433.9606	-0.5843	448.0774	-0.5847	461.1600	-0.5736	434.6757
-0.5876	374.0231	-0.5877	391.7536	-0.5862	418.8206	-0.5845	431.8791	-0.5832	447.5918	-0.5837	460.1319	-0.5726	433.8869
-0.5866	373.6697	-0.5866	391.1535	-0.5852	415.7032	-0.5835	431.2317	-0.5822	445.6346	-0.5827	459.4091	-0.5717	433.3840
-0.5857	370.7583	-0.5856	389.0523	-0.5842	413.8823	-0.5826	429.8266	-0.5813	443.7836	-0.5818	457.8720	-0.5706	433.0077
-0.5847	368.5973	-0.5847	386.3044	-0.5833	414.5318	-0.5816	427.3253	-0.5802	443.1672	-0.5807	456.7310	-0.5696	432.3715
-0.5837	369.9912	-0.5836	387.3783	-0.5822	412.4578	-0.5806	426.6891	-0.5792	441.7371	-0.5797	456.2764	-0.5686	431.6628
-0.5827	369.1678	-0.5826	386.1547	-0.5812	410.0850	-0.5795	425.7324	-0.5782	439.9777	-0.5787	454.8570	-0.5677	431.1396
-0.5817	365.8720	-0.5816	382.8225	-0.5802	410.7069	-0.5785	423.6339	-0.5773	438.9711	-0.5777	453.6543	-0.5667	430.6710
-0.5807	366.3068	-0.5807	383.0735	-0.5792	409.2969	-0.5776	422.2573	-0.5762	437.9997	-0.5768	453.1077	-0.5657	430.0595
-0.5797	367.5837	-0.5796	384.0303	-0.5783	407.1758	-0.5766	422.4443	-0.5752	437.4599	-0.5757	452.0110	-0.5647	429.3828
-0.5787	364.8943	-0.5786	381.2548	-0.5772	407.2038	-0.5756	421.1153	-0.5742	435.7420	-0.5747	451.1944	-0.5637	429.1718
-0.5778	363.9433	-0.5776	379.9185	-0.5763	406.2483	-0.5745	419.8013	-0.5733	434.8806	-0.5737	450.3709	-0.5627	428.6583
-0.5767	367.5914	-0.5766	382.4730	-0.5752	406.1363	-0.5736	419.3091	-0.5723	433.0021	-0.5727	449.1307	-0.5617	428.0845
-0.5757	365.4490	-0.5756	380.4384	-0.5742	404.1548	-0.5725	417.0083	-0.5712	431.4104	-0.5717	447.8825	-0.5607	427.8295
-0.5747	363.6178	-0.5747	378.8310	-0.5732	404.0249	-0.5715	415.2331	-0.5702	431.0173	-0.5707	447.0634	-0.5596	426.8603
-0.5736	365.1138	-0.5736	379.9968	-0.5722	401.3697	-0.5705	414.8592	-0.5693	428.9784	-0.5697	446.0654	-0.5587	426.2816
-0.5726	361.2532	-0.5726	376.4539	-0.5713	399.6840	-0.5695	413.1681	-0.5682	427.4339	-0.5687	444.6265	-0.5576	425.8676
-0.5717	359.4054	-0.5716	374.2322	-0.5702	400.6772	-0.5685	410.9659	-0.5672	426.9170	-0.5678	443.7195	-0.5567	425.0676
-0.5706	361.6834	-0.5706	375.8604	-0.5692	397.4950	-0.5676	410.5467	-0.5663	425.3358	-0.5667	442.9630	-0.5557	424.4178
-0.5697	359.0620	-0.5696	373.6306	-0.5682	395.9047	-0.5665	409.1994	-0.5653	423.6092	-0.5657	441.6961	-0.5546	423.9257
-0.5686	355.7451	-0.5686	369.8680	-0.5672	396.5144	-0.5655	407.3372	-0.5643	422.9985	-0.5647	440.5407	-0.5537	423.2909
-0.5677	357.8070	-0.5676	371.1955	-0.5663	394.1889	-0.5645	406.4682	-0.5633	421.6788	-0.5637	440.0687	-0.5527	422.5270
-0.5667	356.4876	-0.5666	370.0016	-0.5652	392.1830	-0.5636	405.5324	-0.5623	420.9876	-0.5627	438.9670	-0.5517	421.8888
-0.5656	353.8047	-0.5656	367.3529	-0.5642	392.2997	-0.5626	404.8176	-0.5613	419.6146	-0.5617	438.0391	-0.5506	421.4944
-0.5646	353.5428	-0.5647	366.6186	-0.5632	390.4138	-0.5616	403.0152	-0.5602	418.4125	-0.5608	437.3546	-0.5497	420.8265
-0.5637	354.4439	-0.5636	366.9075	-0.5622	390.5625	-0.5606	402.6744	-0.5593	416.4525	-0.5597	436.0264	-0.5487	420.2645
-0.5627	353.8305	-0.5626	366.0191	-0.5612	388.7284	-0.5596	400.1187	-0.5582	414.9967	-0.5587	434.8060	-0.5476	419.7947
-0.5617	350.4671	-0.5617	363.1300	-0.5602	386.7116	-0.5585	398.1396	-0.5573	414.2596	-0.5577	434.1572	-0.5467	418.9877
-0.5606	352.5839	-0.5606	364.1994	-0.5593	384.0343	-0.5576	397.9494	-0.5562	412.2563	-0.5567	432.9107	-0.5456	418.1457
-0.5597	347.5691	-0.5596	359.8835	-0.5583	382.4558	-0.5565	395.4913	-0.5553	410.7447	-0.5558	431.5092	-0.5446	417.7708
-0.5587	346.1525	-0.5586	357.4325	-0.5572	381.9375	-0.5556	393.2883	-0.5543	410.2914	-0.5548	430.7919	-0.5437	417.0354
-0.5576	347.9095	-0.5576	358.7731	-0.5563	378.5926	-0.5545	392.9382	-0.5533	408.0327	-0.5537	429.7452	-0.5427	416.0091
-0.5567	343.9301	-0.5566	354.8938	-0.5553	376.6187	-0.5536	390.9473	-0.5523	406.5110	-0.5527	428.4401	-0.5417	415.6868
-0.5557	341.0019	-0.5557	351.7451	-0.5542	377.0915	-0.5525	388.7950	-0.5513	405.8821	-0.5517	427.5276	-0.5407	414.8183
-0.5546	342.8332	-0.5547	352.9462	-0.5532	373.7753	-0.5516	387.8654	-0.5503	404.0424	-0.5507	426.7212	-0.5397	414.0277
-0.5537	339.9835	-0.5536	350.2268	-0.5522	371.5132	-0.5505	386.1366	-0.5493	403.0548	-0.5497	425.7877	-0.5387	413.5065
-0.5527	336.9276	-0.5527	346.7029	-0.5513	371.1180	-0.5495	385.1306	-0.5482	401.7028	-0.5487	424.5756	-0.5377	412.7101
-0.5517	337.9682	-0.5517	346.8924	-0.5502	368.6642	-0.5486	382.9932	-0.5473	400.0955	-0.5477	423.9321	-0.5366	412.2570
-0.5507	335.7329	-0.5507	345.1544	-0.5492	367.1589	-0.5476	381.4276	-0.5463	398.0505	-0.5468	422.4095	-0.5357	411.5484
-0.5497	336.0287	-0.5496	344.4155	-0.5482	365.5240	-0.5466	378.8299	-0.5453	396.7669	-0.5457	421.1736	-0.5347	410.7265
-0.5487	332.6762	-0.5486	340.8946	-0.5472	362.6693	-0.5455	376.3934	-0.5443	395.1600	-0.5447	420.3833	-0.5337	409.9514
-0.5477	332.0964	-0.5476	339.7697	-0.5462	359.4957	-0.5446	375.8250	-0.5432	392.8674	-0.5437	418.9629	-0.5327	408.9176
-0.5467	327.6967	-0.5466	335.6230	-0.5452	358.0807	-0.5436	372.5845	-0.5423	391.0328	-0.5427	417.5639	-0.5316	408.4099
-0.5456	325.8692	-0.5457	333.2178	-0.5442	355.9113	-0.5425	370.1336	-0.5413	390.0253	-0.5417	416.8380	-0.5306	407.4712
-0.5447	327.5705	-0.5446	334.2144	-0.5432	352.3758	-0.5416	369.2896	-0.5402	387.6955	-0.5407	415.5227	-0.5296	406.4064
-0.5437	321.5726	-0.5436	329.2844	-0.5422	350.3439	-0.5406	366.3411	-0.5393	385.7892	-0.5397	414.1922	-0.5286	406.1545
-0.5427	319.5892	-0.5426	326.5084	-0.5412	349.1899	-0.5396	363.7087	-0.5383	384.8100	-0.5387	413.1519	-0.5277	404.9989
-0.5416	321.5816	-0.5416	326.9738	-0.5402	345.6002	-0.5386	362.4407	-0.5372	382.9159	-0.5378	412.0982	-0.5266	404.1021
-0.5406	316.9432	-0.5406	323.1567	-0.5393	342.8693	-0.5376	360.0181	-0.5363	381.1108	-0.5367	411.2409	-0.5257	403.5237
-0.5397	314.2681	-0.5396	320.2545	-0.5383	342.5485	-0.5365	358.8914	-0.5352	379.6132	-0.5358	409.9205	-0.5246	402.5439
-0.5387	315.2289	-0.5387	319.8828	-0.5373	339.7627	-0.5355	356.2908	-0.5342	377.0736	-0.5348	408.7058	-0.5236	401.9209
-0.5377	311.3863	-0.5376	316.8782	-0.5362	337.0910	-0.5345	353.4469	-0.5332	374.5403	-0.5337	407.1333	-0.5226	400.9332
-0.5367	312.6844	-0.5367	317.3481	-0.5352	335.3082	-0.5336	350.2492	-0.5323	373.0596	-0.5327	405.6009	-0.5216	400.1092
-0.5357	309.2162	-0.5357	313.5927	-0.5342	331.5497	-0.5326	348.1301	-0.5312	370.7731	-0.5317	404.8998	-0.5207	399.0892
-0.5346	305.8064	-0.5346	310.6771	-0.5332	328.3213	-0.5316	345.9872	-0.5302	367.9593	-0.5308	403.0107	-0.5196	398.1874
-0.5336	301.9940	-0.5337	306.5004	-0.5322	326.8633	-0.5306	342.4668	-0.5292	366.1160	-0.5297	401.5217	-0.5186	397.8934
-0.5327	300.8993	-0.5326	304.8514	-0.5312	323.6929	-0.5296	339.5993	-0.5282	364.1557	-0.5287	400.6541	-0.5177	396.4848
-0.5317	300.1444	-0.5316	303.9734	-0.5302	319.8940	-0.5286	338.4658	-0.5272	361.4822	-0.5277	398.9600	-0.5167	395.4430
-0.5307	294.9879	-0.5306	299.0961	-0.5292	318.1641	-0.5276	334.7539	-0.5263	359.1633	-0.5267	397.3405	-0.5157	394.7202
-0.5296	293.2253	-0.5296	296.9251	-0.5282	316.0735	-0.5265	331.8921	-0.5252	357.4876	-0.5257	396.2417	-0.5147	393.3429
-0.5286	295.0634	-0.5286	297.7769	-0.5272	312.3207	-0.5255	330.4681	-0.5243	355.2985	-0.5248	394.7180	-0.5136	392.5166
-0.5277	289.6803	-0.5276	293.1089	-0.5262	309.9917	-0.5246	327.5578	-0.5233	352.7546	-0.5238	393.4776	-0.5127	391.6176
-0.5267	287.0948	-0.5266	290.0111	-0.5252	308.2497	-0.5236	325.0898	-0.5223	350.9975	-0.5228	391.9845	-0.5117	390.6189
-0.5257	288.2966	-0.5256	290.6500	-0.5242	306.0893	-0.5226	322.9280	-0.5213	347.8309	-0.5218	390.5024	-0.5106	389.7975
-0.5247	284.0855	-0.5247	286.6996	-0.5233	302.6986	-0.5216	319.6311	-0.5202	344.9973	-0.5207	388.5342	-0.5097	388.6180
-0.5237	282.7328	-0.5236	285.4129	-0.5222	301.5152	-0.5206	316.2166	-0.5193	343.2889	-0.5198	386.9873	-0.5087	387.5054
-0.5227	281.6918	-0.5226	284.0690	-0.5213	297.0808	-0.5196	314.0864	-0.5183	340.5330	-0.5187	385.8608	-0.5076	386.1760
-0.5217	277.7434	-0.5216	280.0290	-0.5202	293.8820	-0.5186	311.4293	-0.5173	337.2434	-0.5178	383.7667	-0.5067	385.2354
-0.5207	274.5383	-0.5206	276.8978	-0.5192	293.1187	-0.5175	307.6508	-0.5163	335.3167	-0.5168	381.8821	-0.5056	384.0998
-0.5197	274.4238	-0.5196	276.2203	-0.5183	289.7219	-0.5166	305.4018	-0.5153	332.5411	-0.5158	380.6724	-0.5046	382.5123
-0.5187	271.7264	-0.5187	273.7997	-0.5173	286.0329	-0.5155	303.2241	-0.5143	329.5655	-0.5147	378.6130	-0.5036	381.6593
-0.5177	267.4093	-0.5176	269.5273	-0.5162	285.0889	-0.5146	299.9465	-0.5133	327.1989	-0.5138	376.6844	-0.5026	380.5355
-0.5167	266.8600	-0.5167	268.4247	-0.5152	281.9330	-0.5135	296.8301	-0.5122	324.7399	-0.5127	375.3612	-0.5016	379.1458
-0.5157	265.8128	-0.5156	267.6925	-0.5142	278.6611	-0.5126	295.5435	-0.5113	322.9994	-0.5118	373.5539	-0.5007	377.9188
-0.5147	262.0749	-0.5146	263.9391	-0.5132	277.3469	-0.5115	293.1933	-0.5102	319.8813	-0.5107	371.8770	-0.4997	376.7372
-0.5136	260.3266	-0.5137	261.6992	-0.5122	275.0125	-0.5105	290.4121	-0.5092	317.5252	-0.5097	370.1807	-0.4986	375.6718
-0.5126	261.7590	-0.5126	262.5637	-0.5112	274.0843	-0.5096	288.2891	-0.5082	314.1959	-0.5087	368.0999	-0.4977	374.2597
-0.5117	259.3820	-0.5116	260.3895	-0.5103	270.3993	-0.5085	284.6793	-0.5072	311.2913	-0.5077	365.9891	-0.4966	373.2132
-0.5107	255.9007	-0.5106	257.4141	-0.5093	268.6667	-0.5076	281.6521	-0.5062	309.4695	-0.5068	364.1844	-0.4956	371.8260
-0.5096	255.8195	-0.5096	256.4731	-0.5083	264.9409	-0.5065	279.9228	-0.5053	306.0604	-0.5058	362.1456	-0.4947	370.1238
-0.5087	251.1315	-0.5086	252.5164	-0.5072	262.1966	-0.5055	276.7918	-0.5043	303.0576	-0.5048	359.8418	-0.4936	369.1438
-0.5077	248.8152	-0.5076	249.6317	-0.5062	261.8604	-0.5045	273.4997	-0.5033	301.1021	-0.5038	357.9129	-0.4926	367.6137
-0.5066	249.0820	-0.5066	249.8283	-0.5052	257.8515	-0.5036	271.7705	-0.5022	297.9566	-0.5027	356.0777	-0.4916	366.0337
-0.5057	245.4191	-0.5056	246.5163	-0.5042	255.1628	-0.5026	269.2453	-0.5013	295.0305	-0.5017	353.7364	-0.4906	364.8461
-0.5047	242.1352	-0.5047	243.2846	-0.5033	254.5522	-0.5015	266.0529	-0.5003	292.8910	-0.5007	351.5548	-0.4896	363.3871
-0.5037	243.2850	-0.5037	243.5930	-0.5022	251.5724	-0.5006	264.1105	-0.4993	290.0518	-0.4997	349.9928	-0.4886	361.9036
-0.5026	240.4357	-0.5026	241.4155	-0.5012	248.8774	-0.4996	262.0881	-0.4982	288.0915	-0.4987	347.7452	-0.4877	360.3716
-0.5017	237.6278	-0.5016	238.1490	-0.5003	248.0435	-0.4986	260.0867	-0.4972	285.2714	-0.4978	345.6411	-0.4867	358.9942
-0.5007	236.4990	-0.5007	237.1827	-0.4992	245.3648	-0.4975	257.1378	-0.4962	282.7886	-0.4967	343.6957	-0.4856	357.6893
-0.4997	235.7011	-0.4997	236.4872	-0.4983	244.7916	-0.4965	255.7368	-0.4952	279.5465	-0.4957	341.2854	-0.4846	356.2053
-0.4987	234.9826	-0.4987	235.2589	-0.4973	242.4273	-0.4955	252.3528	-0.4942	276.9688	-0.4947	338.8454	-0.4837	354.7906
-0.4977	231.2640	-0.4976	232.1868	-0.4962	240.1882	-0.4946	249.7281	-0.4932	274.8888	-0.4937	336.9380	-0.4826	353.0990
-0.4966	232.3596	-0.4966	232.6665	-0.4952	236.9820	-0.4935	248.6951	-0.4923	271.6639	-0.4927	334.5634	-0.4817	351.2907
-0.4957	227.7487	-0.4957	228.4146	-0.4942	235.1949	-0.4926	245.6180	-0.4912	269.2694	-0.4917	331.9532	-0.4807	350.0191
-0.4947	225.6285	-0.4946	226.1918	-0.4932	234.3013	-0.4915	242.8003	-0.4903	267.4960	-0.4907	330.0156	-0.4796	348.1706
-0.4936	227.0900	-0.4936	226.9279	-0.4922	230.9864	-0.4906	241.8323	-0.4893	264.3996	-0.4897	327.6835	-0.4787	346.4002
-0.4926	222.7769	-0.4926	223.8018	-0.4912	229.1808	-0.4895	239.1826	-0.4883	261.7154	-0.4887	325.2086	-0.4777	345.0530
-0.4916	220.8652	-0.4916	221.1972	-0.4902	229.2114	-0.4886	236.7739	-0.4873	259.8667	-0.4878	322.9963	-0.4766	343.2628
-0.4907	221.9424	-0.4906	221.9039	-0.4891	225.4138	-0.4876	235.3030	-0.4863	257.3356	-0.4867	320.9246	-0.4757	341.4715
-0.4897	218.5296	-0.4896	219.1733	-0.4880	221.5386	-0.4865	233.0989	-0.4853	255.3895	-0.4857	318.8776	-0.4747	339.9757
-0.4887	216.5561	-0.4886	216.7496	-0.4870	221.3793	-0.4855	232.1487	-0.4843	253.2440	-0.4847	316.2891	-0.4737	338.2266
-0.4877	216.8788	-0.4877	216.8055	-0.4860	219.4255	-0.4846	229.6874	-0.4833	250.5186	-0.4837	314.4424	-0.4727	336.6865
-0.4867	214.7116	-0.4866	215.3795	-0.4851	217.5364	-0.4836	227.7782	-0.4823	247.8448	-0.4828	311.6753	-0.4717	334.9058
-0.4856	215.1625	-0.4856	215.2258	-0.4840	216.6949	-0.4826	225.1319	-0.4812	245.7595	-0.4818	309.2156	-0.4707	333.1746
-0.4846	211.9195	-0.4847	212.1947	-0.4830	213.7464	-0.4816	223.0604	-0.4802	243.5769	-0.4807	307.2152	-0.4696	331.2021
-0.4836	211.3393	-0.4836	211.5337	-0.4820	211.5946	-0.4806	222.2860	-0.4793	240.7748	-0.4798	304.6657	-0.4687	329.4395
-0.4827	207.9530	-0.4827	208.4075	-0.4811	211.0625	-0.4796	219.3526	-0.4783	238.6685	-0.4787	302.0956	-0.4676	327.8020
-0.4817	206.6976	-0.4816	206.9380	-0.4800	208.9812	-0.4786	217.2173	-0.4773	236.9775	-0.4778	300.0570	-0.4667	325.7234
-0.4807	208.1031	-0.4806	207.9318	-0.4791	206.3149	-0.4776	216.7683	-0.4763	234.4673	-0.4768	297.6108	-0.4657	323.8720
-0.4797	203.3839	-0.4797	204.0877	-0.4780	206.1759	-0.4766	214.2995	-0.4753	232.0882	-0.4758	295.1841	-0.4647	322.3489
-0.4787	202.3624	-0.4787	202.7728	-0.4771	204.8227	-0.4756	212.2038	-0.4742	230.9182	-0.4747	292.9321	-0.4636	320.3968
-0.4777	203.5937	-0.4776	203.7787	-0.4760	202.4418	-0.4746	211.4779	-0.4733	228.6207	-0.4738	290.7525	-0.4627	318.4272
-0.4767	200.4742	-0.4766	200.6694	-0.4750	201.2449	-0.4735	209.2921	-0.4722	226.6139	-0.4727	288.6728	-0.4617	316.7923
-0.4756	198.7600	-0.4756	198.9826	-0.4740	200.8124	-0.4725	208.3519	-0.4713	225.0775	-0.4717	286.2967	-0.4607	314.8526
-0.4746	199.8011	-0.4746	199.5459	-0.4731	199.7041	-0.4716	206.7727	-0.4703	222.5982	-0.4707	284.1542	-0.4597	313.1363
-0.4737	196.5599	-0.4737	197.1555	-0.4720	197.6139	-0.4706	204.9323	-0.4693	220.4376	-0.4697	281.4895	-0.4586	311.3515
-0.4727	197.3818	-0.4726	197.6826	-0.4710	197.4522	-0.4696	202.6382	-0.4682	218.9596	-0.4688	279.1133	-0.4576	309.4993
-0.4716	195.8873	-0.4716	195.9044	-0.4700	194.6502	-0.4685	201.5705	-0.4672	216.8327	-0.4678	277.3163	-0.4566	307.2433
-0.4706	193.4886	-0.4706	194.1230	-0.4690	192.9081	-0.4675	200.2760	-0.4663	214.3567	-0.4667	274.6039	-0.4556	305.5716
-0.4696	191.0490	-0.4696	191.8474	-0.4680	192.9903	-0.4665	197.8539	-0.4653	213.0105	-0.4657	272.2022	-0.4546	303.7443
-0.4687	191.0838	-0.4686	191.0490	-0.4670	190.7545	-0.4656	196.4531	-0.4643	211.3548	-0.4647	270.4064	-0.4536	301.6195
-0.4677	190.5922	-0.4676	190.9000	-0.4660	188.8259	-0.4646	196.1168	-0.4633	209.4087	-0.4637	267.9690	-0.4527	299.6579
-0.4666	187.5189	-0.4666	187.9914	-0.4650	188.8990	-0.4636	193.9385	-0.4623	207.6260	-0.4627	265.5860	-0.4516	297.9778
-0.4657	186.6820	-0.4656	187.1102	-0.4640	187.1611	-0.4626	192.4564	-0.4612	206.3612	-0.4617	263.7363	-0.4506	295.9398
-0.4646	188.3029	-0.4646	188.4714	-0.4630	185.4619	-0.4616	191.9566	-0.4603	204.8026	-0.4607	261.4416	-0.4496	294.0329
-0.4637	184.7128	-0.4636	185.3477	-0.4620	185.0616	-0.4606	190.4872	-0.4592	202.8837	-0.4597	259.6047	-0.4487	292.3393
-0.4627	183.4894	-0.4626	183.9998	-0.4611	183.8539	-0.4595	189.0661	-0.4583	201.7936	-0.4588	257.3623	-0.4476	290.4117
-0.4617	184.9592	-0.4616	184.8074	-0.4600	183.4075	-0.4586	188.3555	-0.4572	199.5597	-0.4577	255.1765	-0.4466	288.5922
-0.4607	182.2544	-0.4606	182.7555	-0.4590	181.6684	-0.4576	186.3064	-0.4563	197.6679	-0.4567	252.9020	-0.4457	286.7692
-0.4597	181.6417	-0.4596	182.2456	-0.4580	180.9961	-0.4566	184.6036	-0.4552	196.6288	-0.4557	250.8929	-0.4446	284.7913
-0.4587	181.5415	-0.4586	181.8915	-0.4570	178.6660	-0.4555	183.7886	-0.4543	194.8181	-0.4547	248.9342	-0.4437	282.7444
-0.4577	179.1592	-0.4576	179.4961	-0.4561	177.5710	-0.4545	182.6778	-0.4532	192.8661	-0.4537	246.5602	-0.4426	280.9338
-0.4567	177.2202	-0.4567	177.7871	-0.4550	178.0429	-0.4536	180.5153	-0.4522	191.9392	-0.4528	244.4163	-0.4417	279.0918
-0.4556	178.1521	-0.4557	178.2751	-0.4540	175.3948	-0.4525	179.8635	-0.4513	190.2718	-0.4517	242.8029	-0.4407	277.0092
-0.4546	176.4536	-0.4546	176.9256	-0.4530	174.0721	-0.4515	178.9451	-0.4503	188.6185	-0.4507	240.4783	-0.4396	275.1972
-0.4537	173.7962	-0.4536	174.4091	-0.4521	174.6685	-0.4506	177.2702	-0.4492	187.3774	-0.4498	238.3787	-0.4387	273.4875
-0.4527	174.1482	-0.4526	174.3063	-0.4510	172.6426	-0.4496	176.0790	-0.4483	186.1094	-0.4488	237.0617	-0.4377	271.4676
-0.4517	174.0176	-0.4516	174.2861	-0.4501	171.2984	-0.4485	176.0891	-0.4472	185.1107	-0.4477	235.0122	-0.4367	269.5713
-0.4506	171.5464	-0.4507	172.1531	-0.4491	171.4880	-0.4475	174.7170	-0.4463	183.4208	-0.4467	233.0473	-0.4356	267.9623
-0.4497	171.0044	-0.4496	171.2239	-0.4480	169.8643	-0.4466	173.4355	-0.4453	182.3863	-0.4457	231.3172	-0.4347	266.1951
-0.4487	172.2411	-0.4486	172.4257	-0.4470	169.8318	-0.4455	172.9667	-0.4443	180.6198	-0.4448	229.1769	-0.4337	264.3784
-0.4476	170.8772	-0.4477	170.8345	-0.4461	168.5158	-0.4445	171.1498	-0.4433	179.0860	-0.4438	227.1094	-0.4326	262.7472
-0.4467	168.9753	-0.4466	169.0809	-0.4450	167.4365	-0.4436	169.7440	-0.4423	178.6339	-0.4428	225.4604	-0.4317	260.6931
-0.4457	169.3528	-0.4456	169.6740	-0.4440	165.6553	-0.4426	169.3216	-0.4413	176.6779	-0.4417	223.6091	-0.4307	258.8794
-0.4447	166.7441	-0.4446	167.3708	-0.4430	164.7924	-0.4415	168.1561	-0.4403	175.2056	-0.4408	221.4538	-0.4297	257.1901
-0.4437	165.7451	-0.4437	165.9587	-0.4420	164.9653	-0.4406	166.2961	-0.4393	174.5630	-0.4398	219.7824	-0.4287	255.3625
-0.4427	166.8157	-0.4426	166.8182	-0.4411	162.6587	-0.4396	166.1099	-0.4383	173.1069	-0.4387	218.0996	-0.4277	253.3147
-0.4417	164.2005	-0.4417	164.8009	-0.4401	161.7554	-0.4386	165.0378	-0.4373	171.7759	-0.4378	216.1548	-0.4267	251.7686
-0.4407	162.5998	-0.4406	162.8769	-0.4390	162.4641	-0.4376	163.6355	-0.4363	171.0010	-0.4368	214.3281	-0.4256	249.9997
-0.4397	163.7510	-0.4397	163.8230	-0.4381	160.3813	-0.4366	163.0110	-0.4352	169.7818	-0.4357	213.0255	-0.4247	248.1586
-0.4387	162.0810	-0.4386	162.5165	-0.4370	159.3321	-0.4356	162.4235	-0.4343	169.3592	-0.4348	211.3406	-0.4237	246.5650
-0.4377	160.5584	-0.4377	160.8309	-0.4361	159.6805	-0.4346	162.1089	-0.4332	167.9392	-0.4338	209.5970	-0.4226	244.8533
-0.4367	160.5931	-0.4367	160.8600	-0.4351	158.4730	-0.4336	160.6255	-0.4323	166.7723	-0.4327	208.1628	-0.4216	243.2342
-0.4357	160.2375	-0.4356	160.6555	-0.4340	158.1906	-0.4326	160.4180	-0.4312	165.2724	-0.4317	206.2816	-0.4206	241.4963
-0.4347	160.6855	-0.4347	160.8080	-0.4331	157.5914	-0.4315	158.5370	-0.4303	164.2115	-0.4307	204.4216	-0.4197	239.9781
-0.4337	157.9975	-0.4336	158.5257	-0.4320	156.1408	-0.4306	157.3583	-0.4293	163.5725	-0.4297	203.0860	-0.4186	238.1083
-0.4327	159.1679	-0.4326	159.4134	-0.4311	154.5104	-0.4296	157.3745	-0.4283	161.9507	-0.4287	201.3110	-0.4177	236.4049
-0.4317	156.3057	-0.4316	156.6744	-0.4300	154.5810	-0.4286	155.8633	-0.4273	160.7916	-0.4278	199.5033	-0.4166	234.9031
-0.4306	155.3268	-0.4306	155.9318	-0.4290	153.6656	-0.4276	154.6225	-0.4262	160.5580	-0.4268	198.1696	-0.4157	233.0729
-0.4297	156.6315	-0.4296	156.7816	-0.4280	152.0120	-0.4266	154.5743	-0.4253	158.9778	-0.4258	196.6024	-0.4147	231.3983
-0.4287	153.9479	-0.4286	154.6746	-0.4271	151.7021	-0.4256	153.6372	-0.4243	157.8275	-0.4248	194.9056	-0.4136	229.8758
-0.4277	153.1209	-0.4276	153.4841	-0.4260	151.7655	-0.4245	152.2564	-0.4233	157.5013	-0.4237	193.4645	-0.4126	228.2123
-0.4266	154.3198	-0.4266	154.5081	-0.4251	150.1816	-0.4236	151.9792	-0.4223	156.3935	-0.4227	192.1063	-0.4116	226.5374
-0.4257	152.1715	-0.4257	152.8227	-0.4241	149.4371	-0.4225	151.1668	-0.4213	155.7636	-0.4217	190.7684	-0.4106	225.1399
-0.4247	150.9027	-0.4246	151.5504	-0.4230	150.0084	-0.4215	151.1096	-0.4203	154.9341	-0.4207	189.1899	-0.4096	223.5631
-0.4237	151.9184	-0.4236	151.9809	-0.4220	148.9170	-0.4206	150.1509	-0.4193	153.7826	-0.4197	188.0080	-0.4086	221.9799
-0.4227	150.4514	-0.4227	150.9487	-0.4210	148.0820	-0.4196	149.3118	-0.4183	152.4802	-0.4187	186.3131	-0.4077	220.4588
-0.4216	150.9737	-0.4216	151.3347	-0.4200	147.9826	-0.4186	147.9985	-0.4172	151.9896	-0.4177	184.7988	-0.4067	218.9822
-0.4207	149.3983	-0.4206	149.7581	-0.4190	146.3082	-0.4176	146.9831	-0.4163	151.1290	-0.4167	183.6462	-0.4057	217.3941
-0.4197	148.9621	-0.4196	149.6927	-0.4180	145.2432	-0.4165	147.2991	-0.4152	149.7900	-0.4157	182.0869	-0.4047	215.8975
-0.4187	147.1775	-0.4187	147.6799	-0.4170	145.6927	-0.4156	145.6000	-0.4143	149.0763	-0.4148	180.5018	-0.4037	214.5322
-0.4177	146.8997	-0.4177	147.0525	-0.4160	144.4813	-0.4146	144.7339	-0.4133	148.6736	-0.4137	179.4764	-0.4026	212.8992
-0.4166	148.2069	-0.4166	148.2654	-0.4150	142.9735	-0.4136	145.0197	-0.4122	147.3922	-0.4127	177.9461	-0.4017	211.3804
-0.4156	145.1462	-0.4156	145.7316	-0.4140	143.4310	-0.4126	143.7842	-0.4112	146.4947	-0.4118	176.5643	-0.4007	210.1704
-0.4147	144.9001	-0.4147	144.9912	-0.4130	142.6817	-0.4115	142.8043	-0.4102	146.4333	-0.4107	175.4227	-0.3997	208.5139
-0.4137	145.8887	-0.4136	146.4518	-0.4120	141.3468	-0.4105	142.8765	-0.4093	145.2085	-0.4097	174.1838	-0.3987	206.9795
-0.4127	143.8968	-0.4127	144.4011	-0.4110	141.0920	-0.4096	141.8636	-0.4083	144.3813	-0.4088	172.8014	-0.3977	205.8190
-0.4117	142.9197	-0.4116	143.3444	-0.4100	141.1721	-0.4086	141.1195	-0.4073	144.2497	-0.4077	171.6685	-0.3967	204.3467
-0.4106	144.1136	-0.4106	144.3030	-0.4090	139.8877	-0.4076	140.8734	-0.4063	143.1125	-0.4068	170.5179	-0.3957	203.0887
-0.4097	142.1595	-0.4096	142.8071	-0.4080	139.2797	-0.4066	140.1554	-0.4053	142.1143	-0.4057	168.9993	-0.3947	201.7590
-0.4087	141.7248	-0.4086	142.1642	-0.4070	139.8987	-0.4056	139.1035	-0.4043	141.7710	-0.4047	167.7525	-0.3937	200.3443
-0.4077	142.2548	-0.4076	142.4799	-0.4060	138.0824	-0.4046	138.7216	-0.4033	140.8668	-0.4037	166.9639	-0.3927	198.8816
-0.4067	140.6342	-0.4067	141.3507	-0.4050	137.3498	-0.4036	138.4181	-0.4023	139.7744	-0.4028	165.4562	-0.3917	197.6367
-0.4057	139.4967	-0.4056	140.0835	-0.4041	137.9370	-0.4026	137.1037	-0.4013	139.4197	-0.4018	164.1565	-0.3907	196.3051
-0.4047	139.6259	-0.4047	140.1333	-0.4030	136.5483	-0.4016	136.4256	-0.4003	138.9010	-0.4008	163.4524	-0.3896	194.8302
-0.4037	139.3026	-0.4037	139.9266	-0.4021	135.5658	-0.4006	136.8767	-0.3993	137.9030	-0.3998	162.0814	-0.3887	193.6162
-0.4027	137.3634	-0.4027	138.1966	-0.4011	136.1151	-0.3996	135.5987	-0.3983	137.3155	-0.3988	160.7943	-0.3877	192.4524
-0.4017	137.4471	-0.4017	138.0890	-0.4001	135.1171	-0.3986	134.8389	-0.3973	137.0384	-0.3978	159.9610	-0.3867	191.0003
-0.4007	138.7735	-0.4007	139.2548	-0.3991	133.9738	-0.3976	135.2426	-0.3963	136.4527	-0.3968	158.7631	-0.3857	189.7155
-0.3997	136.4435	-0.3997	137.1051	-0.3981	134.3701	-0.3966	134.4701	-0.3953	135.6684	-0.3958	157.9524	-0.3847	188.6880
-0.3987	135.9643	-0.3987	136.5856	-0.3971	133.7105	-0.3956	133.9022	-0.3943	135.6012	-0.3947	156.8554	-0.3836	187.4717
-0.3977	137.1206	-0.3977	137.6037	-0.3960	133.7429	-0.3946	133.7563	-0.3933	134.4058	-0.3938	155.7962	-0.3827	186.2872
-0.3967	135.5775	-0.3967	136.0517	-0.3950	132.6637	-0.3936	132.6950	-0.3923	133.5787	-0.3927	154.4832	-0.3817	185.1246
-0.3957	135.2639	-0.3956	136.0627	-0.3940	132.5343	-0.3925	131.9031	-0.3913	133.4886	-0.3918	153.5645	-0.3807	183.7576
-0.3947	135.6962	-0.3946	136.0261	-0.3931	131.2558	-0.3915	131.8003	-0.3903	132.5736	-0.3908	152.6572	-0.3796	182.5546
-0.3937	133.8291	-0.3937	134.5920	-0.3920	130.7151	-0.3906	131.2091	-0.3893	131.6130	-0.3898	151.4100	-0.3787	181.8378
-0.3927	133.1077	-0.3927	133.4991	-0.3910	131.4586	-0.3896	129.9097	-0.3883	131.5571	-0.3887	150.3322	-0.3777	180.4480
-0.3917	133.5812	-0.3917	134.3395	-0.3900	129.6989	-0.3886	129.9536	-0.3873	130.9193	-0.3878	149.7310	-0.3767	179.0598
-0.3907	132.5636	-0.3907	133.5169	-0.3891	129.2784	-0.3875	129.7447	-0.3863	130.0806	-0.3868	148.4153	-0.3757	178.0277
-0.3897	131.0381	-0.3897	131.6740	-0.3880	129.9196	-0.3866	128.7304	-0.3853	129.8332	-0.3857	147.4434	-0.3747	176.9050
-0.3887	131.8552	-0.3886	132.2791	-0.3871	128.6548	-0.3856	128.2738	-0.3843	129.3372	-0.3848	146.8308	-0.3737	175.7531
-0.3877	131.5586	-0.3877	132.3111	-0.3861	128.0154	-0.3846	128.6042	-0.3833	129.2141	-0.3838	145.8806	-0.3726	174.5499
-0.3867	130.1840	-0.3867	130.9352	-0.3850	128.4802	-0.3836	128.1803	-0.3823	128.4738	-0.3828	145.1580	-0.3716	173.5983
-0.3857	129.9645	-0.3856	130.6414	-0.3840	127.4852	-0.3826	127.4403	-0.3813	128.1355	-0.3817	144.3044	-0.3707	172.5323
-0.3846	131.2430	-0.3846	131.6658	-0.3831	128.2965	-0.3816	127.5447	-0.3802	127.1996	-0.3808	143.2918	-0.3696	171.4519
-0.3837	130.6381	-0.3836	131.1505	-0.3820	127.1872	-0.3806	126.4114	-0.3793	126.6140	-0.3798	142.1801	-0.3686	170.5475
-0.3827	129.1204	-0.3826	130.0059	-0.3810	126.4554	-0.3796	125.6145	-0.3783	126.7535	-0.3787	141.8368	-0.3677	169.3104
-0.3817	129.8877	-0.3817	130.4468	-0.3801	125.4964	-0.3786	125.9804	-0.3773	125.6424	-0.3777	140.7487	-0.3666	168.1047
-0.3807	128.0114	-0.3807	128.8450	-0.3791	125.3922	-0.3776	125.1351	-0.3763	124.9881	-0.3768	139.5750	-0.3657	167.3443
-0.3797	127.5211	-0.3797	128.1739	-0.3780	125.6761	-0.3766	124.2564	-0.3753	125.0588	-0.3758	138.9831	-0.3646	166.2050
-0.3787	128.4203	-0.3786	129.1683	-0.3770	124.1831	-0.3756	124.3992	-0.3743	124.3484	-0.3747	138.2124	-0.3637	165.0959
-0.3777	126.8023	-0.3777	127.7595	-0.3761	123.9277	-0.3745	123.9163	-0.3733	123.6364	-0.3737	137.2508	-0.3627	164.2409
-0.3766	125.8982	-0.3766	126.6155	-0.3751	124.7502	-0.3736	123.0711	-0.3723	123.6303	-0.3728	136.3185	-0.3617	163.2401
-0.3757	127.0018	-0.3757	127.5062	-0.3740	123.2148	-0.3726	123.0715	-0.3712	123.1324	-0.3717	135.9720	-0.3607	162.2261
-0.3747	125.8584	-0.3746	126.8675	-0.3730	122.9008	-0.3716	122.8749	-0.3702	123.0093	-0.3708	135.2304	-0.3597	161.3194
-0.3736	124.9645	-0.3736	125.6487	-0.3720	123.5766	-0.3706	122.7677	-0.3692	122.5074	-0.3697	134.3117	-0.3587	160.4296
-0.3727	125.2138	-0.3727	125.8256	-0.3710	122.5761	-0.3696	121.9878	-0.3683	122.0203	-0.3687	133.8548	-0.3577	159.4599
-0.3717	125.0690	-0.3717	126.3102	-0.3700	122.5671	-0.3686	122.3399	-0.3673	121.2446	-0.3678	132.8614	-0.3566	158.5345
-0.3707	125.4075	-0.3707	126.0394	-0.3690	122.4679	-0.3676	121.0734	-0.3662	120.9172	-0.3668	132.0223	-0.3557	157.7560
-0.3697	123.9744	-0.3696	124.8748	-0.3681	121.5949	-0.3666	120.6437	-0.3652	120.8099	-0.3658	131.5468	-0.3547	156.6879
-0.3687	124.9950	-0.3687	125.7084	-0.3671	120.7456	-0.3656	121.0925	-0.3643	119.9449	-0.3648	130.7323	-0.3536	155.7731
-0.3677	122.8052	-0.3677	123.9529	-0.3660	121.0487	-0.3646	120.1616	-0.3633	119.5107	-0.3638	129.8160	-0.3527	155.1320
-0.3667	122.6972	-0.3666	123.5800	-0.3651	120.6931	-0.3636	119.4762	-0.3623	119.7937	-0.3628	129.3708	-0.3517	154.0258
-0.3657	123.8284	-0.3657	124.6396	-0.3641	119.6057	-0.3626	119.8007	-0.3613	118.9373	-0.3618	128.7226	-0.3507	153.0233
-0.3647	121.9183	-0.3647	123.1232	-0.3631	119.7367	-0.3616	119.2660	-0.3602	118.4368	-0.3608	127.8893	-0.3496	152.3627
-0.3637	121.4869	-0.3636	122.3801	-0.3621	119.9394	-0.3606	118.5872	-0.3593	118.5279	-0.3598	127.3756	-0.3487	151.4663
-0.3627	122.7277	-0.3627	123.5232	-0.3610	118.9853	-0.3596	118.8785	-0.3583	118.0103	-0.3588	126.9092	-0.3477	150.5532
-0.3617	121.3551	-0.3617	122.1596	-0.3601	118.5917	-0.3586	118.3075	-0.3573	117.9208	-0.3578	126.3807	-0.3467	149.8164
-0.3607	120.5564	-0.3607	121.5395	-0.3591	119.3618	-0.3576	118.4401	-0.3562	117.7650	-0.3568	125.6760	-0.3457	148.9999
-0.3597	121.5531	-0.3597	122.3103	-0.3581	118.8556	-0.3566	118.0982	-0.3552	117.1575	-0.3558	125.3864	-0.3447	148.2751
-0.3587	120.4260	-0.3587	121.6145	-0.3570	118.4768	-0.3556	117.7598	-0.3543	116.4802	-0.3547	124.4347	-0.3437	147.4949
-0.3577	121.1317	-0.3576	122.0049	-0.3560	118.6550	-0.3546	116.8726	-0.3533	116.4488	-0.3538	123.8176	-0.3426	146.7997
-0.3567	120.0446	-0.3567	121.0375	-0.3551	117.4873	-0.3536	116.5896	-0.3522	116.1462	-0.3528	123.6269	-0.3417	145.8206
-0.3557	119.8336	-0.3556	121.1343	-0.3540	116.9480	-0.3526	117.0558	-0.3513	115.4673	-0.3518	122.8043	-0.3407	144.9506
-0.3547	118.8530	-0.3546	120.0660	-0.3530	117.5911	-0.3516	115.9707	-0.3503	115.3497	-0.3508	122.0871	-0.3396	144.4518
-0.3537	118.5278	-0.3537	119.6626	-0.3521	116.8574	-0.3506	115.7582	-0.3493	115.3276	-0.3498	121.8711	-0.3387	143.5393
-0.3527	120.0397	-0.3526	120.9470	-0.3511	115.8028	-0.3496	116.2043	-0.3483	114.6347	-0.3487	121.2444	-0.3377	142.7194
-0.3517	117.7171	-0.3517	118.9175	-0.3501	116.4759	-0.3486	115.3778	-0.3473	114.3264	-0.3478	120.5756	-0.3367	142.2019
-0.3507	117.6126	-0.3507	118.8891	-0.3491	116.1956	-0.3476	114.9624	-0.3463	114.5909	-0.3468	120.2243	-0.3357	141.3375
-0.3497	119.0258	-0.3497	119.9801	-0.3480	115.2989	-0.3466	115.3961	-0.3453	114.1812	-0.3458	119.8077	-0.3347	140.5201
-0.3487	117.2096	-0.3487	118.6307	-0.3470	115.3991	-0.3456	114.7526	-0.3443	113.8516	-0.3447	119.4881	-0.3337	140.0029
-0.3477	117.0390	-0.3477	118.0545	-0.3461	115.6465	-0.3446	115.0098	-0.3433	113.8454	-0.3438	119.0094	-0.3327	139.2917
-0.3467	117.9347	-0.3467	119.2112	-0.3451	115.6424	-0.3436	114.8041	-0.3423	113.3048	-0.3428	118.5961	-0.3316	138.7601
-0.3457	116.5490	-0.3457	117.9541	-0.3440	114.8923	-0.3426	114.2695	-0.3413	112.8031	-0.3418	117.9440	-0.3306	138.0492
-0.3447	117.6351	-0.3447	118.7163	-0.3430	115.5363	-0.3416	113.6372	-0.3403	112.8365	-0.3407	117.4190	-0.3296	137.3695
-0.3437	117.0819	-0.3437	118.3341	-0.3421	114.2464	-0.3406	113.7843	-0.3393	112.5199	-0.3398	117.2828	-0.3287	136.6074
-0.3427	116.0754	-0.3426	117.4145	-0.3411	113.8628	-0.3396	113.5904	-0.3382	111.8976	-0.3387	116.5849	-0.3277	135.9442
-0.3417	115.2150	-0.3417	116.6103	-0.3401	114.6156	-0.3386	112.7355	-0.3373	111.9890	-0.3377	116.0458	-0.3267	135.3919
-0.3407	115.8562	-0.3407	116.8222	-0.3391	113.7094	-0.3376	112.7363	-0.3363	111.8054	-0.3367	115.9700	-0.3257	134.5544
-0.3396	115.5627	-0.3397	117.0988	-0.3381	113.0337	-0.3366	113.2808	-0.3353	111.2860	-0.3357	115.4123	-0.3247	133.8820
-0.3387	114.5059	-0.3387	115.7717	-0.3371	113.8454	-0.3356	112.3485	-0.3342	111.0726	-0.3348	114.9376	-0.3237	133.4120
-0.3377	114.4975	-0.3377	115.7932	-0.3360	113.1494	-0.3346	112.1068	-0.3333	111.2073	-0.3338	114.7944	-0.3227	132.7295
-0.3367	116.0522	-0.3367	117.1807	-0.3351	112.6666	-0.3336	112.6316	-0.3323	111.3041	-0.3328	114.2858	-0.3217	132.0536
-0.3357	114.0431	-0.3357	115.5316	-0.3341	113.0551	-0.3326	112.3598	-0.3313	110.8360	-0.3317	114.3089	-0.3207	131.6680
-0.3347	113.9411	-0.3347	115.3692	-0.3330	112.7824	-0.3316	112.1532	-0.3302	111.0469	-0.3307	113.8556	-0.3197	131.1043
-0.3337	115.0060	-0.3336	116.4220	-0.3321	113.3113	-0.3305	112.2736	-0.3292	110.3120	-0.3297	113.4923	-0.3187	130.6302
-0.3327	114.1410	-0.3327	115.4570	-0.3310	112.5508	-0.3295	111.5721	-0.3282	109.9275	-0.3287	112.9076	-0.3176	130.0670
-0.3317	114.0788	-0.3316	115.4834	-0.3300	112.5910	-0.3286	111.1360	-0.3273	110.1847	-0.3278	112.6517	-0.3167	129.4090
-0.3307	114.4654	-0.3307	115.8127	-0.3291	111.6805	-0.3276	111.4457	-0.3263	109.6646	-0.3267	112.4331	-0.3157	128.8202
-0.3296	112.9594	-0.3296	114.5859	-0.3281	111.4621	-0.3266	111.0476	-0.3253	109.1987	-0.3257	111.8763	-0.3147	128.2584
-0.3287	112.5399	-0.3286	114.1108	-0.3271	112.3884	-0.3256	110.3869	-0.3243	109.4076	-0.3248	111.5246	-0.3136	127.7582
-0.3277	113.8241	-0.3276	115.0308	-0.3261	111.0441	-0.3246	110.6785	-0.3233	109.2032	-0.3238	111.5125	-0.3127	127.0484
-0.3267	112.6737	-0.3267	114.2398	-0.3251	110.8759	-0.3236	110.6817	-0.3223	108.8491	-0.3228	111.0230	-0.3117	126.6309
-0.3257	111.6882	-0.3257	113.3041	-0.3241	111.8238	-0.3226	110.2563	-0.3213	108.9120	-0.3218	110.6652	-0.3107	126.2279
-0.3247	112.3976	-0.3247	113.8457	-0.3231	110.9606	-0.3216	109.9305	-0.3203	108.8472	-0.3208	110.6517	-0.3097	125.5189
-0.3237	112.3269	-0.3237	114.0214	-0.3221	110.5331	-0.3206	110.5397	-0.3193	108.8255	-0.3198	110.3507	-0.3087	125.1153
-0.3227	111.6436	-0.3227	113.1100	-0.3211	111.1676	-0.3196	110.2907	-0.3183	108.5128	-0.3187	110.1837	-0.3077	124.6907
-0.3217	111.4049	-0.3217	113.1322	-0.3201	110.6246	-0.3186	109.8536	-0.3172	108.5942	-0.3178	109.9900	-0.3067	124.3724
-0.3207	112.8614	-0.3207	114.2525	-0.3191	111.2342	-0.3175	110.1681	-0.3163	107.9863	-0.3168	109.5973	-0.3056	123.8138
-0.3197	112.2474	-0.3197	113.6108	-0.3181	110.8820	-0.3163	108.5073	-0.3153	107.8070	-0.3158	109.1793	-0.3047	123.4490
-0.3187	111.2430	-0.3187	112.8720	-0.3170	110.3641	-0.3153	108.1715	-0.3143	108.2257	-0.3148	109.0954	-0.3037	122.8465
-0.3177	112.2736	-0.3177	113.9087	-0.3161	109.7894	-0.3143	108.7901	-0.3133	107.5680	-0.3138	108.8912	-0.3027	122.3364
-0.3167	110.8381	-0.3167	112.5418	-0.3150	109.9458	-0.3133	107.9916	-0.3123	107.3371	-0.3128	108.4282	-0.3016	121.9650
-0.3157	110.6141	-0.3157	112.3415	-0.3141	110.2148	-0.3123	107.7527	-0.3113	107.6865	-0.3117	108.2656	-0.3006	121.5536
-0.3147	111.6570	-0.3147	113.0967	-0.3131	109.3248	-0.3113	108.3449	-0.3103	107.2944	-0.3107	108.1525	-0.2997	120.8751
-0.3137	110.4462	-0.3137	112.1850	-0.3120	109.2479	-0.3102	107.8741	-0.3093	107.0084	-0.3098	107.8261	-0.2987	120.6374
-0.3127	109.8186	-0.3127	111.5322	-0.3111	110.2535	-0.3093	107.5528	-0.3083	107.2573	-0.3088	107.7122	-0.2976	120.1604
-0.3117	111.1529	-0.3117	112.5064	-0.3101	109.1869	-0.3083	107.9939	-0.3073	107.0467	-0.3078	107.8158	-0.2967	119.6283
-0.3107	110.2456	-0.3107	112.1365	-0.3090	109.0416	-0.3072	107.6864	-0.3062	107.6057	-0.3068	107.6098	-0.2956	119.4196
-0.3097	109.6451	-0.3097	111.2901	-0.3081	109.8064	-0.3063	108.4854	-0.3053	107.2465	-0.3057	107.4396	-0.2947	118.9386
-0.3087	110.1462	-0.3087	111.7919	-0.3071	109.4165	-0.3053	107.8916	-0.3043	107.0104	-0.3048	107.3983	-0.2936	118.6460
-0.3077	110.2637	-0.3077	112.0235	-0.3061	109.6905	-0.3042	107.6244	-0.3033	106.5477	-0.3037	106.9973	-0.2926	118.2785
-0.3067	111.0941	-0.3067	112.6320	-0.3050	109.6548	-0.3033	107.0979	-0.3023	106.4358	-0.3027	106.6627	-0.2916	117.9548
-0.3056	109.6191	-0.3057	111.5997	-0.3040	108.9662	-0.3023	107.1343	-0.3013	106.7148	-0.3018	106.6472	-0.2907	117.4256
-0.3047	110.7398	-0.3047	112.2927	-0.3031	108.4974	-0.3012	107.4781	-0.3003	106.1544	-0.3007	106.3786	-0.2897	117.0153
-0.3037	109.0794	-0.3037	110.9389	-0.3020	109.0893	-0.3002	106.6727	-0.2993	106.0260	-0.2997	105.9932	-0.2887	116.8704
-0.3027	109.1385	-0.3027	110.8243	-0.3010	108.7892	-0.2993	106.5990	-0.2983	106.6099	-0.2988	106.0885	-0.2877	116.3075
-0.3017	110.2684	-0.3017	111.8651	-0.3001	108.0141	-0.2982	107.4394	-0.2973	106.0358	-0.2978	105.8823	-0.2867	115.7967
-0.3007	108.9909	-0.3007	110.8114	-0.2990	108.2913	-0.2973	106.7369	-0.2963	105.8508	-0.2968	105.6342	-0.2857	115.6840
-0.2997	108.6442	-0.2997	110.4506	-0.2980	108.8659	-0.2963	106.5336	-0.2953	106.3823	-0.2958	105.5927	-0.2847	115.2751
-0.2987	109.9739	-0.2986	111.6081	-0.2970	108.0877	-0.2952	107.1465	-0.2943	106.1166	-0.2948	105.5060	-0.2837	114.8822
-0.2977	108.8082	-0.2977	110.8007	-0.2960	108.0251	-0.2943	106.8304	-0.2932	106.2079	-0.2937	105.5016	-0.2827	114.6220
-0.2967	108.3535	-0.2967	110.2363	-0.2951	108.9636	-0.2932	107.0449	-0.2922	106.2855	-0.2928	105.2443	-0.2817	114.2919
-0.2957	109.5109	-0.2957	111.2519	-0.2941	108.6296	-0.2922	107.1842	-0.2912	106.0018	-0.2917	105.4749	-0.2807	114.2350
-0.2947	108.6114	-0.2947	110.6196	-0.2930	108.3553	-0.2912	106.6931	-0.2902	105.6500	-0.2908	105.0233	-0.2797	113.8360
-0.2937	109.5155	-0.2936	111.1589	-0.2920	108.8587	-0.2902	106.2926	-0.2893	105.8547	-0.2898	104.8031	-0.2786	113.5324
-0.2927	108.7693	-0.2927	110.6267	-0.2910	108.0595	-0.2892	106.6747	-0.2883	105.8543	-0.2888	105.0161	-0.2777	113.1555
-0.2917	108.7906	-0.2917	110.6717	-0.2901	107.7697	-0.2882	106.5631	-0.2873	105.4119	-0.2878	104.7326	-0.2767	112.8249
-0.2907	108.0825	-0.2907	110.0419	-0.2891	108.4846	-0.2873	105.9999	-0.2863	105.4414	-0.2868	104.3824	-0.2756	112.7125
-0.2897	108.1510	-0.2897	109.8581	-0.2880	108.0463	-0.2863	106.2647	-0.2853	105.7386	-0.2858	104.5966	-0.2747	112.2295
-0.2887	109.5413	-0.2887	111.2750	-0.2870	107.2791	-0.2853	106.6177	-0.2843	105.4942	-0.2847	104.4527	-0.2737	111.8480
-0.2877	107.6780	-0.2877	109.6516	-0.2860	108.1688	-0.2842	106.0604	-0.2833	105.3426	-0.2838	104.2252	-0.2727	111.8603
-0.2867	107.8479	-0.2867	109.7318	-0.2851	108.0285	-0.2833	106.1174	-0.2823	105.8292	-0.2828	104.2949	-0.2717	111.4533
-0.2857	109.2027	-0.2857	110.9918	-0.2841	107.4821	-0.2822	106.8285	-0.2813	105.7730	-0.2818	104.2384	-0.2707	111.1756
-0.2847	107.9072	-0.2847	109.7525	-0.2831	107.6639	-0.2813	106.7296	-0.2803	105.7107	-0.2808	104.3970	-0.2697	111.0496
-0.2837	107.9452	-0.2837	109.6426	-0.2821	108.0802	-0.2802	106.6571	-0.2792	105.9781	-0.2798	104.2684	-0.2687	110.7233
-0.2827	109.0365	-0.2827	110.7979	-0.2811	108.5769	-0.2792	106.9552	-0.2783	105.6068	-0.2787	104.2133	-0.2677	110.6043
-0.2817	107.9392	-0.2817	109.8408	-0.2801	107.8887	-0.2783	106.3223	-0.2772	105.2797	-0.2777	103.9335	-0.2667	110.4439
-0.2807	109.2775	-0.2806	111.0716	-0.2791	108.6909	-0.2772	106.1296	-0.2763	105.7001	-0.2767	103.8017	-0.2657	110.1265
-0.2797	108.8686	-0.2796	110.6773	-0.2781	107.5592	-0.2762	106.6258	-0.2753	105.5613	-0.2757	104.0779	-0.2647	109.7510
-0.2787	108.1582	-0.2786	110.1166	-0.2770	107.5575	-0.2753	106.3598	-0.2743	105.1661	-0.2747	103.7489	-0.2637	109.6415
-0.2777	107.4720	-0.2776	109.4293	-0.2761	108.2772	-0.2743	105.8679	-0.2733	105.5371	-0.2738	103.6179	-0.2627	109.4903
-0.2767	108.1830	-0.2766	109.9521	-0.2751	107.6505	-0.2733	106.4125	-0.2723	105.5580	-0.2728	103.8902	-0.2617	109.0545
-0.2757	108.3421	-0.2756	110.1193	-0.2741	107.2998	-0.2723	106.4540	-0.2713	105.2465	-0.2718	103.6714	-0.2607	108.9242
-0.2747	107.1736	-0.2747	109.2455	-0.2731	108.1950	-0.2713	106.1003	-0.2703	105.3425	-0.2708	103.5048	-0.2596	108.8690
-0.2737	107.7056	-0.2736	109.4916	-0.2720	107.7331	-0.2703	106.2300	-0.2692	105.7342	-0.2697	103.7560	-0.2587	108.6342
-0.2727	109.1758	-0.2727	110.6823	-0.2710	107.3299	-0.2692	106.6105	-0.2683	105.7998	-0.2688	103.6150	-0.2576	108.3375
-0.2717	107.8162	-0.2716	109.5039	-0.2700	108.0412	-0.2683	106.7563	-0.2673	105.6563	-0.2678	103.8372	-0.2566	108.3274
-0.2707	107.7203	-0.2707	109.3953	-0.2691	107.9067	-0.2673	106.5442	-0.2662	106.2639	-0.2667	103.7404	-0.2557	108.1227
-0.2697	108.9673	-0.2697	110.6414	-0.2681	108.2556	-0.2662	107.2070	-0.2653	105.5783	-0.2657	103.7217	-0.2546	107.9916
-0.2687	108.3023	-0.2686	110.0187	-0.2671	107.9882	-0.2653	106.4649	-0.2643	105.5039	-0.2648	103.5073	-0.2537	107.9422
-0.2677	108.3059	-0.2677	110.2352	-0.2660	108.2075	-0.2643	106.2514	-0.2632	105.9939	-0.2638	103.5690	-0.2526	107.7010
-0.2667	109.1486	-0.2667	110.5721	-0.2650	107.5473	-0.2632	106.9302	-0.2623	105.6542	-0.2627	103.7061	-0.2487	106.6407
-0.2657	107.9033	-0.2656	109.7452	-0.2640	107.4787	-0.2622	106.4926	-0.2613	105.4651	-0.2617	103.3983	-0.2477	106.5244
-0.2647	107.7502	-0.2647	109.4929	-0.2630	108.5717	-0.2612	106.0836	-0.2603	105.8809	-0.2608	103.3814	-0.2467	106.3549
-0.2637	108.8773	-0.2637	110.4829	-0.2620	107.5013	-0.2603	106.8779	-0.2592	105.7972	-0.2597	103.7026	-0.2457	106.1223
-0.2627	108.3439	-0.2626	110.0370	-0.2611	107.4688	-0.2592	106.6675	-0.2582	105.5930	-0.2587	103.4814	-0.2446	105.9410
-0.2617	107.4175	-0.2617	109.1734	-0.2601	108.5272	-0.2583	106.3183	-0.2573	105.9665	-0.2577	103.4851	-0.2436	106.0620
-0.2606	108.3881	-0.2607	109.9215	-0.2590	107.9623	-0.2573	106.9132	-0.2563	105.9486	-0.2567	103.7251	-0.2427	105.9167
-0.2597	108.4875	-0.2596	110.6010	-0.2580	107.7063	-0.2562	106.9339	-0.2553	106.3193	-0.2557	103.6842	-0.2416	105.7507
-0.2587	108.1142	-0.2587	109.5820	-0.2571	108.4765	-0.2552	107.3044	-0.2543	106.1816	-0.2548	103.7508	-0.2406	105.8104
-0.2577	108.2623	-0.2576	109.8198	-0.2561	108.0295	-0.2542	107.0318	-0.2532	106.4363	-0.2537	103.9304	-0.2396	105.5792
-0.2566	109.6018	-0.2566	111.1423	-0.2551	108.8669	-0.2532	107.4318	-0.2523	106.1388	-0.2527	103.7693	-0.2386	105.6897
-0.2557	109.1642	-0.2557	110.7127	-0.2540	108.6386	-0.2522	106.9019	-0.2513	106.0571	-0.2517	103.6821	-0.2376	105.6240
-0.2546	108.6683	-0.2546	110.3285	-0.2530	108.5251	-0.2512	106.8016	-0.2503	106.6273	-0.2508	103.8832	-0.2366	105.4768
-0.2537	109.6857	-0.2537	111.1595	-0.2521	107.9698	-0.2503	107.6814	-0.2493	106.1728	-0.2498	103.9376	-0.2357	105.2464
-0.2527	108.6772	-0.2527	110.1184	-0.2511	108.2047	-0.2493	106.9239	-0.2483	106.1329	-0.2488	103.6191	-0.2347	105.2961
-0.2517	108.3898	-0.2517	110.1175	-0.2501	108.6786	-0.2483	106.8337	-0.2473	106.6652	-0.2478	103.8051	-0.2336	105.2034
-0.2507	109.9123	-0.2507	111.0951	-0.2491	107.9635	-0.2473	107.6105	-0.2463	106.4200	-0.2468	103.9757	-0.2326	104.9985
-0.2497	108.9049	-0.2497	110.4444	-0.2481	108.0931	-0.2463	107.3847	-0.2453	106.3551	-0.2457	103.8480	-0.2317	105.0278
-0.2487	108.1813	-0.2487	109.9291	-0.2471	109.1567	-0.2453	107.0813	-0.2443	106.8309	-0.2448	103.8286	-0.2306	105.0418
-0.2477	110.0083	-0.2477	111.1977	-0.2461	108.4955	-0.2443	107.7356	-0.2433	106.6867	-0.2438	104.2266	-0.2296	105.1350
-0.2467	109.2528	-0.2467	110.6456	-0.2451	108.2937	-0.2432	107.5746	-0.2423	107.1400	-0.2427	104.2293	-0.2286	105.0116
-0.2457	108.7762	-0.2456	110.3414	-0.2441	109.3235	-0.2423	108.1386	-0.2413	107.1263	-0.2418	104.2240	-0.2276	105.0513
-0.2447	109.4462	-0.2447	110.8041	-0.2431	108.8041	-0.2413	108.0145	-0.2403	107.2549	-0.2408	104.5161	-0.2266	104.8601
-0.2437	109.8374	-0.2437	111.2321	-0.2421	109.1963	-0.2402	107.9688	-0.2393	106.9067	-0.2398	104.3576	-0.2257	104.7778
-0.2427	110.4078	-0.2427	111.7278	-0.2411	109.5450	-0.2393	107.5972	-0.2383	107.0598	-0.2388	104.4468	-0.2246	104.9361
-0.2417	109.4776	-0.2417	110.9052	-0.2400	109.0328	-0.2382	107.8616	-0.2373	107.4656	-0.2377	104.7633	-0.2236	104.7800
-0.2407	110.6382	-0.2407	112.0433	-0.2390	108.7533	-0.2373	108.3239	-0.2363	107.0100	-0.2368	104.5992	-0.2227	104.6603
-0.2397	109.7838	-0.2397	110.9766	-0.2380	109.4168	-0.2362	107.7595	-0.2353	107.0810	-0.2358	104.4321	-0.2216	104.7808
-0.2387	109.6084	-0.2387	111.0439	-0.2371	109.4031	-0.2353	107.7672	-0.2343	107.7472	-0.2348	104.6493	-0.2206	104.7310
-0.2377	111.1348	-0.2377	112.1290	-0.2360	108.7397	-0.2343	108.6741	-0.2333	107.3409	-0.2338	104.7341	-0.2196	104.6180
-0.2367	110.0137	-0.2367	111.2587	-0.2351	109.2678	-0.2333	108.1506	-0.2323	107.3230	-0.2328	104.6524	-0.2187	104.7474
-0.2357	109.8082	-0.2356	111.0016	-0.2341	109.7214	-0.2323	108.0783	-0.2313	107.9128	-0.2317	104.8192	-0.2177	104.7388
-0.2347	111.3862	-0.2346	112.4664	-0.2331	109.2047	-0.2313	108.8190	-0.2303	107.8572	-0.2308	104.9973	-0.2166	104.8913
-0.2337	110.2937	-0.2336	111.4981	-0.2321	109.2862	-0.2303	108.6938	-0.2293	108.1976	-0.2298	105.2739	-0.2156	104.8197
-0.2327	110.2624	-0.2327	111.3797	-0.2311	110.4842	-0.2293	109.1504	-0.2283	108.4064	-0.2287	105.2144	-0.2147	104.8700
-0.2317	111.5435	-0.2317	112.4904	-0.2301	110.3260	-0.2282	109.3068	-0.2273	108.2067	-0.2277	105.5444	-0.2137	104.7666
-0.2307	110.8124	-0.2307	112.0437	-0.2291	110.1115	-0.2272	108.9665	-0.2262	108.0678	-0.2268	105.2718	-0.2126	104.7541
-0.2296	112.2052	-0.2296	113.1290	-0.2281	110.6492	-0.2263	108.7511	-0.2253	108.3658	-0.2257	105.2905	-0.2116	104.9370
-0.2287	111.4350	-0.2286	112.3491	-0.2271	110.1025	-0.2253	109.1362	-0.2243	108.4495	-0.2248	105.6455	-0.2107	104.7545
-0.2277	111.6858	-0.2276	112.6646	-0.2260	109.8164	-0.2243	109.3535	-0.2233	108.1019	-0.2237	105.4982	-0.2097	104.7318
-0.2266	110.9271	-0.2267	112.0216	-0.2250	110.7740	-0.2233	108.8241	-0.2222	108.3038	-0.2228	105.4164	-0.2087	104.9569
-0.2257	111.2164	-0.2257	112.1600	-0.2240	110.3179	-0.2223	109.1618	-0.2213	108.8318	-0.2218	105.8055	-0.2077	104.9096
-0.2247	112.8202	-0.2247	113.6418	-0.2230	109.7624	-0.2212	109.6960	-0.2203	108.5739	-0.2208	105.7652	-0.2067	104.8528
-0.2237	111.0852	-0.2236	112.2244	-0.2221	110.8227	-0.2203	109.3480	-0.2193	108.5990	-0.2198	105.7675	-0.2057	105.0516
-0.2227	111.7845	-0.2227	112.3502	-0.2210	110.7489	-0.2193	109.2796	-0.2183	109.2372	-0.2187	105.9889	-0.2046	105.0742
-0.2217	113.0362	-0.2217	113.8209	-0.2201	110.3169	-0.2183	110.1322	-0.2173	109.2072	-0.2178	106.0928	-0.2037	105.0088
-0.2207	112.0699	-0.2206	112.8883	-0.2190	110.6649	-0.2172	110.1466	-0.2163	109.3519	-0.2167	106.3874	-0.2027	105.1711
-0.2197	112.0608	-0.2196	112.8431	-0.2180	111.3250	-0.2162	110.0715	-0.2152	109.6845	-0.2158	106.4298	-0.2016	105.2077
-0.2187	113.4503	-0.2186	113.9571	-0.2170	111.5024	-0.2152	110.5553	-0.2143	109.4067	-0.2147	106.5952	-0.2006	105.1376
-0.2177	112.6251	-0.2176	113.4148	-0.2160	111.1069	-0.2142	110.2174	-0.2133	109.3377	-0.2137	106.4338	-0.1996	105.3073
-0.2167	113.8496	-0.2166	114.4477	-0.2151	112.0647	-0.2133	110.0219	-0.2123	109.8168	-0.2128	106.4507	-0.1986	105.3705
-0.2157	113.9877	-0.2156	114.3258	-0.2141	111.0713	-0.2123	110.6625	-0.2113	109.6948	-0.2117	106.8722	-0.1977	105.2981
-0.2147	113.3769	-0.2146	113.9264	-0.2131	111.1953	-0.2113	110.4885	-0.2103	109.5817	-0.2108	106.7064	-0.1967	105.3404
-0.2137	112.7180	-0.2136	113.5967	-0.2121	112.2002	-0.2103	110.1181	-0.2093	109.9584	-0.2098	106.6786	-0.1957	105.5616
-0.2127	113.8467	-0.2127	114.0489	-0.2110	111.5298	-0.2093	110.7451	-0.2083	110.0839	-0.2088	107.1472	-0.1947	105.5296
-0.2117	113.9977	-0.2117	114.6812	-0.2101	111.3879	-0.2083	110.8115	-0.2073	109.8953	-0.2078	107.0285	-0.1937	105.5657
-0.2107	113.2819	-0.2107	113.7119	-0.2091	112.3717	-0.2073	110.5639	-0.2063	110.0543	-0.2068	107.0969	-0.1926	105.8085
-0.2097	113.8681	-0.2097	114.2451	-0.2081	112.0129	-0.2063	110.8090	-0.2052	110.5990	-0.2058	107.4082	-0.1916	105.8536
-0.2087	115.2809	-0.2087	115.5812	-0.2071	111.6885	-0.2053	111.3384	-0.2043	110.3596	-0.2048	107.3628	-0.1907	105.9516
-0.2077	114.0606	-0.2076	114.4293	-0.2060	112.4894	-0.2043	111.0725	-0.2033	110.3821	-0.2038	107.4757	-0.1896	106.1615
-0.2067	114.1660	-0.2067	114.5841	-0.2051	112.5796	-0.2032	111.0993	-0.2023	111.0255	-0.2028	107.6966	-0.1887	106.0853
-0.2057	115.8721	-0.2057	116.0421	-0.2041	112.2439	-0.2023	112.0201	-0.2012	110.7225	-0.2017	107.7787	-0.1877	106.0418
-0.2047	114.6255	-0.2047	115.1269	-0.2031	112.5751	-0.2012	111.3826	-0.2003	110.6698	-0.2008	107.7465	-0.1867	106.2510
-0.2037	115.0427	-0.2037	115.1063	-0.2021	113.0817	-0.2002	111.3978	-0.1993	111.2289	-0.1998	107.9399	-0.1857	106.3347
-0.2027	116.2314	-0.2027	116.2919	-0.2011	112.5478	-0.1993	112.1840	-0.1983	111.0680	-0.1988	108.1770	-0.1847	106.2117
-0.2017	115.4034	-0.2017	115.6117	-0.2001	112.6244	-0.1982	111.8407	-0.1973	110.8371	-0.1978	108.0053	-0.1837	106.4043
-0.2007	115.4040	-0.2007	115.5358	-0.1991	113.8520	-0.1973	111.5439	-0.1963	111.4141	-0.1968	108.0711	-0.1826	106.5098
-0.1997	116.7491	-0.1997	116.4998	-0.1981	112.8461	-0.1963	112.5167	-0.1953	111.4749	-0.1958	108.5611	-0.1817	106.5024
-0.1987	116.1611	-0.1987	116.2989	-0.1971	112.8686	-0.1953	112.2530	-0.1943	111.2937	-0.1948	108.4270	-0.1806	106.5887
-0.1977	115.5717	-0.1976	115.6208	-0.1961	114.0326	-0.1943	111.9397	-0.1933	111.6897	-0.1938	108.4840	-0.1797	106.8610
-0.1967	116.4341	-0.1967	116.4446	-0.1951	113.5480	-0.1933	112.5985	-0.1923	111.8690	-0.1928	108.8592	-0.1787	107.0268
-0.1957	117.1010	-0.1956	117.0545	-0.1941	113.3359	-0.1923	112.7075	-0.1913	112.2491	-0.1918	108.9670	-0.1776	106.9934
-0.1947	116.5412	-0.1947	116.4862	-0.1931	114.3362	-0.1913	113.1337	-0.1903	112.2238	-0.1908	109.1408	-0.1766	107.2990
-0.1937	116.8003	-0.1937	116.6058	-0.1921	114.0021	-0.1903	112.9833	-0.1893	112.4889	-0.1898	109.3292	-0.1756	107.2416
-0.1927	118.6048	-0.1927	118.2772	-0.1911	114.8662	-0.1893	113.3797	-0.1883	112.2312	-0.1888	109.3433	-0.1747	107.2112
-0.1917	118.1548	-0.1917	117.8836	-0.1901	114.7866	-0.1882	112.9366	-0.1873	112.1780	-0.1878	109.2475	-0.1736	107.4832
-0.1907	118.0777	-0.1907	117.5703	-0.1891	114.6397	-0.1873	112.9028	-0.1863	112.9151	-0.1868	109.5505	-0.1727	107.4814
-0.1897	119.0457	-0.1897	118.7482	-0.1881	114.2202	-0.1863	113.8827	-0.1853	112.4342	-0.1857	109.6700	-0.1717	107.4132
-0.1887	117.9547	-0.1887	117.7344	-0.1871	114.5335	-0.1853	113.1388	-0.1843	112.4191	-0.1848	109.5131	-0.1707	107.6657
-0.1877	118.1004	-0.1877	117.6943	-0.1861	115.1809	-0.1842	113.0416	-0.1833	113.0766	-0.1837	109.7863	-0.1696	107.7115
-0.1867	119.5094	-0.1867	119.0683	-0.1851	114.4258	-0.1833	114.0530	-0.1823	113.0440	-0.1828	109.9760	-0.1687	107.7331
-0.1857	118.8949	-0.1857	118.3550	-0.1841	114.5235	-0.1823	113.7564	-0.1813	112.8753	-0.1818	109.8988	-0.1676	107.8968
-0.1847	118.4300	-0.1847	117.9224	-0.1831	115.9428	-0.1813	113.5368	-0.1802	113.3780	-0.1808	110.0374	-0.1666	108.0331
-0.1837	120.1619	-0.1837	119.2580	-0.1821	115.1527	-0.1803	114.3116	-0.1793	113.3409	-0.1798	110.4619	-0.1656	108.2619
-0.1826	120.2936	-0.1827	119.0031	-0.1811	115.0641	-0.1792	114.2087	-0.1783	113.9851	-0.1788	110.5890	-0.1647	108.2606
-0.1816	118.2307	-0.1816	118.7208	-0.1800	116.1027	-0.1783	114.9686	-0.1773	113.9376	-0.1778	110.6546	-0.1637	108.4485
-0.1806	119.3928	-0.1806	119.3452	-0.1791	115.9674	-0.1773	114.8408	-0.1763	113.9002	-0.1767	110.9528	-0.1627	108.4238
-0.1796	119.0072	-0.1797	119.8385	-0.1781	116.4483	-0.1762	114.8662	-0.1753	113.6139	-0.1757	110.8700	-0.1617	108.4205
-0.1786	120.6905	-0.1786	120.7259	-0.1770	116.8342	-0.1752	114.4775	-0.1743	113.8505	-0.1748	110.7911	-0.1607	108.8075
-0.1776	119.4331	-0.1777	119.7851	-0.1761	116.2598	-0.1742	114.5826	-0.1732	114.1942	-0.1737	111.1657	-0.1596	108.6232
-0.1766	120.5959	-0.1767	121.2018	-0.1751	116.0673	-0.1733	115.1357	-0.1723	113.8587	-0.1728	111.1564	-0.1587	108.6819
-0.1756	119.7279	-0.1757	120.0258	-0.1741	116.7558	-0.1723	114.6439	-0.1713	113.8689	-0.1718	111.0203	-0.1577	108.9727
-0.1746	119.9823	-0.1746	120.1229	-0.1730	116.8303	-0.1713	114.6918	-0.1703	114.6124	-0.1708	111.3313	-0.1567	108.9978
-0.1736	121.4733	-0.1737	121.7134	-0.1721	116.1549	-0.1703	115.7052	-0.1693	114.2709	-0.1698	111.4740	-0.1557	108.9450
-0.1726	120.3558	-0.1727	120.7122	-0.1711	116.6999	-0.1693	115.2261	-0.1683	114.3687	-0.1688	111.5965	-0.1546	109.2310
-0.1716	120.5207	-0.1716	120.5613	-0.1701	117.3642	-0.1683	115.2779	-0.1673	114.9245	-0.1678	111.7166	-0.1537	109.3063
-0.1706	122.4107	-0.1707	122.1310	-0.1691	116.9065	-0.1673	115.9657	-0.1663	114.7732	-0.1668	111.9702	-0.1527	109.4914
-0.1696	121.1972	-0.1697	121.3961	-0.1681	116.9801	-0.1663	115.8681	-0.1653	115.1273	-0.1658	112.1631	-0.1517	109.6659
-0.1686	121.4611	-0.1687	121.2832	-0.1671	118.2325	-0.1652	116.0987	-0.1643	115.3311	-0.1648	112.0518	-0.1507	109.7245
-0.1676	122.8551	-0.1677	122.5592	-0.1661	118.0459	-0.1643	116.4919	-0.1633	115.2004	-0.1638	112.4384	-0.1497	109.6625
-0.1666	122.3725	-0.1667	122.2491	-0.1651	118.0317	-0.1632	116.2033	-0.1623	115.0321	-0.1628	112.2996	-0.1487	109.7784
-0.1656	123.4837	-0.1657	123.1467	-0.1641	118.7160	-0.1622	115.8742	-0.1613	115.4481	-0.1618	112.2489	-0.1476	110.0117
-0.1646	123.5958	-0.1647	122.7126	-0.1631	118.0305	-0.1613	116.5386	-0.1603	115.6405	-0.1607	112.6739	-0.1467	109.9187
-0.1636	123.3224	-0.1636	123.0808	-0.1621	117.9239	-0.1602	116.5535	-0.1593	115.2416	-0.1598	112.5098	-0.1457	109.9695
-0.1626	122.8805	-0.1627	122.5341	-0.1611	118.9768	-0.1593	116.1137	-0.1583	115.3952	-0.1588	112.4776	-0.1447	110.2954
-0.1616	123.4299	-0.1617	123.0091	-0.1601	118.6242	-0.1583	116.3941	-0.1573	115.8405	-0.1578	112.8351	-0.1436	110.2297
-0.1606	124.8334	-0.1607	124.2971	-0.1591	118.0619	-0.1573	117.1031	-0.1563	115.7086	-0.1568	112.8833	-0.1427	110.2604
-0.1596	123.4718	-0.1597	123.0893	-0.1581	119.2239	-0.1563	116.7086	-0.1553	115.6359	-0.1558	112.8441	-0.1416	110.5830
-0.1586	124.1888	-0.1587	123.4272	-0.1571	119.1138	-0.1553	116.6047	-0.1543	116.4608	-0.1548	113.0907	-0.1406	110.6003
-0.1576	125.8709	-0.1577	124.7305	-0.1561	118.7069	-0.1543	117.7451	-0.1533	116.3895	-0.1538	113.1690	-0.1396	110.7478
-0.1566	124.9945	-0.1567	124.2450	-0.1551	119.2022	-0.1533	117.6352	-0.1523	116.4797	-0.1528	113.4692	-0.1386	110.9099
-0.1556	125.0173	-0.1557	124.0877	-0.1541	119.8981	-0.1523	117.6056	-0.1513	116.8923	-0.1518	113.5604	-0.1376	110.9261
-0.1546	126.6412	-0.1547	125.4313	-0.1531	120.1689	-0.1513	118.1819	-0.1503	116.6289	-0.1508	113.6737	-0.1366	110.9489
-0.1536	125.8063	-0.1537	124.8888	-0.1520	119.9293	-0.1503	117.7181	-0.1493	116.4610	-0.1498	113.5661	-0.1356	111.1023
-0.1526	127.0771	-0.1527	126.0613	-0.1511	120.7829	-0.1493	117.5639	-0.1483	116.8816	-0.1488	113.5786	-0.1346	111.2059
-0.1516	127.7439	-0.1517	126.1492	-0.1500	119.9737	-0.1482	118.2032	-0.1473	116.8007	-0.1478	114.0402	-0.1337	111.1217
-0.1506	126.8872	-0.1507	125.8652	-0.1491	119.9298	-0.1473	118.0625	-0.1463	116.4873	-0.1468	113.8533	-0.1327	111.1922
-0.1496	126.8053	-0.1497	125.4534	-0.1480	121.1023	-0.1463	117.7125	-0.1453	117.0179	-0.1458	113.7986	-0.1317	111.4892
-0.1486	128.1993	-0.1487	126.0508	-0.1471	120.5349	-0.1452	118.3676	-0.1443	117.1211	-0.1448	114.2304	-0.1307	111.4494
-0.1476	127.8729	-0.1477	126.7504	-0.1461	120.3156	-0.1443	118.4680	-0.1433	116.9658	-0.1438	114.1410	-0.1297	111.4744
-0.1466	127.5751	-0.1467	125.9399	-0.1451	121.3715	-0.1433	118.2196	-0.1423	117.1057	-0.1428	114.0930	-0.1287	111.7855
-0.1456	128.0644	-0.1457	126.2836	-0.1441	121.0487	-0.1423	118.4359	-0.1413	117.5932	-0.1418	114.4512	-0.1277	111.8969
-0.1446	129.6830	-0.1447	128.0461	-0.1431	120.8863	-0.1413	119.0355	-0.1402	117.7207	-0.1408	114.4544	-0.1267	111.9530
-0.1436	128.8633	-0.1437	126.9276	-0.1421	121.6680	-0.1403	119.3641	-0.1393	117.6712	-0.1398	114.7904	-0.1256	112.1264
-0.1426	129.1693	-0.1427	127.0615	-0.1411	121.6858	-0.1393	119.1692	-0.1382	118.1360	-0.1388	114.8437	-0.1246	112.1394
-0.1416	131.0416	-0.1417	128.6330	-0.1401	122.3375	-0.1382	119.8375	-0.1372	117.8371	-0.1378	114.8926	-0.1237	112.1298
-0.1406	130.8141	-0.1407	128.2133	-0.1391	122.1021	-0.1373	119.2930	-0.1363	117.7615	-0.1368	114.7977	-0.1227	112.2714
-0.1396	130.7356	-0.1397	128.5076	-0.1381	122.4630	-0.1363	119.1376	-0.1353	118.2513	-0.1357	114.9420	-0.1217	112.3266
-0.1386	132.1754	-0.1386	129.4269	-0.1371	122.0617	-0.1352	119.9725	-0.1342	118.0692	-0.1347	115.1599	-0.1206	112.2787
-0.1376	131.1608	-0.1376	128.7138	-0.1361	122.1513	-0.1342	119.6042	-0.1333	117.8595	-0.1338	114.9449	-0.1196	112.4084
-0.1366	131.4492	-0.1367	128.5702	-0.1351	123.3980	-0.1333	119.2514	-0.1323	118.3684	-0.1328	114.9850	-0.1187	112.6069
-0.1356	132.9144	-0.1357	129.9469	-0.1340	122.4060	-0.1323	120.1241	-0.1313	118.3998	-0.1317	115.4673	-0.1177	112.4875
-0.1346	132.4683	-0.1346	129.5930	-0.1331	122.5019	-0.1313	119.9753	-0.1303	118.2236	-0.1308	115.2972	-0.1167	112.6514
-0.1336	131.8390	-0.1337	129.1333	-0.1321	123.8288	-0.1303	119.7665	-0.1293	118.6172	-0.1298	115.3178	-0.1157	112.8584
-0.1326	133.7073	-0.1327	129.9764	-0.1311	123.2547	-0.1293	120.4522	-0.1283	118.7329	-0.1288	115.6699	-0.1146	112.9567
-0.1316	133.8244	-0.1317	130.8225	-0.1301	123.0774	-0.1283	120.5001	-0.1273	119.2072	-0.1278	115.7287	-0.1137	112.9688
-0.1306	133.4880	-0.1307	130.1628	-0.1291	124.2097	-0.1273	121.2432	-0.1263	119.1935	-0.1268	115.9408	-0.1126	113.2033
-0.1296	134.0101	-0.1297	130.6032	-0.1281	123.8383	-0.1263	120.9572	-0.1253	119.4526	-0.1258	116.1137	-0.1117	113.1710
-0.1286	135.8022	-0.1287	132.1827	-0.1271	125.0179	-0.1253	121.3157	-0.1243	119.0593	-0.1248	116.0014	-0.1107	113.1367
-0.1276	136.2807	-0.1277	132.2692	-0.1261	124.9216	-0.1243	120.7166	-0.1233	118.9871	-0.1238	115.9097	-0.1096	113.4027
-0.1266	135.5643	-0.1267	132.0783	-0.1251	124.7681	-0.1233	120.8380	-0.1223	119.7063	-0.1228	116.1878	-0.1086	113.3322
-0.1256	137.2587	-0.1257	132.9230	-0.1241	124.2461	-0.1222	121.7743	-0.1213	119.2777	-0.1218	116.2399	-0.1077	113.2913
-0.1246	136.3183	-0.1247	132.3170	-0.1231	124.6913	-0.1213	121.1385	-0.1203	119.1375	-0.1208	116.0286	-0.1067	113.4889
-0.1236	136.8171	-0.1237	132.3761	-0.1221	125.3943	-0.1202	121.0652	-0.1193	119.7211	-0.1198	116.1970	-0.1057	113.5413
-0.1226	138.6019	-0.1227	133.7099	-0.1211	124.7275	-0.1193	122.0046	-0.1183	119.6313	-0.1187	116.4845	-0.1047	113.4905
-0.1216	137.6197	-0.1217	133.3317	-0.1201	125.0151	-0.1183	121.6794	-0.1173	119.4648	-0.1178	116.3010	-0.1037	113.6527
-0.1206	137.7951	-0.1207	132.7945	-0.1191	126.4374	-0.1173	121.5550	-0.1163	120.0119	-0.1168	116.3620	-0.1027	113.7804
-0.1196	139.6344	-0.1197	134.4334	-0.1181	125.5025	-0.1163	122.2434	-0.1153	119.9776	-0.1158	116.7516	-0.1017	114.0298
-0.1186	139.1833	-0.1187	134.2443	-0.1171	125.6437	-0.1153	122.2763	-0.1143	120.3992	-0.1148	116.8085	-0.1007	114.0097
-0.1176	139.3024	-0.1177	134.0331	-0.1161	126.8173	-0.1143	122.8055	-0.1133	120.4388	-0.1138	116.8095	-0.0996	114.1842
-0.1166	140.7883	-0.1167	134.9057	-0.1151	126.5821	-0.1133	122.8227	-0.1123	120.4902	-0.1128	117.1259	-0.0986	114.2364
-0.1156	141.0642	-0.1157	135.6345	-0.1141	127.0322	-0.1123	122.9108	-0.1113	120.1976	-0.1118	116.9845	-0.0976	114.2940
-0.1146	142.3782	-0.1147	136.1830	-0.1131	127.3987	-0.1113	122.5812	-0.1103	120.3373	-0.1108	116.9298	-0.0966	114.5615
-0.1136	141.6777	-0.1137	135.8819	-0.1120	127.3311	-0.1103	122.7791	-0.1093	120.7144	-0.1098	117.1815	-0.0956	114.3705
-0.1126	143.3874	-0.1126	137.3922	-0.1111	126.9347	-0.1093	123.3837	-0.1083	120.3522	-0.1088	117.1447	-0.0946	114.3274
-0.1116	142.5952	-0.1117	136.2632	-0.1101	127.7929	-0.1083	122.7825	-0.1073	120.4746	-0.1078	117.0153	-0.0937	114.5756
-0.1106	143.3361	-0.1107	136.6614	-0.1091	128.0187	-0.1073	123.0346	-0.1063	121.2380	-0.1068	117.2722	-0.0927	114.5506
-0.1096	145.2085	-0.1097	138.2729	-0.1081	127.3325	-0.1063	124.0406	-0.1053	120.8507	-0.1058	117.3170	-0.0917	114.5004
-0.1086	144.3576	-0.1087	137.4350	-0.1071	128.0285	-0.1053	123.5121	-0.1043	120.7668	-0.1048	117.2896	-0.0906	114.6714
-0.1076	144.9315	-0.1077	137.6166	-0.1061	128.7995	-0.1043	123.4935	-0.1033	121.3695	-0.1037	117.3875	-0.0897	114.7700
-0.1066	147.0464	-0.1067	139.1761	-0.1050	128.5062	-0.1032	124.3482	-0.1023	121.3762	-0.1028	117.5834	-0.0886	114.9241
-0.1056	146.4650	-0.1057	138.7787	-0.1041	128.6227	-0.1023	124.3647	-0.1013	121.8623	-0.1018	117.9343	-0.0876	115.0096
-0.1046	146.7226	-0.1046	138.8071	-0.1031	130.0190	-0.1012	125.0386	-0.1003	121.9317	-0.1008	117.8170	-0.0866	115.0365
-0.1036	148.7453	-0.1037	140.2588	-0.1021	130.1665	-0.1002	125.1585	-0.0992	121.8872	-0.0998	118.1598	-0.0857	114.9990
-0.1026	148.6398	-0.1027	140.2728	-0.1011	130.2286	-0.0992	124.9041	-0.0983	121.7505	-0.0987	117.9848	-0.0847	114.9942
-0.1016	150.9997	-0.1017	142.0642	-0.1000	130.8956	-0.0983	124.8027	-0.0973	122.0171	-0.0978	118.0240	-0.0836	115.2319
-0.1006	150.9461	-0.1007	141.2800	-0.0991	130.4691	-0.0973	125.3823	-0.0962	122.1529	-0.0968	118.3619	-0.0826	115.0932
-0.0996	151.0593	-0.0996	142.1140	-0.0981	130.2932	-0.0962	125.4567	-0.0953	121.8241	-0.0958	118.1444	-0.0817	115.1124
-0.0986	150.9616	-0.0987	141.5711	-0.0971	131.4205	-0.0953	125.0325	-0.0943	122.0367	-0.0948	118.0614	-0.0806	115.4399
-0.0976	151.9070	-0.0977	142.1524	-0.0960	131.2243	-0.0943	125.3898	-0.0933	122.5789	-0.0938	118.3735	-0.0797	115.3247
-0.0966	154.3218	-0.0966	143.9640	-0.0951	130.9872	-0.0933	126.1328	-0.0923	122.3225	-0.0928	118.3230	-0.0787	115.3398
-0.0956	153.2106	-0.0957	142.8499	-0.0941	132.0664	-0.0923	125.8630	-0.0913	122.4248	-0.0918	118.2785	-0.0777	115.5498
-0.0946	154.4708	-0.0947	143.5037	-0.0931	132.2629	-0.0913	125.9521	-0.0903	123.1414	-0.0908	118.4897	-0.0767	115.5711
-0.0936	156.6728	-0.0937	145.2137	-0.0920	132.0504	-0.0903	127.0799	-0.0893	123.1119	-0.0898	118.6063	-0.0757	115.8053
-0.0926	156.3269	-0.0927	144.9778	-0.0911	132.6852	-0.0893	127.0608	-0.0883	123.2921	-0.0888	118.8399	-0.0747	115.8629
-0.0916	157.0205	-0.0917	145.1144	-0.0901	133.4609	-0.0883	127.2311	-0.0873	123.6485	-0.0878	118.8615	-0.0736	115.8844
-0.0906	159.3881	-0.0907	146.8057	-0.0891	134.0508	-0.0872	127.8336	-0.0863	123.4818	-0.0868	118.9425	-0.0727	115.8548
-0.0896	159.0384	-0.0897	146.7921	-0.0881	133.8212	-0.0863	127.4876	-0.0853	123.3639	-0.0858	118.7905	-0.0716	115.9401
-0.0886	161.2752	-0.0886	148.2897	-0.0871	135.0349	-0.0853	127.5265	-0.0842	123.8431	-0.0848	118.8502	-0.0707	116.0857
-0.0876	162.2390	-0.0877	148.6507	-0.0861	134.3855	-0.0843	128.3619	-0.0833	123.9333	-0.0838	119.2713	-0.0697	116.0046
-0.0866	162.4881	-0.0867	148.6509	-0.0851	134.6603	-0.0833	128.2851	-0.0823	123.7049	-0.0828	119.0203	-0.0687	116.0427
-0.0856	163.0180	-0.0857	148.6318	-0.0841	136.0152	-0.0823	128.0043	-0.0813	124.1467	-0.0818	118.9932	-0.0677	116.2842
-0.0846	165.1742	-0.0847	149.5663	-0.0831	135.6804	-0.0813	128.7967	-0.0803	124.4531	-0.0808	119.4062	-0.0667	116.2259
-0.0836	165.7630	-0.0837	150.8235	-0.0821	135.6400	-0.0803	129.1611	-0.0793	124.2630	-0.0798	119.3603	-0.0657	116.2680
-0.0826	166.1767	-0.0827	150.4787	-0.0811	136.9794	-0.0793	129.0418	-0.0783	124.5442	-0.0788	119.3233	-0.0646	116.5794
-0.0816	167.6226	-0.0817	151.3248	-0.0801	136.9181	-0.0783	129.4646	-0.0773	125.0368	-0.0778	119.6702	-0.0636	116.5518
-0.0805	170.0647	-0.0807	153.6249	-0.0791	137.0310	-0.0773	130.2787	-0.0763	125.5316	-0.0768	119.6297	-0.0627	116.6808
-0.0796	170.2398	-0.0797	153.0152	-0.0781	138.1049	-0.0763	130.7575	-0.0753	125.5569	-0.0758	120.0785	-0.0617	116.9051
-0.0786	171.6187	-0.0787	153.6991	-0.0771	138.5869	-0.0753	130.7065	-0.0743	126.1419	-0.0748	120.1552	-0.0606	116.8852
-0.0776	174.3130	-0.0777	155.9054	-0.0760	139.7855	-0.0743	131.7220	-0.0733	125.8293	-0.0738	120.1736	-0.0597	116.8204
-0.0766	175.5742	-0.0767	155.8552	-0.0750	139.6471	-0.0733	131.2396	-0.0723	125.8258	-0.0728	120.0351	-0.0586	117.1160
-0.0756	176.4782	-0.0756	157.2984	-0.0741	140.4658	-0.0723	131.3945	-0.0713	126.4978	-0.0718	120.2261	-0.0576	117.0862
-0.0746	178.7678	-0.0747	158.3783	-0.0731	140.2357	-0.0712	132.4137	-0.0703	126.5996	-0.0708	120.4782	-0.0566	117.0486
-0.0736	179.0372	-0.0737	158.4208	-0.0721	140.6779	-0.0703	132.4128	-0.0693	126.4847	-0.0698	120.3260	-0.0557	117.2663
-0.0725	180.5380	-0.0727	158.8821	-0.0711	142.2379	-0.0693	132.4005	-0.0683	127.1525	-0.0688	120.3329	-0.0547	117.4064
-0.0716	183.2336	-0.0717	160.8390	-0.0701	141.8796	-0.0683	133.4121	-0.0673	127.3009	-0.0678	120.8937	-0.0537	117.4281
-0.0706	184.0298	-0.0707	161.2628	-0.0691	142.2261	-0.0673	133.6233	-0.0663	127.2651	-0.0668	120.6778	-0.0527	117.4919
-0.0696	184.7823	-0.0697	161.4508	-0.0681	143.8307	-0.0663	133.6690	-0.0653	127.8521	-0.0658	120.7979	-0.0517	117.7772
-0.0686	188.2071	-0.0686	163.0268	-0.0671	143.9029	-0.0652	134.5789	-0.0643	128.1710	-0.0648	121.1812	-0.0512	116.5326
-0.0676	189.6049	-0.0677	164.6062	-0.0661	144.2086	-0.0643	135.0819	-0.0633	128.6925	-0.0638	121.3243	-0.0518	97.2974
-0.0666	190.7891	-0.0667	164.9805	-0.0651	145.7674	-0.0633	135.8631	-0.0623	128.8800	-0.0628	121.5176	-0.0528	76.5555
-0.0656	192.9042	-0.0657	165.9961	-0.0641	145.9846	-0.0623	136.1037	-0.0613	129.3902	-0.0617	121.8296	-0.0538	62.1856
-0.0646	196.3781	-0.0646	168.7989	-0.0631	147.4885	-0.0612	136.9570	-0.0603	129.3658	-0.0608	121.8114	-0.0548	50.4956
-0.0636	198.4081	-0.0637	169.5518	-0.0621	148.0331	-0.0603	136.7944	-0.0593	129.5048	-0.0598	121.7909	-0.0558	40.3928
-0.0625	199.9484	-0.0627	170.2280	-0.0611	148.6245	-0.0593	137.1825	-0.0583	130.4454	-0.0588	122.0681	-0.0568	31.8674
-0.0615	203.2144	-0.0616	172.4974	-0.0601	148.7576	-0.0582	138.5401	-0.0573	130.3015	-0.0578	122.3094	-0.0578	24.3590
-0.0606	204.2428	-0.0606	172.7769	-0.0591	149.7423	-0.0573	138.4078	-0.0563	130.4959	-0.0568	122.2250	-0.0588	17.3651
-0.0596	206.4690	-0.0597	173.7079	-0.0581	151.1000	-0.0563	138.8255	-0.0553	131.3877	-0.0558	122.5359	-0.0598	11.2669
-0.0586	210.3671	-0.0587	176.3624	-0.0571	150.9534	-0.0553	140.1424	-0.0543	131.5669	-0.0548	122.7917	-0.0608	5.7423
-0.0575	211.6041	-0.0576	176.9868	-0.0561	151.9965	-0.0543	140.3837	-0.0533	131.7991	-0.0538	122.8295	-0.0618	0.5115
-0.0565	213.9609	-0.0567	177.7050	-0.0551	154.0401	-0.0533	140.8034	-0.0523	132.6028	-0.0528	123.0382	-0.0628	-4.1562
-0.0556	215.2835	-0.0557	180.6640	-0.0541	153.9911	-0.0523	141.9967	-0.0515	132.8358	-0.0518	123.5594	-0.0638	-8.6063
-0.0546	221.3810	-0.0547	181.7524	-0.0531	154.8534	-0.0515	142.5198	-0.0513	129.2036	-0.0511	122.0673	-0.0648	-12.5577
-0.0536	223.8081	-0.0537	182.9988	-0.0521	156.8567	-0.0513	140.6436	-0.0514	115.2954	-0.0514	113.7538	-0.0658	-16.3392
-0.0526	228.2409	-0.0527	185.1544	-0.0515	157.2286	-0.0518	68.3487	-0.0519	74.3364	-0.0519	88.7544	-0.0668	-19.6035
-0.0516	230.6799	-0.0518	187.3139	-0.0512	147.3801	-0.0528	13.1850	-0.0529	32.8118	-0.0529	60.5237	-0.0678	-22.8456
-0.0513	213.2788	-0.0513	172.0494	-0.0513	119.3098	-0.0538	-12.5291	-0.0539	8.5890	-0.0539	41.5050	-0.0688	-25.9933
-0.0513	156.8522	-0.0513	128.3669	-0.0519	46.6257	-0.0548	-28.3978	-0.0552	-12.5377	-0.0549	26.8093	-0.0698	-28.6486
-0.0518	65.1311	-0.0519	40.4454	-0.0529	-5.8956	-0.0558	-39.9807	-0.0566	-27.7610	-0.0559	14.4648	-0.0708	-31.2126
-0.0529	24.7044	-0.0530	-6.0047	-0.0539	-26.8710	-0.0568	-47.1871	-0.0575	-35.4818	-0.0569	4.7173	-0.0718	-33.8796
-0.0539	11.6112	-0.0539	-20.9159	-0.0549	-38.7588	-0.0578	-52.7069	-0.0585	-42.5463	-0.0579	-3.6942	-0.0728	-36.1137
-0.0549	3.1772	-0.0549	-29.4441	-0.0559	-47.9026	-0.0588	-58.0326	-0.0595	-47.9669	-0.0589	-11.3468	-0.0738	-38.2053
-0.0559	-4.9070	-0.0559	-37.1682	-0.0569	-52.4911	-0.0598	-61.4530	-0.0605	-52.2941	-0.0599	-17.6836	-0.0748	-40.4388
-0.0569	-8.2285	-0.0568	-40.0634	-0.0579	-56.6496	-0.0608	-64.3074	-0.0615	-56.1254	-0.0609	-23.1343	-0.0758	-42.3810
-0.0578	-13.0078	-0.0579	-43.7672	-0.0589	-61.0767	-0.0618	-67.4252	-0.0625	-59.8270	-0.0619	-28.3697	-0.0768	-44.3993
-0.0589	-18.4765	-0.0589	-48.3385	-0.0599	-63.3251	-0.0628	-69.5674	-0.0635	-62.7010	-0.0629	-32.7106	-0.0779	-46.1175
-0.0599	-20.8911	-0.0599	-49.9931	-0.0608	-65.5087	-0.0638	-71.9709	-0.0645	-65.0004	-0.0639	-37.0005	-0.0788	-47.8162
-0.0609	-23.8079	-0.0609	-52.0446	-0.0619	-68.3877	-0.0648	-73.5754	-0.0656	-67.5508	-0.0650	-40.5316	-0.0798	-49.1960
-0.0619	-27.9614	-0.0618	-55.3730	-0.0629	-69.7505	-0.0658	-75.1130	-0.0665	-69.0211	-0.0660	-43.7297	-0.0808	-50.7566
-0.0629	-29.7289	-0.0628	-56.5552	-0.0639	-72.2322	-0.0668	-76.0050	-0.0675	-70.5861	-0.0669	-46.4778	-0.0818	-52.2689
-0.0638	-33.2956	-0.0639	-59.4519	-0.0649	-73.3079	-0.0678	-77.0461	-0.0686	-72.7494	-0.0679	-49.2562	-0.0828	-53.4692
-0.0649	-35.4654	-0.0649	-60.6056	-0.0659	-74.4689	-0.0688	-79.0223	-0.0696	-73.8156	-0.0689	-51.8878	-0.0838	-54.6896
-0.0659	-37.2592	-0.0659	-61.6607	-0.0669	-74.9732	-0.0699	-79.2702	-0.0705	-74.8577	-0.0699	-53.8916	-0.0848	-56.1649
-0.0669	-38.5116	-0.0669	-62.4235	-0.0679	-76.2250	-0.0708	-80.1299	-0.0716	-76.4310	-0.0709	-55.9362	-0.0858	-57.1638
-0.0679	-41.1011	-0.0679	-64.0149	-0.0689	-77.6681	-0.0718	-81.6685	-0.0725	-77.4413	-0.0719	-58.1905	-0.0868	-58.2542
-0.0689	-43.1708	-0.0689	-65.7169	-0.0699	-77.7677	-0.0728	-81.9217	-0.0735	-78.1451	-0.0729	-59.7152	-0.0878	-59.4685
-0.0699	-43.9327	-0.0699	-65.6630	-0.0709	-78.6948	-0.0738	-82.4515	-0.0746	-79.2497	-0.0739	-61.2915	-0.0888	-60.4967
-0.0709	-45.7817	-0.0709	-66.9252	-0.0719	-80.5488	-0.0748	-83.6855	-0.0755	-80.1404	-0.0749	-63.1121	-0.0898	-61.5153
-0.0719	-48.9681	-0.0719	-69.4601	-0.0729	-80.2298	-0.0759	-83.9534	-0.0766	-81.3196	-0.0759	-64.4822	-0.0908	-62.5488
-0.0729	-48.9277	-0.0729	-68.9710	-0.0738	-80.7516	-0.0768	-85.3151	-0.0776	-81.7640	-0.0769	-66.0189	-0.0919	-63.3549
-0.0739	-50.3642	-0.0739	-69.6759	-0.0749	-82.3632	-0.0778	-85.5158	-0.0785	-82.7165	-0.0779	-67.3333	-0.0928	-64.1235
-0.0749	-53.2016	-0.0749	-71.8965	-0.0759	-82.4385	-0.0788	-85.7355	-0.0796	-82.8378	-0.0789	-68.3487	-0.0938	-65.0199
-0.0759	-53.8503	-0.0759	-71.9923	-0.0769	-83.4852	-0.0799	-85.7583	-0.0805	-83.3052	-0.0799	-69.2633	-0.0948	-65.8121
-0.0769	-55.0809	-0.0768	-73.0233	-0.0779	-84.1233	-0.0808	-86.3990	-0.0816	-84.3291	-0.0809	-70.4497	-0.0958	-66.3933
-0.0779	-57.0136	-0.0779	-74.2174	-0.0789	-83.9865	-0.0818	-87.0087	-0.0825	-84.3941	-0.0819	-71.4362	-0.0968	-67.1858
-0.0789	-56.9494	-0.0789	-73.9285	-0.0799	-83.8884	-0.0828	-86.8252	-0.0835	-84.6345	-0.0829	-72.1193	-0.0978	-67.9646
-0.0799	-57.7047	-0.0799	-74.0676	-0.0809	-84.9117	-0.0838	-87.0876	-0.0845	-85.6015	-0.0839	-72.9631	-0.0988	-68.7821
-0.0809	-59.9242	-0.0809	-75.7611	-0.0819	-85.1766	-0.0848	-88.3251	-0.0855	-85.8365	-0.0849	-74.0106	-0.0998	-69.3140
-0.0819	-60.3224	-0.0819	-75.8399	-0.0829	-84.7454	-0.0858	-87.9875	-0.0865	-85.9754	-0.0859	-74.5645	-0.1008	-70.0932
-0.0829	-60.3304	-0.0829	-75.5413	-0.0839	-85.3992	-0.0868	-88.0736	-0.0875	-86.7273	-0.0869	-75.2385	-0.1018	-70.6535
-0.0839	-62.0472	-0.0839	-76.4596	-0.0849	-86.4467	-0.0878	-89.0481	-0.0886	-86.9973	-0.0879	-76.3026	-0.1028	-71.2548
-0.0849	-63.3518	-0.0849	-77.7575	-0.0859	-86.0518	-0.0888	-89.1465	-0.0896	-87.6725	-0.0889	-76.8356	-0.1038	-71.8835
-0.0859	-63.2301	-0.0859	-77.2939	-0.0868	-86.3925	-0.0898	-89.3775	-0.0905	-87.8163	-0.0899	-77.4624	-0.1049	-72.2954
-0.0869	-64.2189	-0.0869	-77.7647	-0.0879	-87.6496	-0.0908	-89.9576	-0.0915	-88.0758	-0.0910	-78.2567	-0.1058	-72.6349
-0.0879	-66.6492	-0.0879	-79.6239	-0.0889	-87.5424	-0.0919	-89.6650	-0.0925	-87.9994	-0.0919	-78.5433	-0.1068	-73.3105
-0.0889	-66.7820	-0.0889	-79.5913	-0.0899	-87.5004	-0.0928	-89.5841	-0.0935	-88.1919	-0.0929	-78.9703	-0.1078	-73.7201
-0.0899	-66.9390	-0.0899	-79.7226	-0.0909	-88.3801	-0.0938	-90.0594	-0.0945	-88.8608	-0.0939	-79.6349	-0.1088	-73.9825
-0.0909	-68.6527	-0.0909	-80.8631	-0.0919	-87.9481	-0.0948	-90.2627	-0.0955	-88.6074	-0.0949	-80.1052	-0.1098	-74.5602
-0.0919	-67.9861	-0.0919	-80.1812	-0.0929	-87.7900	-0.0958	-89.8507	-0.0965	-88.7503	-0.0959	-80.2985	-0.1108	-75.0171
-0.0929	-68.6059	-0.0929	-80.3216	-0.0939	-88.6632	-0.0968	-90.3818	-0.0975	-89.5033	-0.0969	-80.8389	-0.1118	-75.2703
-0.0939	-70.2279	-0.0939	-81.7025	-0.0949	-88.4458	-0.0978	-90.7446	-0.0985	-89.3574	-0.0979	-81.3905	-0.1128	-75.7556
-0.0949	-70.0116	-0.0949	-81.1843	-0.0959	-87.9571	-0.0988	-90.5628	-0.0995	-89.4481	-0.0989	-81.7313	-0.1138	-76.2155
-0.0959	-69.8405	-0.0959	-80.7904	-0.0968	-88.9071	-0.0998	-90.5841	-0.1005	-90.0605	-0.0999	-82.0769	-0.1148	-76.6661
-0.0969	-71.8059	-0.0968	-82.4452	-0.0979	-89.1026	-0.1008	-91.4444	-0.1015	-90.0619	-0.1009	-82.6167	-0.1158	-76.9152
-0.0979	-71.7934	-0.0979	-82.4818	-0.0988	-88.6603	-0.1018	-91.7797	-0.1026	-90.7026	-0.1019	-83.0947	-0.1168	-77.4751
-0.0988	-71.8476	-0.0988	-81.9580	-0.0998	-88.9921	-0.1028	-91.5564	-0.1035	-90.7325	-0.1029	-83.2994	-0.1178	-77.5931
-0.0998	-72.7880	-0.0999	-82.7096	-0.1009	-89.6937	-0.1038	-92.0181	-0.1045	-90.6018	-0.1039	-83.8654	-0.1188	-77.8645
-0.1009	-73.5414	-0.1009	-83.4088	-0.1018	-90.5622	-0.1048	-91.5100	-0.1055	-90.4433	-0.1049	-83.8233	-0.1198	-78.3122
-0.1018	-75.2808	-0.1019	-84.5959	-0.1029	-89.8015	-0.1058	-91.2711	-0.1065	-90.7693	-0.1059	-84.0263	-0.1208	-78.4901
-0.1029	-74.2587	-0.1029	-83.6558	-0.1039	-90.5133	-0.1068	-91.9423	-0.1075	-90.9309	-0.1069	-84.5049	-0.1218	-78.6751
-0.1039	-75.9244	-0.1039	-84.8367	-0.1049	-89.7158	-0.1078	-91.8346	-0.1085	-90.5503	-0.1079	-84.6493	-0.1228	-79.1195
-0.1049	-74.9219	-0.1049	-83.8328	-0.1059	-89.7242	-0.1088	-91.2159	-0.1095	-90.7581	-0.1089	-84.6412	-0.1238	-79.3035
-0.1059	-75.0768	-0.1059	-83.8373	-0.1069	-90.6619	-0.1098	-92.0139	-0.1105	-91.3099	-0.1099	-85.1755	-0.1248	-79.4915
-0.1069	-76.8410	-0.1069	-85.3418	-0.1079	-90.0896	-0.1108	-91.8934	-0.1116	-90.9463	-0.1109	-85.2644	-0.1258	-79.8497
-0.1079	-76.0006	-0.1079	-84.3987	-0.1089	-89.5852	-0.1118	-91.7125	-0.1125	-90.9695	-0.1119	-85.3630	-0.1268	-80.0742
-0.1089	-75.9214	-0.1089	-84.2808	-0.1099	-90.5939	-0.1128	-91.9719	-0.1135	-91.6564	-0.1129	-85.6838	-0.1279	-80.4828
-0.1099	-77.9917	-0.1099	-85.7856	-0.1109	-90.3810	-0.1138	-92.2503	-0.1146	-91.5814	-0.1140	-85.9500	-0.1289	-80.6451
-0.1109	-77.1784	-0.1109	-85.2774	-0.1119	-90.0902	-0.1149	-92.5464	-0.1155	-91.5395	-0.1149	-86.3025	-0.1299	-80.9539
-0.1118	-77.3080	-0.1119	-84.8206	-0.1129	-90.8286	-0.1158	-92.1223	-0.1166	-91.9666	-0.1159	-86.3609	-0.1308	-80.9849
-0.1129	-78.5290	-0.1129	-85.9077	-0.1139	-90.6586	-0.1169	-92.7214	-0.1176	-91.7285	-0.1169	-86.6764	-0.1318	-81.1566
-0.1139	-78.3680	-0.1139	-85.7569	-0.1149	-91.2234	-0.1178	-92.0373	-0.1186	-91.4532	-0.1179	-86.6164	-0.1328	-81.5425
-0.1148	-79.6273	-0.1149	-86.6043	-0.1159	-90.6784	-0.1188	-91.9576	-0.1196	-91.8504	-0.1189	-86.7149	-0.1338	-81.5100
-0.1159	-79.1277	-0.1159	-86.1723	-0.1169	-91.1340	-0.1198	-92.6995	-0.1205	-91.8443	-0.1200	-87.2239	-0.1348	-81.6144
-0.1169	-79.5751	-0.1169	-86.5511	-0.1179	-90.4654	-0.1208	-92.0966	-0.1215	-91.3928	-0.1209	-87.0022	-0.1359	-81.9863
-0.1179	-78.9547	-0.1179	-85.7240	-0.1188	-90.4136	-0.1218	-91.7713	-0.1226	-91.8550	-0.1219	-87.0223	-0.1368	-82.0788
-0.1189	-79.2369	-0.1189	-86.0085	-0.1199	-91.5710	-0.1228	-92.5173	-0.1236	-91.8944	-0.1229	-87.4151	-0.1378	-82.1123
-0.1199	-81.2562	-0.1199	-87.6328	-0.1209	-90.5274	-0.1238	-92.2230	-0.1245	-91.6626	-0.1239	-87.4288	-0.1388	-82.4761
-0.1209	-79.5003	-0.1209	-85.9458	-0.1219	-90.4617	-0.1248	-91.9282	-0.1255	-91.6403	-0.1249	-87.4638	-0.1398	-82.5714
-0.1218	-79.8783	-0.1219	-86.2060	-0.1229	-91.4349	-0.1258	-92.4458	-0.1266	-92.1814	-0.1259	-87.6825	-0.1408	-82.8665
-0.1229	-81.4160	-0.1229	-87.4988	-0.1239	-90.8077	-0.1268	-92.4964	-0.1275	-92.4202	-0.1269	-87.7932	-0.1418	-83.0222
-0.1239	-80.6034	-0.1239	-86.8467	-0.1249	-90.5524	-0.1278	-93.0353	-0.1285	-92.1605	-0.1280	-88.2203	-0.1428	-83.1227
-0.1249	-80.5559	-0.1249	-86.4469	-0.1259	-91.3636	-0.1289	-92.6885	-0.1296	-92.5231	-0.1289	-88.2297	-0.1438	-83.0742
-0.1259	-82.0383	-0.1259	-87.8545	-0.1269	-91.0349	-0.1298	-92.6699	-0.1305	-92.0593	-0.1299	-88.3044	-0.1448	-83.2781
-0.1269	-81.2644	-0.1269	-86.9458	-0.1279	-91.8200	-0.1309	-92.1886	-0.1316	-91.8449	-0.1310	-88.1767	-0.1458	-83.4757
-0.1279	-82.7954	-0.1279	-88.5608	-0.1289	-91.4875	-0.1318	-91.8555	-0.1326	-92.3693	-0.1319	-88.2433	-0.1468	-83.4232
-0.1289	-82.5419	-0.1289	-87.9254	-0.1299	-91.2442	-0.1328	-92.6506	-0.1336	-92.0373	-0.1330	-88.5312	-0.1478	-83.5192
-0.1299	-81.9901	-0.1299	-87.5347	-0.1309	-90.6606	-0.1338	-91.9311	-0.1345	-91.6961	-0.1339	-88.3305	-0.1488	-83.7840
-0.1309	-81.4625	-0.1309	-87.0173	-0.1319	-90.7968	-0.1348	-91.8052	-0.1355	-92.1044	-0.1349	-88.3114	-0.1498	-83.7591
-0.1319	-82.2752	-0.1319	-87.5231	-0.1329	-91.2886	-0.1358	-92.4480	-0.1365	-92.0052	-0.1359	-88.7460	-0.1509	-83.8063
-0.1329	-82.4638	-0.1329	-87.8643	-0.1339	-90.4369	-0.1368	-92.0478	-0.1375	-91.7168	-0.1369	-88.5837	-0.1518	-84.1161
-0.1339	-82.9693	-0.1339	-86.7306	-0.1349	-90.5097	-0.1379	-91.7020	-0.1385	-91.9925	-0.1379	-88.5131	-0.1528	-84.1403
-0.1350	-83.4919	-0.1349	-87.2185	-0.1359	-91.5764	-0.1388	-92.3664	-0.1395	-92.0405	-0.1389	-88.8422	-0.1538	-84.2734
-0.1360	-84.9037	-0.1359	-88.7352	-0.1369	-90.6368	-0.1398	-91.9392	-0.1405	-92.2352	-0.1399	-88.8176	-0.1548	-84.4486
-0.1370	-83.6056	-0.1368	-87.2753	-0.1379	-90.4666	-0.1408	-92.6026	-0.1415	-92.0266	-0.1409	-88.9667	-0.1558	-84.4273
-0.1380	-83.8425	-0.1379	-87.2326	-0.1389	-91.4679	-0.1418	-92.3686	-0.1425	-92.2846	-0.1419	-89.0902	-0.1569	-84.4247
-0.1390	-85.3591	-0.1389	-88.6185	-0.1399	-90.8300	-0.1428	-92.0625	-0.1436	-91.8296	-0.1429	-89.0664	-0.1578	-84.5695
-0.1400	-84.9920	-0.1399	-88.0853	-0.1409	-91.1353	-0.1438	-91.5940	-0.1445	-91.5864	-0.1439	-88.9235	-0.1588	-84.6087
-0.1410	-84.8434	-0.1409	-87.9883	-0.1419	-91.3783	-0.1448	-91.8332	-0.1455	-92.2008	-0.1449	-89.0764	-0.1598	-84.5400
-0.1420	-85.5498	-0.1419	-88.5740	-0.1429	-90.7121	-0.1458	-91.9370	-0.1466	-91.6458	-0.1459	-89.1507	-0.1608	-84.6832
-0.1430	-84.4964	-0.1429	-87.7806	-0.1439	-90.2023	-0.1468	-91.3628	-0.1475	-91.3983	-0.1469	-88.8658	-0.1618	-84.8052
-0.1440	-84.4135	-0.1439	-87.3727	-0.1449	-90.8941	-0.1478	-91.1962	-0.1486	-91.9199	-0.1479	-88.8806	-0.1628	-84.6918
-0.1450	-85.5838	-0.1449	-88.3528	-0.1459	-90.6515	-0.1488	-91.9104	-0.1495	-91.5679	-0.1489	-89.2140	-0.1638	-84.7791
-0.1460	-84.7553	-0.1459	-87.9463	-0.1469	-89.9285	-0.1498	-91.3023	-0.1505	-91.3543	-0.1499	-89.0023	-0.1648	-85.0436
-0.1470	-84.1037	-0.1469	-86.9887	-0.1479	-90.3413	-0.1508	-91.1132	-0.1515	-91.7230	-0.1509	-88.9824	-0.1658	-85.0252
-0.1480	-85.5974	-0.1479	-87.7792	-0.1489	-90.7033	-0.1518	-91.8469	-0.1525	-91.4998	-0.1519	-89.3185	-0.1668	-85.0366
-0.1490	-85.1863	-0.1488	-88.1381	-0.1499	-89.9854	-0.1528	-91.5604	-0.1535	-91.8803	-0.1529	-89.2420	-0.1678	-85.2424
-0.1500	-84.5317	-0.1499	-87.3591	-0.1509	-89.9976	-0.1538	-91.4597	-0.1545	-91.7761	-0.1539	-89.3152	-0.1688	-85.1381
-0.1510	-84.7767	-0.1509	-87.4390	-0.1519	-90.9846	-0.1548	-91.7667	-0.1556	-91.6602	-0.1549	-89.4267	-0.1698	-85.0878
-0.1520	-85.9925	-0.1519	-88.8012	-0.1529	-90.4472	-0.1559	-91.2019	-0.1565	-91.2288	-0.1559	-89.2744	-0.1708	-85.3095
-0.1530	-86.0104	-0.1529	-88.3469	-0.1539	-90.3226	-0.1568	-90.7838	-0.1576	-91.1915	-0.1569	-89.0627	-0.1719	-85.2423
-0.1540	-85.1279	-0.1539	-87.6696	-0.1549	-90.8208	-0.1578	-91.1643	-0.1586	-91.5327	-0.1579	-89.2986	-0.1728	-85.0863
-0.1550	-86.2779	-0.1549	-88.5876	-0.1559	-90.0592	-0.1588	-90.9801	-0.1595	-90.9153	-0.1589	-89.2505	-0.1738	-85.2356
-0.1560	-85.0363	-0.1559	-87.5630	-0.1568	-89.5771	-0.1598	-90.3645	-0.1605	-90.8051	-0.1599	-88.9784	-0.1748	-85.2784
-0.1570	-85.0144	-0.1569	-87.3384	-0.1579	-90.3158	-0.1608	-90.6709	-0.1615	-91.3467	-0.1609	-89.0967	-0.1758	-85.1883
-0.1580	-86.3267	-0.1579	-88.2628	-0.1589	-89.7521	-0.1618	-90.8085	-0.1625	-90.8596	-0.1619	-89.1376	-0.1768	-85.2376
-0.1590	-85.1037	-0.1589	-87.4859	-0.1599	-89.0423	-0.1628	-90.3235	-0.1635	-90.6439	-0.1630	-88.9611	-0.1778	-85.3733
-0.1600	-84.5753	-0.1599	-86.7437	-0.1609	-89.9153	-0.1638	-90.2430	-0.1645	-91.0256	-0.1639	-88.9781	-0.1788	-85.4776
-0.1610	-86.1143	-0.1609	-88.0359	-0.1619	-89.6733	-0.1648	-90.7727	-0.1655	-90.7939	-0.1649	-89.1988	-0.1798	-85.4226
-0.1620	-85.2542	-0.1619	-87.5331	-0.1629	-89.0987	-0.1659	-90.6312	-0.1666	-90.9649	-0.1659	-89.1967	-0.1808	-85.6010
-0.1630	-84.7491	-0.1629	-86.9572	-0.1639	-89.2715	-0.1668	-90.3020	-0.1675	-90.9155	-0.1669	-89.1112	-0.1818	-85.4075
-0.1640	-86.0289	-0.1639	-87.3286	-0.1649	-89.6329	-0.1679	-90.7106	-0.1686	-90.6719	-0.1679	-89.2823	-0.1828	-85.3468
-0.1650	-85.5302	-0.1649	-87.6238	-0.1659	-89.7744	-0.1688	-90.1416	-0.1695	-90.2837	-0.1689	-89.2178	-0.1838	-85.4785
-0.1660	-86.1613	-0.1659	-88.0293	-0.1669	-89.0979	-0.1699	-89.7943	-0.1705	-90.4689	-0.1699	-89.0268	-0.1849	-85.4009
-0.1670	-85.1929	-0.1669	-87.1127	-0.1679	-89.9927	-0.1709	-90.2122	-0.1716	-90.3877	-0.1710	-89.1804	-0.1859	-85.2798
-0.1680	-86.1912	-0.1678	-88.2351	-0.1689	-88.9251	-0.1718	-89.7888	-0.1725	-89.9511	-0.1719	-88.9516	-0.1868	-85.4432
-0.1690	-84.9183	-0.1689	-86.9402	-0.1699	-88.4974	-0.1728	-89.2988	-0.1735	-89.9486	-0.1729	-88.7588	-0.1878	-85.3420
-0.1700	-84.9240	-0.1699	-86.7039	-0.1709	-89.4782	-0.1738	-89.6996	-0.1745	-90.2533	-0.1739	-88.9407	-0.1888	-85.2727
-0.1710	-86.3696	-0.1709	-87.9207	-0.1719	-88.6146	-0.1748	-89.5754	-0.1755	-89.7850	-0.1749	-88.8477	-0.1898	-85.3581
-0.1720	-84.8557	-0.1718	-86.7106	-0.1729	-88.1247	-0.1758	-89.0602	-0.1765	-89.6084	-0.1759	-88.5730	-0.1908	-85.3345
-0.1730	-84.6526	-0.1728	-86.4402	-0.1739	-88.8554	-0.1768	-89.3291	-0.1775	-90.1095	-0.1769	-88.7027	-0.1918	-85.4559
-0.1740	-86.3521	-0.1739	-87.5756	-0.1749	-88.4757	-0.1778	-89.3263	-0.1785	-89.9972	-0.1779	-88.7955	-0.1928	-85.4132
-0.1750	-85.0410	-0.1748	-86.6166	-0.1759	-88.1073	-0.1788	-89.6933	-0.1795	-89.8668	-0.1789	-88.9152	-0.1938	-85.4703
-0.1760	-84.8280	-0.1758	-86.4747	-0.1769	-88.4487	-0.1798	-89.1084	-0.1805	-89.9409	-0.1799	-88.7374	-0.1948	-85.2901
-0.1770	-85.7359	-0.1768	-87.1913	-0.1779	-88.3077	-0.1808	-89.5308	-0.1816	-89.5869	-0.1809	-88.8171	-0.1958	-85.2086
-0.1780	-85.1227	-0.1779	-86.7500	-0.1789	-88.8556	-0.1818	-88.6809	-0.1826	-89.2786	-0.1819	-88.5489	-0.1968	-85.4114
-0.1790	-86.2680	-0.1789	-87.7448	-0.1799	-88.2696	-0.1828	-88.5090	-0.1835	-89.6106	-0.1829	-88.3801	-0.1978	-85.1912
-0.1800	-85.6395	-0.1799	-86.7272	-0.1808	-88.4729	-0.1838	-89.0612	-0.1845	-89.2549	-0.1839	-88.6195	-0.1988	-85.1356
-0.1810	-85.0731	-0.1809	-87.0161	-0.1819	-87.4383	-0.1848	-88.3485	-0.1856	-88.8738	-0.1849	-88.3069	-0.1998	-85.2150
-0.1820	-84.4839	-0.1819	-86.0370	-0.1829	-87.4956	-0.1858	-88.0275	-0.1865	-88.9627	-0.1859	-88.1395	-0.2008	-85.1398
-0.1830	-84.5607	-0.1829	-85.9725	-0.1839	-88.3141	-0.1868	-88.5326	-0.1875	-88.9826	-0.1869	-88.3171	-0.2018	-85.0296
-0.1840	-85.7938	-0.1839	-87.2620	-0.1849	-87.2315	-0.1878	-88.1828	-0.1885	-88.5545	-0.1879	-88.1958	-0.2029	-85.1383
-0.1850	-84.1179	-0.1849	-85.7678	-0.1859	-86.9748	-0.1888	-87.7605	-0.1895	-88.5245	-0.1889	-87.9877	-0.2038	-85.0598
-0.1860	-84.4219	-0.1859	-85.7504	-0.1869	-87.8638	-0.1898	-88.0838	-0.1905	-88.8092	-0.1899	-88.1023	-0.2048	-85.0012
-0.1870	-85.6200	-0.1869	-86.7386	-0.1879	-87.1143	-0.1908	-87.9613	-0.1915	-88.7133	-0.1909	-88.0330	-0.2058	-85.0295
-0.1880	-84.5548	-0.1878	-85.9608	-0.1889	-86.7496	-0.1918	-88.1786	-0.1926	-88.4783	-0.1919	-88.2021	-0.2068	-85.0442
-0.1890	-84.3626	-0.1889	-85.4547	-0.1898	-87.4723	-0.1928	-87.9266	-0.1936	-88.8167	-0.1929	-88.0818	-0.2078	-84.8398
-0.1900	-85.5939	-0.1899	-86.6971	-0.1908	-86.9332	-0.1938	-87.8870	-0.1946	-88.2159	-0.1939	-87.9825	-0.2088	-84.8702
-0.1910	-84.5139	-0.1909	-85.7360	-0.1919	-87.5226	-0.1948	-87.2319	-0.1955	-87.9891	-0.1949	-87.7577	-0.2098	-84.8888
-0.1920	-85.0975	-0.1919	-86.4094	-0.1929	-87.1777	-0.1958	-87.1366	-0.1965	-88.3167	-0.1959	-87.6241	-0.2108	-84.7551
-0.1930	-85.4302	-0.1929	-86.2870	-0.1939	-86.7316	-0.1968	-87.7313	-0.1975	-87.9177	-0.1969	-87.7691	-0.2118	-84.6789
-0.1940	-84.2240	-0.1939	-85.6962	-0.1949	-86.2387	-0.1979	-86.9078	-0.1985	-87.5285	-0.1979	-87.4814	-0.2128	-84.8554
-0.1950	-83.8969	-0.1949	-85.0540	-0.1959	-86.2537	-0.1988	-86.6400	-0.1995	-87.8255	-0.1989	-87.3568	-0.2138	-84.6702
-0.1960	-84.9822	-0.1959	-85.3886	-0.1969	-86.7366	-0.1998	-87.2831	-0.2006	-87.5942	-0.1999	-87.6384	-0.2148	-84.6226
-0.1970	-84.4202	-0.1969	-85.7144	-0.1979	-85.8431	-0.2008	-86.7885	-0.2015	-87.2822	-0.2009	-87.3021	-0.2158	-84.6926
-0.1979	-83.4406	-0.1979	-84.6869	-0.1989	-85.6527	-0.2018	-86.4140	-0.2025	-87.4124	-0.2019	-87.1584	-0.2168	-84.6052
-0.1990	-83.8559	-0.1988	-84.8241	-0.1999	-86.6679	-0.2028	-86.9003	-0.2036	-87.3808	-0.2029	-87.3444	-0.2178	-84.6761
-0.2000	-84.9123	-0.1999	-86.0023	-0.2009	-85.7343	-0.2039	-86.4959	-0.2045	-87.0561	-0.2040	-87.1697	-0.2188	-84.7317
-0.2010	-83.7167	-0.2009	-84.7203	-0.2018	-85.5100	-0.2048	-86.2356	-0.2055	-87.0234	-0.2049	-86.9856	-0.2198	-84.6071
-0.2020	-83.9062	-0.2019	-84.5071	-0.2029	-86.2558	-0.2058	-86.4845	-0.2065	-87.2359	-0.2059	-87.1531	-0.2208	-84.4770
-0.2030	-84.9447	-0.2029	-85.7848	-0.2039	-85.5880	-0.2068	-86.2963	-0.2075	-86.7939	-0.2069	-86.9713	-0.2218	-84.5093
-0.2040	-83.9541	-0.2039	-84.7784	-0.2049	-85.3415	-0.2078	-85.6911	-0.2085	-86.5506	-0.2079	-86.7488	-0.2228	-84.4635
-0.2050	-83.6653	-0.2049	-84.5365	-0.2059	-85.9330	-0.2088	-85.9856	-0.2095	-87.0459	-0.2089	-86.8056	-0.2238	-84.2321
-0.2060	-84.8645	-0.2059	-85.4201	-0.2069	-85.3373	-0.2098	-86.0440	-0.2106	-86.5381	-0.2099	-86.7757	-0.2248	-84.2473
-0.2070	-83.6319	-0.2069	-84.5804	-0.2079	-84.9372	-0.2108	-85.4307	-0.2115	-86.2739	-0.2109	-86.4682	-0.2258	-84.3208
-0.2080	-83.4725	-0.2079	-84.1498	-0.2089	-85.3474	-0.2118	-85.3363	-0.2125	-86.6442	-0.2119	-86.4316	-0.2268	-84.1698
-0.2090	-84.4530	-0.2089	-84.8895	-0.2099	-85.1396	-0.2128	-86.0128	-0.2135	-86.2839	-0.2129	-86.5396	-0.2278	-84.0609
-0.2100	-83.6413	-0.2099	-84.6991	-0.2109	-84.4874	-0.2138	-85.2255	-0.2145	-85.9818	-0.2139	-86.3535	-0.2288	-84.2660
-0.2110	-82.6815	-0.2109	-83.5232	-0.2118	-84.7018	-0.2148	-85.1056	-0.2155	-86.3018	-0.2149	-86.1502	-0.2298	-84.2535
-0.2120	-84.1678	-0.2119	-84.1719	-0.2129	-85.1058	-0.2158	-85.6201	-0.2165	-86.0597	-0.2159	-86.4596	-0.2308	-84.1349
-0.2130	-83.6359	-0.2129	-84.6580	-0.2139	-84.4504	-0.2167	-85.3905	-0.2175	-86.3703	-0.2169	-86.2947	-0.2318	-84.2232
-0.2139	-83.0812	-0.2139	-83.7840	-0.2148	-84.2950	-0.2178	-85.3572	-0.2185	-86.0625	-0.2179	-86.1867	-0.2328	-84.0593
-0.2149	-83.0832	-0.2148	-83.7395	-0.2159	-85.1297	-0.2188	-85.4354	-0.2195	-85.9768	-0.2189	-86.3414	-0.2338	-83.9214
-0.2160	-84.2416	-0.2158	-84.9177	-0.2168	-84.8125	-0.2198	-84.9913	-0.2206	-85.5989	-0.2199	-86.0911	-0.2348	-84.0093
-0.2169	-84.0447	-0.2168	-84.4170	-0.2179	-84.5161	-0.2208	-84.5462	-0.2215	-85.4294	-0.2208	-85.8538	-0.2358	-83.8802
-0.2180	-83.2040	-0.2179	-84.0356	-0.2188	-84.9850	-0.2218	-84.8836	-0.2226	-85.7238	-0.2219	-85.9744	-0.2368	-83.7197
-0.2189	-84.2158	-0.2189	-84.7177	-0.2199	-84.1714	-0.2228	-84.6983	-0.2235	-85.1821	-0.2229	-85.8551	-0.2378	-83.8049
-0.2200	-83.1048	-0.2198	-83.6555	-0.2209	-83.7781	-0.2238	-84.1135	-0.2245	-85.0007	-0.2239	-85.5607	-0.2388	-83.9401
-0.2210	-82.8988	-0.2208	-83.4736	-0.2219	-84.4741	-0.2248	-84.4688	-0.2255	-85.4436	-0.2249	-85.6126	-0.2398	-83.8094
-0.2220	-84.0474	-0.2219	-84.3701	-0.2229	-83.9012	-0.2258	-84.5448	-0.2265	-85.0464	-0.2259	-85.6554	-0.2408	-83.7545
-0.2230	-82.9037	-0.2229	-83.5398	-0.2239	-83.3330	-0.2268	-84.0141	-0.2275	-84.7541	-0.2269	-85.3690	-0.2418	-83.7523
-0.2240	-82.5960	-0.2238	-82.9851	-0.2248	-84.0737	-0.2278	-83.8947	-0.2285	-85.1606	-0.2279	-85.3112	-0.2428	-83.7856
-0.2250	-83.8793	-0.2249	-83.9363	-0.2259	-83.8290	-0.2288	-84.5475	-0.2295	-84.9094	-0.2289	-85.4289	-0.2438	-83.6782
-0.2260	-82.8944	-0.2259	-83.6181	-0.2268	-83.3173	-0.2298	-84.5018	-0.2305	-85.1313	-0.2299	-85.4836	-0.2449	-83.7206
-0.2270	-82.5495	-0.2269	-82.9515	-0.2279	-83.5195	-0.2308	-84.1139	-0.2315	-85.1478	-0.2309	-85.3081	-0.2458	-83.5164
-0.2280	-83.5612	-0.2279	-83.4119	-0.2289	-83.7889	-0.2318	-84.4729	-0.2325	-84.7306	-0.2320	-85.4558	-0.2468	-83.4467
-0.2290	-83.0270	-0.2289	-83.7008	-0.2299	-84.1690	-0.2328	-83.8016	-0.2335	-84.4338	-0.2329	-85.1679	-0.2478	-83.5554
-0.2300	-84.0013	-0.2299	-84.3720	-0.2309	-83.4880	-0.2338	-83.5175	-0.2345	-84.5420	-0.2339	-84.9675	-0.2489	-83.3743
-0.2310	-82.6215	-0.2309	-83.2412	-0.2318	-84.2343	-0.2348	-84.0407	-0.2355	-84.4871	-0.2349	-85.1257	-0.2498	-83.2704
-0.2320	-83.5948	-0.2319	-84.2692	-0.2328	-83.0911	-0.2358	-83.5428	-0.2365	-84.0155	-0.2359	-84.9390	-0.2508	-83.3522
-0.2330	-82.3507	-0.2329	-82.8096	-0.2339	-82.8599	-0.2368	-83.0965	-0.2375	-84.0497	-0.2369	-84.6718	-0.2518	-83.2805
-0.2340	-82.5170	-0.2339	-82.8797	-0.2349	-83.7219	-0.2378	-83.5988	-0.2385	-84.3902	-0.2379	-84.7885	-0.2528	-83.1511
-0.2350	-83.6246	-0.2349	-83.9788	-0.2359	-82.9574	-0.2388	-83.5229	-0.2395	-84.0423	-0.2389	-84.8701	-0.2538	-83.2063
-0.2360	-82.3570	-0.2359	-82.8703	-0.2369	-82.5536	-0.2398	-83.0592	-0.2405	-83.8144	-0.2399	-84.6053	-0.2547	-83.2197
-0.2370	-82.3762	-0.2369	-82.5138	-0.2379	-83.3812	-0.2409	-83.3406	-0.2415	-84.3409	-0.2409	-84.6326	-0.2558	-83.2636
-0.2380	-83.5224	-0.2379	-83.7050	-0.2388	-83.0000	-0.2418	-83.3905	-0.2425	-84.0418	-0.2419	-84.6270	-0.2568	-83.1716
-0.2390	-82.6143	-0.2389	-82.9478	-0.2399	-82.5109	-0.2428	-83.5321	-0.2435	-83.9636	-0.2429	-84.6391	-0.2578	-83.2146
-0.2399	-82.2519	-0.2398	-82.6034	-0.2408	-83.0548	-0.2438	-83.1470	-0.2445	-84.2162	-0.2439	-84.5660	-0.2588	-83.0392
-0.2410	-83.5006	-0.2408	-83.4479	-0.2418	-82.9807	-0.2449	-83.6338	-0.2455	-83.7502	-0.2449	-84.5839	-0.2598	-82.9551
-0.2420	-82.6178	-0.2419	-83.0317	-0.2429	-83.2707	-0.2458	-82.8715	-0.2465	-83.4925	-0.2459	-84.3354	-0.2608	-83.0882
-0.2430	-83.5080	-0.2429	-83.6218	-0.2439	-82.8311	-0.2468	-82.6840	-0.2475	-83.8349	-0.2469	-84.1751	-0.2618	-82.9151
-0.2440	-83.2606	-0.2439	-83.0645	-0.2449	-82.9952	-0.2478	-83.2530	-0.2485	-83.6738	-0.2479	-84.3971	-0.2628	-82.8409
-0.2450	-82.6437	-0.2449	-83.2721	-0.2459	-82.3235	-0.2488	-82.7140	-0.2495	-83.1381	-0.2489	-84.1060	-0.2638	-83.0262
-0.2460	-82.2174	-0.2459	-82.6703	-0.2469	-82.3753	-0.2498	-82.4151	-0.2505	-83.4556	-0.2499	-83.8915	-0.2648	-82.8838
-0.2470	-82.4147	-0.2468	-82.6303	-0.2479	-83.3076	-0.2508	-83.0380	-0.2515	-83.4416	-0.2509	-84.1341	-0.2658	-82.8234
-0.2480	-83.4945	-0.2479	-83.6875	-0.2489	-82.2046	-0.2518	-82.7437	-0.2525	-83.1194	-0.2519	-83.9637	-0.2668	-82.8750
-0.2490	-81.9749	-0.2489	-82.4562	-0.2499	-82.1071	-0.2528	-82.4730	-0.2535	-83.1344	-0.2529	-83.7637	-0.2678	-82.8554
-0.2499	-82.2760	-0.2498	-82.4382	-0.2509	-82.9728	-0.2538	-82.9400	-0.2545	-83.4220	-0.2539	-83.9953	-0.2688	-82.9851
-0.2510	-83.6405	-0.2509	-83.6153	-0.2518	-82.3776	-0.2548	-82.7020	-0.2555	-83.4566	-0.2549	-83.8117	-0.2698	-82.9733
-0.2520	-82.3797	-0.2519	-82.7504	-0.2528	-82.1453	-0.2558	-83.0888	-0.2565	-83.2487	-0.2559	-84.0057	-0.2708	-82.8725
-0.2530	-82.4566	-0.2528	-82.5044	-0.2538	-82.8233	-0.2568	-82.9142	-0.2575	-83.6002	-0.2569	-83.9413	-0.2718	-82.8091
-0.2540	-83.5652	-0.2538	-83.4609	-0.2549	-82.3392	-0.2578	-82.8861	-0.2585	-83.1034	-0.2579	-83.9078	-0.2728	-82.7686
-0.2550	-82.5490	-0.2548	-82.7539	-0.2558	-83.1423	-0.2588	-82.4021	-0.2595	-82.9860	-0.2589	-83.6689	-0.2738	-82.8537
-0.2559	-83.3756	-0.2559	-83.7391	-0.2569	-82.8179	-0.2598	-82.2628	-0.2605	-83.2920	-0.2599	-83.6405	-0.2748	-82.6818
-0.2570	-83.4837	-0.2569	-83.4970	-0.2579	-82.5303	-0.2608	-82.8762	-0.2615	-82.9974	-0.2609	-83.7495	-0.2758	-82.6550
-0.2580	-82.7584	-0.2578	-83.0874	-0.2589	-82.0272	-0.2618	-82.1855	-0.2625	-82.6961	-0.2619	-83.4351	-0.2768	-82.8448
-0.2590	-82.4028	-0.2589	-82.4568	-0.2599	-82.2626	-0.2628	-82.1441	-0.2635	-83.0983	-0.2629	-83.3747	-0.2778	-82.6828
-0.2600	-83.2934	-0.2598	-82.9666	-0.2609	-82.7412	-0.2638	-82.8624	-0.2645	-82.9641	-0.2639	-83.6763	-0.2788	-82.6160
-0.2610	-83.0363	-0.2609	-83.2676	-0.2619	-81.9646	-0.2648	-82.3433	-0.2655	-82.6972	-0.2649	-83.4248	-0.2798	-82.7972
-0.2620	-82.1853	-0.2619	-82.4027	-0.2629	-81.9308	-0.2658	-82.1105	-0.2665	-82.9860	-0.2659	-83.3069	-0.2808	-82.8312
-0.2630	-82.6087	-0.2629	-82.6955	-0.2639	-83.0565	-0.2668	-82.9274	-0.2675	-83.1091	-0.2669	-83.5698	-0.2818	-82.8815
-0.2640	-83.8093	-0.2638	-83.7929	-0.2649	-82.0862	-0.2678	-82.5489	-0.2685	-83.2307	-0.2679	-83.4425	-0.2828	-82.9257
-0.2650	-82.7349	-0.2649	-82.8077	-0.2658	-82.0568	-0.2688	-82.8650	-0.2695	-82.9998	-0.2689	-83.5152	-0.2838	-82.8527
-0.2660	-82.8083	-0.2658	-82.8465	-0.2669	-82.9046	-0.2698	-82.9041	-0.2706	-83.2567	-0.2699	-83.5589	-0.2848	-82.8148
-0.2670	-84.0720	-0.2669	-83.8870	-0.2679	-82.5276	-0.2708	-82.6550	-0.2715	-82.8165	-0.2709	-83.4356	-0.2858	-82.8927
-0.2680	-83.7867	-0.2679	-83.3239	-0.2689	-82.8654	-0.2718	-82.2908	-0.2725	-82.7316	-0.2719	-83.2980	-0.2868	-82.8761
-0.2690	-83.3506	-0.2689	-83.4986	-0.2699	-83.0244	-0.2728	-82.5756	-0.2735	-83.2977	-0.2729	-83.3987	-0.2878	-82.7255
-0.2700	-84.1529	-0.2699	-83.9611	-0.2709	-82.5262	-0.2738	-82.7643	-0.2745	-82.7353	-0.2739	-83.4253	-0.2888	-82.8104
-0.2710	-83.2230	-0.2709	-83.2995	-0.2719	-82.2675	-0.2748	-82.1101	-0.2755	-82.6333	-0.2749	-83.1356	-0.2898	-82.9079
-0.2720	-82.9921	-0.2718	-82.9536	-0.2729	-82.7820	-0.2758	-82.2545	-0.2765	-83.1007	-0.2759	-83.1560	-0.2908	-82.8182
-0.2730	-84.2680	-0.2729	-83.8680	-0.2738	-82.8518	-0.2768	-83.0189	-0.2775	-82.9616	-0.2769	-83.4023	-0.2918	-82.7962
-0.2740	-83.5277	-0.2739	-83.5756	-0.2749	-82.1444	-0.2778	-82.4254	-0.2785	-82.7330	-0.2778	-83.2184	-0.2928	-83.0303
-0.2750	-82.7762	-0.2749	-82.8960	-0.2758	-82.5792	-0.2788	-82.4540	-0.2795	-83.1167	-0.2789	-83.1512	-0.2938	-83.0233
-0.2760	-84.3769	-0.2759	-83.5736	-0.2768	-82.9801	-0.2798	-83.1415	-0.2805	-82.9652	-0.2799	-83.4590	-0.2948	-83.0317
-0.2770	-83.8231	-0.2769	-83.9530	-0.2778	-82.5302	-0.2808	-83.0583	-0.2815	-83.5281	-0.2809	-83.4156	-0.2958	-83.1887
-0.2780	-83.4928	-0.2779	-83.4033	-0.2788	-82.5338	-0.2818	-83.1479	-0.2825	-83.3089	-0.2820	-83.5081	-0.2968	-83.1084
-0.2790	-83.4676	-0.2789	-83.5171	-0.2799	-83.5408	-0.2829	-83.4670	-0.2835	-83.2876	-0.2829	-83.6240	-0.2978	-83.0737
-0.2800	-84.7423	-0.2799	-84.7447	-0.2809	-83.5659	-0.2838	-82.9974	-0.2845	-82.9822	-0.2840	-83.4408	-0.2988	-83.2214
-0.2809	-85.0232	-0.2808	-84.6498	-0.2819	-83.3009	-0.2848	-82.7715	-0.2855	-83.0517	-0.2849	-83.2717	-0.2998	-83.2308
-0.2820	-84.1486	-0.2819	-84.1018	-0.2829	-83.7259	-0.2858	-83.2700	-0.2865	-83.4261	-0.2859	-83.5528	-0.3008	-83.0340
-0.2830	-85.2362	-0.2829	-85.0556	-0.2839	-83.1142	-0.2868	-83.1489	-0.2875	-83.0589	-0.2869	-83.4653	-0.3018	-83.3128
-0.2840	-84.1037	-0.2839	-84.0199	-0.2849	-82.9208	-0.2879	-82.6502	-0.2885	-82.9784	-0.2879	-83.2686	-0.3028	-83.3385
-0.2850	-84.1611	-0.2849	-83.8800	-0.2859	-83.7737	-0.2888	-83.1584	-0.2896	-83.6085	-0.2889	-83.4397	-0.3038	-83.2677
-0.2860	-85.4194	-0.2858	-85.1142	-0.2869	-83.3033	-0.2899	-83.3727	-0.2905	-83.2806	-0.2899	-83.5324	-0.3048	-83.3654
-0.2870	-84.4610	-0.2869	-84.2698	-0.2878	-82.8477	-0.2908	-83.0147	-0.2915	-83.1419	-0.2909	-83.3994	-0.3058	-83.5289
-0.2880	-84.2518	-0.2879	-83.9399	-0.2888	-83.7742	-0.2918	-83.0618	-0.2925	-83.6771	-0.2919	-83.4336	-0.3068	-83.7102
-0.2890	-85.5223	-0.2889	-85.1243	-0.2898	-83.7126	-0.2928	-83.8770	-0.2935	-83.5610	-0.2929	-83.6604	-0.3078	-83.6984
-0.2900	-84.9194	-0.2899	-84.8121	-0.2908	-83.3485	-0.2938	-83.8930	-0.2945	-83.8956	-0.2939	-83.7801	-0.3088	-83.9093
-0.2910	-84.5951	-0.2908	-84.4084	-0.2918	-83.6408	-0.2948	-83.8165	-0.2955	-84.1855	-0.2949	-83.7196	-0.3098	-83.7908
-0.2919	-85.8779	-0.2918	-84.9196	-0.2928	-84.2005	-0.2958	-84.3390	-0.2965	-83.9677	-0.2959	-84.0530	-0.3108	-83.7845
-0.2930	-85.3484	-0.2928	-85.3497	-0.2939	-84.5066	-0.2968	-83.8611	-0.2975	-83.6346	-0.2969	-83.7600	-0.3118	-83.9460
-0.2939	-86.2541	-0.2939	-85.8262	-0.2948	-84.1289	-0.2978	-83.6241	-0.2985	-83.9894	-0.2979	-83.6867	-0.3128	-83.9493
-0.2949	-85.4152	-0.2948	-85.3242	-0.2959	-85.0023	-0.2988	-84.4010	-0.2995	-84.1406	-0.2989	-83.9829	-0.3138	-83.8653
-0.2960	-86.5163	-0.2959	-86.3877	-0.2969	-84.2040	-0.2998	-84.1418	-0.3005	-83.7682	-0.2999	-83.9573	-0.3148	-84.1123
-0.2970	-85.5406	-0.2968	-85.4629	-0.2978	-84.0885	-0.3008	-83.8519	-0.3015	-83.9185	-0.3009	-83.7568	-0.3158	-84.1477
-0.2980	-85.8958	-0.2978	-85.4001	-0.2989	-84.9833	-0.3018	-84.5179	-0.3025	-84.4002	-0.3019	-84.0655	-0.3168	-84.1866
-0.2990	-86.9082	-0.2988	-86.6065	-0.2999	-84.5451	-0.3028	-84.4401	-0.3035	-84.1649	-0.3029	-84.0325	-0.3178	-84.3214
-0.3000	-85.9091	-0.2999	-85.7577	-0.3009	-84.2930	-0.3038	-84.1897	-0.3045	-84.1942	-0.3039	-84.0316	-0.3188	-84.4018
-0.3009	-86.0036	-0.3008	-85.7886	-0.3019	-85.3443	-0.3048	-84.6355	-0.3055	-84.7548	-0.3049	-84.1874	-0.3198	-84.5951
-0.3020	-87.3959	-0.3019	-86.9719	-0.3029	-85.0021	-0.3058	-84.9454	-0.3065	-84.9123	-0.3059	-84.2989	-0.3208	-84.6603
-0.3030	-86.6686	-0.3029	-86.3260	-0.3039	-84.7777	-0.3068	-85.6635	-0.3075	-85.0073	-0.3069	-84.6324	-0.3218	-84.8076
-0.3040	-86.5258	-0.3039	-86.0797	-0.3049	-85.4605	-0.3078	-85.2171	-0.3086	-85.3528	-0.3079	-84.5856	-0.3228	-84.7607
-0.3050	-87.7310	-0.3048	-87.2418	-0.3059	-85.6225	-0.3088	-85.8111	-0.3095	-85.0170	-0.3089	-84.9277	-0.3238	-84.8277
-0.3060	-87.2833	-0.3058	-86.8689	-0.3069	-86.5607	-0.3098	-85.2870	-0.3105	-85.0055	-0.3099	-84.7776	-0.3248	-85.1430
-0.3070	-88.8084	-0.3069	-88.4077	-0.3079	-85.9581	-0.3108	-85.2970	-0.3115	-85.3827	-0.3109	-84.7344	-0.3258	-85.0400
-0.3080	-88.1959	-0.3079	-87.4420	-0.3089	-86.3387	-0.3118	-86.0438	-0.3126	-85.3788	-0.3119	-85.0875	-0.3268	-85.0758
-0.3090	-87.8124	-0.3089	-87.6243	-0.3099	-85.7990	-0.3128	-85.6457	-0.3135	-85.1074	-0.3129	-84.8677	-0.3278	-85.3618
-0.3100	-87.5904	-0.3099	-87.2210	-0.3109	-85.9295	-0.3138	-85.5310	-0.3145	-85.5641	-0.3139	-84.8414	-0.3288	-85.4383
-0.3110	-87.7973	-0.3109	-87.4372	-0.3119	-87.0658	-0.3148	-86.2853	-0.3156	-85.7698	-0.3149	-85.2307	-0.3298	-85.4138
-0.3120	-89.2214	-0.3119	-88.8772	-0.3129	-86.2043	-0.3158	-86.2035	-0.3165	-85.5887	-0.3159	-85.1961	-0.3308	-85.7261
-0.3130	-87.7242	-0.3129	-87.7635	-0.3139	-86.2200	-0.3167	-86.0384	-0.3175	-85.7818	-0.3169	-85.1263	-0.3318	-85.7396
-0.3139	-88.2945	-0.3139	-87.7665	-0.3149	-87.4492	-0.3178	-86.7763	-0.3185	-86.2187	-0.3179	-85.4134	-0.3328	-86.1098
-0.3150	-90.0400	-0.3149	-89.2492	-0.3159	-87.0013	-0.3188	-86.7549	-0.3195	-86.5145	-0.3189	-85.4654	-0.3338	-86.2132
-0.3160	-88.7442	-0.3159	-88.5234	-0.3168	-86.9416	-0.3198	-87.3364	-0.3205	-86.5022	-0.3199	-85.7604	-0.3348	-86.2890
-0.3169	-89.0216	-0.3168	-88.5262	-0.3179	-87.8656	-0.3208	-87.3460	-0.3215	-87.0049	-0.3209	-85.9122	-0.3358	-86.2652
-0.3180	-90.4193	-0.3179	-89.8040	-0.3189	-87.5781	-0.3219	-87.5665	-0.3225	-86.7029	-0.3219	-86.0284	-0.3368	-86.4432
-0.3190	-89.4828	-0.3189	-89.1925	-0.3199	-88.3568	-0.3228	-87.2541	-0.3235	-86.8734	-0.3229	-85.9007	-0.3378	-86.6959
-0.3200	-90.7293	-0.3199	-90.2888	-0.3209	-88.4581	-0.3238	-87.3388	-0.3245	-87.3674	-0.3239	-86.0052	-0.3388	-86.6521
-0.3210	-91.1265	-0.3209	-90.3659	-0.3219	-88.4083	-0.3248	-88.2552	-0.3255	-87.2073	-0.3249	-86.3849	-0.3398	-86.7801
-0.3220	-90.3598	-0.3219	-90.0296	-0.3229	-88.1264	-0.3258	-87.6787	-0.3265	-87.0383	-0.3259	-86.2189	-0.3408	-87.1250
-0.3230	-90.0824	-0.3228	-89.6388	-0.3239	-88.5356	-0.3268	-87.8299	-0.3275	-87.7097	-0.3269	-86.2882	-0.3418	-87.1008
-0.3240	-91.3937	-0.3239	-90.3647	-0.3249	-89.1442	-0.3278	-88.8026	-0.3285	-87.7203	-0.3279	-86.7293	-0.3428	-87.2280
-0.3250	-91.1987	-0.3249	-90.9449	-0.3259	-88.4364	-0.3288	-88.4371	-0.3295	-87.6339	-0.3289	-86.6370	-0.3438	-87.5104
-0.3260	-90.4743	-0.3259	-90.1342	-0.3269	-88.8075	-0.3297	-88.4427	-0.3305	-88.1441	-0.3299	-86.7639	-0.3448	-87.6861
-0.3270	-91.1574	-0.3268	-90.6714	-0.3279	-90.0871	-0.3308	-89.3547	-0.3315	-88.3677	-0.3309	-87.1434	-0.3458	-87.9106
-0.3280	-92.5494	-0.3279	-92.1952	-0.3289	-89.4226	-0.3318	-89.1946	-0.3325	-88.8881	-0.3319	-87.2399	-0.3469	-88.1276
-0.3290	-91.4714	-0.3289	-91.1821	-0.3299	-89.5837	-0.3328	-90.0738	-0.3335	-88.8878	-0.3329	-87.5422	-0.3478	-88.2071
-0.3299	-92.1820	-0.3298	-91.4350	-0.3309	-90.7705	-0.3338	-90.0906	-0.3345	-89.2569	-0.3339	-87.6964	-0.3488	-88.3134
-0.3310	-93.3919	-0.3309	-92.9151	-0.3318	-90.6483	-0.3348	-90.0985	-0.3356	-89.0409	-0.3349	-87.7661	-0.3498	-88.5582
-0.3320	-93.6484	-0.3318	-92.5666	-0.3328	-91.0657	-0.3358	-89.8805	-0.3365	-89.1312	-0.3359	-87.8001	-0.3508	-88.7420
-0.3330	-93.1925	-0.3329	-93.0386	-0.3339	-91.4860	-0.3368	-90.5503	-0.3375	-89.9106	-0.3369	-88.0403	-0.3518	-88.7008
-0.3340	-94.5647	-0.3339	-93.6665	-0.3349	-91.2638	-0.3378	-90.7955	-0.3385	-89.6193	-0.3379	-88.2261	-0.3528	-89.0138
-0.3350	-93.3767	-0.3349	-92.9716	-0.3358	-90.9427	-0.3388	-90.5455	-0.3395	-89.6668	-0.3389	-88.2245	-0.3538	-89.2158
-0.3360	-93.4591	-0.3358	-92.8609	-0.3369	-91.9112	-0.3398	-90.7387	-0.3405	-90.3441	-0.3399	-88.3653	-0.3548	-89.3505
-0.3370	-95.0634	-0.3369	-94.3026	-0.3378	-92.0861	-0.3408	-91.7246	-0.3415	-90.3532	-0.3409	-88.8477	-0.3558	-89.5021
-0.3380	-94.4516	-0.3379	-93.8994	-0.3389	-91.4448	-0.3418	-91.4101	-0.3425	-90.4237	-0.3419	-88.7751	-0.3568	-89.9191
-0.3390	-93.9211	-0.3389	-93.3845	-0.3399	-92.2055	-0.3428	-91.5511	-0.3435	-90.9470	-0.3429	-88.9519	-0.3578	-90.0939
-0.3400	-95.6382	-0.3399	-94.5258	-0.3409	-92.9850	-0.3438	-92.5316	-0.3445	-91.1300	-0.3439	-89.4443	-0.3588	-90.2875
-0.3410	-95.4348	-0.3408	-95.1774	-0.3419	-92.6257	-0.3448	-92.6703	-0.3456	-91.7345	-0.3449	-89.5117	-0.3598	-90.6041
-0.3420	-95.3393	-0.3419	-94.7650	-0.3428	-92.8632	-0.3458	-92.8627	-0.3465	-91.9342	-0.3459	-89.7582	-0.3608	-90.7070
-0.3430	-95.6384	-0.3428	-94.8390	-0.3439	-94.2880	-0.3468	-93.4592	-0.3475	-92.0786	-0.3469	-90.1685	-0.3618	-90.7837
-0.3440	-97.0178	-0.3439	-96.6052	-0.3449	-94.1266	-0.3478	-93.2986	-0.3485	-91.9484	-0.3479	-90.1911	-0.3628	-91.1491
-0.3450	-97.3508	-0.3449	-96.5541	-0.3459	-94.3463	-0.3488	-93.2966	-0.3495	-92.2231	-0.3489	-90.2025	-0.3638	-91.3539
-0.3460	-96.9706	-0.3459	-96.3386	-0.3469	-95.2028	-0.3498	-94.0384	-0.3506	-92.8911	-0.3499	-90.5941	-0.3648	-91.3909
-0.3470	-98.2796	-0.3469	-97.5790	-0.3478	-94.6312	-0.3508	-94.2727	-0.3515	-92.8564	-0.3509	-90.7968	-0.3659	-91.7454
-0.3480	-97.3273	-0.3478	-96.7167	-0.3489	-94.6577	-0.3518	-93.9811	-0.3525	-92.9465	-0.3519	-90.7780	-0.3668	-92.0077
-0.3490	-97.5558	-0.3489	-96.7496	-0.3499	-95.7935	-0.3528	-94.6124	-0.3535	-93.8005	-0.3529	-91.1232	-0.3678	-92.0894
-0.3500	-99.1916	-0.3499	-98.4250	-0.3509	-95.6188	-0.3538	-95.1395	-0.3545	-93.5928	-0.3539	-91.4210	-0.3688	-92.4145
-0.3510	-98.5047	-0.3509	-97.7747	-0.3519	-95.3674	-0.3548	-95.0584	-0.3555	-93.7588	-0.3549	-91.4842	-0.3698	-92.7431
-0.3520	-98.3598	-0.3518	-97.4316	-0.3529	-96.4476	-0.3558	-95.3343	-0.3565	-94.6174	-0.3558	-91.7528	-0.3708	-93.0843
-0.3529	-100.1023	-0.3529	-99.1458	-0.3538	-96.7928	-0.3568	-96.3307	-0.3575	-94.6057	-0.3569	-92.2474	-0.3718	-93.2034
-0.3540	-99.6319	-0.3538	-98.9715	-0.3549	-96.5910	-0.3578	-96.5303	-0.3586	-95.1393	-0.3579	-92.4904	-0.3728	-93.6797
-0.3550	-99.3581	-0.3549	-98.8501	-0.3559	-97.1846	-0.3588	-96.6873	-0.3596	-95.5378	-0.3589	-92.6558	-0.3738	-93.7238
-0.3560	-101.0499	-0.3558	-99.6273	-0.3569	-97.9686	-0.3598	-97.4951	-0.3605	-95.6740	-0.3599	-93.1955	-0.3748	-93.9061
-0.3570	-100.9215	-0.3569	-100.3702	-0.3578	-98.5103	-0.3608	-97.2678	-0.3615	-95.6739	-0.3609	-93.1392	-0.3758	-94.3338
-0.3580	-101.9346	-0.3579	-101.1019	-0.3589	-98.2793	-0.3618	-97.3503	-0.3625	-96.2335	-0.3619	-93.3015	-0.3768	-94.4960
-0.3590	-101.1979	-0.3589	-100.5657	-0.3599	-99.5492	-0.3628	-98.3264	-0.3635	-96.5550	-0.3629	-93.8328	-0.3778	-94.6111
-0.3600	-102.7744	-0.3599	-102.3225	-0.3609	-98.8557	-0.3638	-98.3035	-0.3645	-96.4418	-0.3639	-93.9134	-0.3788	-95.0927
-0.3610	-101.7244	-0.3609	-101.2270	-0.3619	-99.0832	-0.3648	-98.3143	-0.3655	-96.8880	-0.3649	-93.9781	-0.3797	-95.6140
-0.3620	-102.4744	-0.3619	-101.6511	-0.3629	-100.4248	-0.3658	-99.1661	-0.3665	-97.6230	-0.3659	-94.5201	NaN	NaN
-0.3630	-104.1113	-0.3629	-103.1818	-0.3639	-99.9861	-0.3668	-99.4730	-0.3676	-97.5758	-0.3669	-94.7203	NaN	NaN
-0.3640	-103.0999	-0.3639	-102.5023	-0.3649	-100.0107	-0.3678	-99.3657	-0.3685	-97.8200	-0.3679	-94.8509	NaN	NaN
-0.3650	-103.2349	-0.3649	-102.3740	-0.3659	-101.3078	-0.3688	-100.0816	-0.3695	-98.7684	-0.3688	-95.2843	NaN	NaN
-0.3660	-105.3072	-0.3659	-104.2337	-0.3669	-101.1647	-0.3698	-100.6637	-0.3705	-98.9907	-0.3699	-95.6431	NaN	NaN
-0.3670	-104.5473	-0.3669	-103.6922	-0.3679	-101.2386	-0.3708	-101.3485	-0.3715	-99.2606	-0.3709	-96.0332	NaN	NaN
-0.3680	-104.6385	-0.3679	-103.8315	-0.3689	-102.2529	-0.3718	-101.2938	-0.3725	-99.9400	-0.3719	-96.2775	NaN	NaN
-0.3690	-106.3975	-0.3688	-105.2679	-0.3698	-102.5381	-0.3728	-102.2003	-0.3735	-99.9192	-0.3729	-96.6820	NaN	NaN
-0.3700	-105.9773	-0.3699	-105.2219	-0.3709	-103.5239	-0.3738	-101.9083	-0.3745	-100.1195	-0.3739	-96.8316	NaN	NaN
-0.3710	-107.5227	-0.3708	-106.2405	-0.3719	-103.4158	-0.3748	-102.2073	-0.3755	-100.8107	-0.3749	-96.9910	NaN	NaN
-0.3720	-107.6963	-0.3718	-106.1974	-0.3729	-104.2768	-0.3758	-103.4168	-0.3765	-101.1091	-0.3759	-97.6590	NaN	NaN
-0.3730	-107.3202	-0.3729	-106.8823	-0.3738	-103.7560	-0.3768	-103.0981	-0.3775	-100.9056	-0.3769	-97.6402	NaN	NaN
-0.3740	-107.4792	-0.3738	-106.3002	-0.3749	-104.0838	-0.3778	-103.1762	-0.3785	-101.7972	-0.3779	-97.8802	NaN	NaN
-0.3750	-107.7269	-0.3748	-106.9179	-0.3759	-105.6463	-0.3788	-104.3865	-0.3795	-102.3888	-0.3788	-98.5708	NaN	NaN
-0.3760	-109.7116	-0.3759	-108.7771	-0.3769	-104.9333	-0.3797	-104.6123	NaN	NaN	-0.3797	-98.8759	NaN	NaN
-0.3770	-108.3087	-0.3769	-107.3718	-0.3779	-105.2955	NaN	NaN	NaN	NaN	NaN	NaN	NaN	NaN
-0.3780	-109.0992	-0.3779	-108.1652	-0.3788	-106.9467	NaN	NaN	NaN	NaN	NaN	NaN	NaN	NaN
-0.3790	-111.3096	-0.3789	-110.0422	-0.3797	-106.7346	NaN	NaN	NaN	NaN	NaN	NaN	NaN	NaN
-0.3797	-110.3344	-0.3796	-109.6360	NaN	NaN	NaN	NaN	NaN	NaN	NaN	NaN	NaN	NaN
