Potential	Current	Potential	Current	Potential	Current	Potential	Current	Potential	Current	Potential	Current	Potential	Current	Potential	Current
V	mA/g	V	mA/g	V	mA/g	V	mA/g	V	mA/g	V	mA/g	V	mA/g	V	mA/g
1 mV/s	1 mV/s	2 mV/s	2 mV/s	5 mV/s	5 mV/s	10 mV/s	10 mV/s	20 mV/s	20 mV/s	50 mV/s	50 mV/s	100 mV/s	100 mV/s	Peak Potentials	Peak Current
-0.3799	-109.6812	-0.3801	-217.1822	-0.3800	-533.9170	-0.3800	-1046.3167	-0.3805	-2046.3730	-0.3800	-4937.9597	-0.3800	-9551.3771	-0.7046	703.2655
-0.3805	-109.2806	-0.3806	-218.5657	-0.3805	-532.4928	-0.3806	-1044.9545	-0.3815	-2053.7689	-0.3806	-4946.5240	-0.3806	-9569.3989	-0.7046	1358.5489
-0.3815	-111.2728	-0.3816	-221.5272	-0.3815	-537.7824	-0.3816	-1051.7095	-0.3825	-2070.5861	-0.3816	-4965.5560	-0.3816	-9588.9218	-0.7033	3223.3320
-0.3826	-111.2422	-0.3826	-221.8209	-0.3826	-541.0798	-0.3826	-1059.1498	-0.3836	-2082.5723	-0.3826	-4988.4402	-0.3826	-9631.1480	-0.7015	6140.0015
-0.3836	-112.8760	-0.3835	-224.8448	-0.3836	-546.1297	-0.3836	-1067.9759	-0.3845	-2085.8139	-0.3836	-5016.0086	-0.3836	-9673.5750	-0.6852	11595.5389
-0.3846	-112.0224	-0.3846	-223.1852	-0.3846	-544.7733	-0.3846	-1067.6748	-0.3855	-2103.3495	-0.3846	-5023.2935	-0.3846	-9685.4973	-0.6568	25635.3123
-0.3856	-113.6644	-0.3855	-226.3387	-0.3856	-550.6465	-0.3856	-1077.2693	-0.3865	-2101.5355	-0.3856	-5051.2583	-0.3856	-9738.6293	-0.6187	44583.1161
-0.3866	-112.5184	-0.3866	-224.6949	-0.3866	-548.1797	-0.3866	-1073.7826	-0.3875	-2103.6376	-0.3866	-5055.5580	-0.3866	-9743.2437	NaN	NaN
-0.3875	-113.2134	-0.3876	-225.6242	-0.3876	-549.8862	-0.3876	-1076.8106	-0.3885	-2121.9680	-0.3876	-5069.8465	-0.3876	-9766.2532	NaN	NaN
-0.3885	-115.2521	-0.3886	-229.3308	-0.3886	-557.6850	-0.3886	-1089.5268	-0.3895	-2125.6333	-0.3886	-5100.5779	-0.3886	-9814.1430	NaN	NaN
-0.3896	-114.3775	-0.3896	-227.6319	-0.3896	-554.6039	-0.3896	-1086.6701	-0.3905	-2128.1752	-0.3896	-5110.2556	-0.3896	-9828.5393	NaN	NaN
-0.3905	-114.6653	-0.3906	-228.1560	-0.3905	-555.6104	-0.3906	-1089.3314	-0.3915	-2145.4736	-0.3906	-5116.7207	-0.3906	-9854.0115	NaN	NaN
-0.3916	-116.8389	-0.3915	-232.5107	-0.3916	-563.9210	-0.3916	-1100.8789	-0.3926	-2151.6142	-0.3916	-5150.5531	-0.3916	-9896.2689	NaN	NaN
-0.3926	-116.1626	-0.3925	-231.4328	-0.3926	-563.2303	-0.3926	-1102.5711	-0.3935	-2155.1442	-0.3926	-5166.5653	-0.3926	-9925.2821	NaN	NaN
-0.3935	-116.5200	-0.3936	-231.9558	-0.3936	-564.8690	-0.3936	-1105.3071	-0.3945	-2170.5868	-0.3936	-5177.1269	-0.3936	-9945.1670	NaN	NaN
-0.3946	-118.4349	-0.3946	-234.8754	-0.3946	-571.0362	-0.3946	-1115.0508	-0.3955	-2180.8541	-0.3946	-5204.9146	-0.3946	-9990.3987	NaN	NaN
-0.3956	-117.9650	-0.3955	-235.1854	-0.3955	-572.2088	-0.3956	-1119.2439	-0.3965	-2195.3695	-0.3956	-5222.8889	-0.3956	-10032.5403	NaN	NaN
-0.3965	-119.4711	-0.3966	-237.8558	-0.3966	-578.0471	-0.3966	-1127.5999	-0.3975	-2199.7545	-0.3966	-5253.2341	-0.3966	-10064.0316	NaN	NaN
-0.3975	-119.9742	-0.3975	-238.4312	-0.3976	-578.8525	-0.3976	-1131.0998	-0.3985	-2216.8873	-0.3976	-5274.8318	-0.3976	-10103.5609	NaN	NaN
-0.3986	-119.8966	-0.3986	-238.8891	-0.3986	-581.6426	-0.3986	-1137.1979	-0.3996	-2217.0421	-0.3986	-5296.9276	-0.3986	-10141.2627	NaN	NaN
-0.3996	-119.8215	-0.3996	-238.4755	-0.3996	-580.6196	-0.3996	-1136.7428	-0.4006	-2222.0782	-0.3996	-5306.9877	-0.3996	-10157.6922	NaN	NaN
-0.4006	-120.4935	-0.4006	-240.1377	-0.4006	-583.6395	-0.4006	-1141.1069	-0.4016	-2246.7396	-0.4006	-5322.2076	-0.4006	-10198.6731	NaN	NaN
-0.4016	-122.6554	-0.4016	-243.1936	-0.4016	-590.8727	-0.4016	-1154.4312	-0.4026	-2244.1582	-0.4016	-5356.8292	-0.4016	-10242.8846	NaN	NaN
-0.4026	-121.3908	-0.4026	-241.1477	-0.4026	-588.3804	-0.4026	-1151.2896	-0.4035	-2251.1976	-0.4026	-5365.1055	-0.4026	-10264.1722	NaN	NaN
-0.4036	-122.1743	-0.4035	-243.1712	-0.4036	-591.1113	-0.4036	-1156.3639	-0.4045	-2271.7926	-0.4036	-5381.2003	-0.4036	-10292.0208	NaN	NaN
-0.4046	-124.7661	-0.4046	-247.0712	-0.4046	-599.7838	-0.4046	-1169.1094	-0.4055	-2276.1688	-0.4046	-5418.9162	-0.4046	-10346.5096	NaN	NaN
-0.4056	-123.6692	-0.4055	-245.8756	-0.4056	-598.6244	-0.4056	-1169.7328	-0.4065	-2282.7322	-0.4056	-5431.4688	-0.4056	-10387.1054	NaN	NaN
-0.4065	-124.0443	-0.4065	-246.5545	-0.4065	-599.7686	-0.4066	-1171.5667	-0.4075	-2303.9352	-0.4066	-5446.2074	-0.4066	-10398.8618	NaN	NaN
-0.4076	-126.5198	-0.4076	-250.6947	-0.4076	-608.2340	-0.4076	-1186.5782	-0.4085	-2311.8444	-0.4076	-5484.2362	-0.4076	-10463.8975	NaN	NaN
-0.4086	-125.5329	-0.4085	-249.8399	-0.4085	-608.5143	-0.4086	-1188.0077	-0.4095	-2317.8300	-0.4085	-5501.8713	-0.4086	-10492.2430	NaN	NaN
-0.4095	-126.5129	-0.4095	-250.9744	-0.4095	-610.9926	-0.4095	-1192.4171	-0.4105	-2333.6458	-0.4096	-5523.2275	-0.4095	-10526.6741	NaN	NaN
-0.4105	-128.3494	-0.4105	-253.9129	-0.4105	-617.1796	-0.4106	-1201.7971	-0.4115	-2344.2024	-0.4106	-5554.0912	-0.4106	-10584.4232	NaN	NaN
-0.4115	-127.9189	-0.4115	-254.0893	-0.4116	-618.3890	-0.4116	-1205.8527	-0.4125	-2348.0265	-0.4116	-5575.1006	-0.4116	-10607.7630	NaN	NaN
-0.4125	-127.7143	-0.4126	-254.1776	-0.4125	-617.4619	-0.4126	-1207.5677	-0.4135	-2358.4314	-0.4126	-5587.0042	-0.4126	-10648.8401	NaN	NaN
-0.4135	-129.9288	-0.4136	-257.1830	-0.4135	-624.1878	-0.4136	-1216.2441	-0.4145	-2380.9009	-0.4136	-5618.5618	-0.4136	-10686.3531	NaN	NaN
-0.4146	-130.1324	-0.4146	-258.5464	-0.4146	-628.0872	-0.4146	-1224.9157	-0.4155	-2380.6319	-0.4146	-5648.6314	-0.4146	-10735.6465	NaN	NaN
-0.4155	-129.6701	-0.4155	-257.6818	-0.4156	-626.3810	-0.4156	-1224.7907	-0.4165	-2389.1818	-0.4155	-5659.1886	-0.4156	-10767.3541	NaN	NaN
-0.4165	-130.6678	-0.4165	-259.0596	-0.4165	-629.2307	-0.4166	-1229.7865	-0.4175	-2416.6212	-0.4166	-5680.8023	-0.4166	-10796.4179	NaN	NaN
-0.4176	-133.2062	-0.4175	-263.8012	-0.4176	-639.3213	-0.4176	-1245.3561	-0.4185	-2418.1381	-0.4176	-5725.3090	-0.4176	-10864.7522	NaN	NaN
-0.4185	-131.9180	-0.4185	-261.8624	-0.4185	-638.0574	-0.4186	-1245.0910	-0.4195	-2425.2126	-0.4186	-5738.9959	-0.4186	-10895.4985	NaN	NaN
-0.4195	-132.9687	-0.4195	-263.8654	-0.4195	-640.3322	-0.4196	-1250.5259	-0.4205	-2447.4975	-0.4196	-5757.8712	-0.4196	-10922.0780	NaN	NaN
-0.4206	-135.4869	-0.4205	-268.3912	-0.4205	-649.6734	-0.4206	-1264.9369	-0.4215	-2457.0380	-0.4206	-5800.5557	-0.4206	-11007.0418	NaN	NaN
-0.4216	-135.6915	-0.4215	-268.2975	-0.4215	-651.6183	-0.4216	-1269.8551	-0.4225	-2474.0678	-0.4215	-5821.4863	-0.4216	-11025.9416	NaN	NaN
-0.4225	-135.7817	-0.4225	-269.4004	-0.4225	-654.0083	-0.4226	-1275.7471	-0.4235	-2488.9600	-0.4226	-5853.8316	-0.4226	-11080.6888	NaN	NaN
-0.4235	-137.6837	-0.4236	-272.7125	-0.4236	-660.1514	-0.4236	-1285.0691	-0.4245	-2496.9032	-0.4236	-5888.0870	-0.4236	-11138.6168	NaN	NaN
-0.4245	-136.8343	-0.4245	-271.5771	-0.4246	-660.6749	-0.4246	-1287.6913	-0.4255	-2502.8104	-0.4246	-5906.0486	-0.4246	-11171.7770	NaN	NaN
-0.4255	-137.4042	-0.4255	-272.2174	-0.4256	-661.2084	-0.4256	-1290.3903	-0.4265	-2519.6573	-0.4256	-5923.3021	-0.4256	-11216.0431	NaN	NaN
-0.4265	-139.7123	-0.4265	-276.1030	-0.4265	-667.9785	-0.4266	-1301.9076	-0.4275	-2532.1491	-0.4266	-5954.5379	-0.4266	-11253.4155	NaN	NaN
-0.4276	-139.3120	-0.4276	-276.0788	-0.4276	-670.5261	-0.4276	-1308.1884	-0.4285	-2535.7451	-0.4276	-5985.5291	-0.4276	-11314.1142	NaN	NaN
-0.4285	-139.1004	-0.4286	-275.6576	-0.4286	-669.6347	-0.4286	-1305.9706	-0.4295	-2549.2001	-0.4286	-5999.2597	-0.4286	-11335.6424	NaN	NaN
-0.4295	-141.5109	-0.4296	-279.3234	-0.4296	-677.2724	-0.4296	-1318.3156	-0.4305	-2574.6723	-0.4296	-6031.7974	-0.4296	-11390.1631	NaN	NaN
-0.4305	-141.7792	-0.4305	-280.8930	-0.4306	-681.4176	-0.4306	-1328.3996	-0.4315	-2577.1668	-0.4306	-6064.0672	-0.4306	-11452.6443	NaN	NaN
-0.4315	-141.9081	-0.4315	-280.7281	-0.4316	-682.2765	-0.4316	-1330.1026	-0.4325	-2587.8437	-0.4316	-6083.1036	-0.4316	-11480.0504	NaN	NaN
-0.4325	-142.9244	-0.4325	-282.4399	-0.4325	-685.4494	-0.4326	-1335.4465	-0.4335	-2613.3614	-0.4326	-6112.3180	-0.4326	-11527.7160	NaN	NaN
-0.4335	-145.1711	-0.4335	-286.8641	-0.4335	-695.1055	-0.4336	-1352.3760	-0.4345	-2627.4011	-0.4336	-6156.7448	-0.4336	-11596.9419	NaN	NaN
-0.4345	-146.3003	-0.4345	-289.2700	-0.4345	-699.5641	-0.4346	-1360.1428	-0.4355	-2646.3112	-0.4346	-6189.7861	-0.4346	-11648.7525	NaN	NaN
-0.4355	-145.8517	-0.4355	-288.6507	-0.4355	-701.0651	-0.4356	-1367.0894	-0.4368	-2620.4760	-0.4356	-6215.5505	-0.4356	-11703.9109	NaN	NaN
-0.4366	-148.3918	-0.4366	-292.4814	-0.4366	-708.1830	-0.4366	-1378.6334	-0.4381	-2645.2450	-0.4366	-6258.9557	-0.4366	-11759.0650	NaN	NaN
-0.4375	-147.4397	-0.4376	-291.2903	-0.4376	-707.9346	-0.4376	-1378.7507	-0.4391	-2665.7984	-0.4376	-6272.4686	-0.4376	-11806.0804	NaN	NaN
-0.4385	-147.8961	-0.4386	-291.7944	-0.4385	-710.0322	-0.4386	-1380.5067	-0.4401	-2687.9896	-0.4386	-6296.3848	-0.4386	-11835.5195	NaN	NaN
-0.4396	-150.7682	-0.4395	-296.9788	-0.4396	-718.3196	-0.4396	-1396.4626	-0.4411	-2692.7019	-0.4396	-6338.0407	-0.4396	-11901.8188	NaN	NaN
-0.4405	-150.1803	-0.4406	-295.9332	-0.4406	-718.5157	-0.4406	-1401.0080	-0.4421	-2707.8091	-0.4406	-6365.5035	-0.4406	-11963.2113	NaN	NaN
-0.4415	-150.2900	-0.4415	-296.2196	-0.4416	-718.5088	-0.4416	-1400.7357	-0.4431	-2734.9115	-0.4416	-6380.7987	-0.4416	-11976.9077	NaN	NaN
-0.4426	-153.1556	-0.4425	-301.2404	-0.4425	-728.0718	-0.4426	-1415.3287	-0.4441	-2740.1211	-0.4426	-6421.0337	-0.4426	-12051.4941	NaN	NaN
-0.4435	-153.1863	-0.4436	-301.6265	-0.4435	-731.2709	-0.4436	-1423.0966	-0.4451	-2751.0651	-0.4436	-6454.8347	-0.4436	-12109.0038	NaN	NaN
-0.4446	-153.2891	-0.4446	-301.5914	-0.4446	-731.9611	-0.4446	-1426.1936	-0.4461	-2779.2854	-0.4446	-6477.6170	-0.4446	-12146.5502	NaN	NaN
-0.4456	-155.7418	-0.4456	-305.8711	-0.4456	-738.9230	-0.4456	-1437.1931	-0.4470	-2787.9230	-0.4456	-6512.5442	-0.4456	-12206.9691	NaN	NaN
-0.4465	-156.1474	-0.4465	-307.1115	-0.4465	-744.5593	-0.4466	-1446.5300	-0.4481	-2808.9877	-0.4466	-6552.3989	-0.4466	-12263.8151	NaN	NaN
-0.4475	-158.0212	-0.4475	-310.2654	-0.4476	-751.4658	-0.4476	-1459.3861	-0.4490	-2827.2373	-0.4476	-6588.5563	-0.4476	-12339.0901	NaN	NaN
-0.4485	-157.7182	-0.4485	-309.8583	-0.4485	-751.6207	-0.4486	-1462.9578	-0.4501	-2838.2086	-0.4486	-6617.2473	-0.4486	-12380.8081	NaN	NaN
-0.4495	-160.4647	-0.4495	-314.3737	-0.4496	-761.2497	-0.4496	-1479.8955	-0.4511	-2846.6682	-0.4496	-6679.9070	-0.4496	-12451.3392	NaN	NaN
-0.4505	-159.1021	-0.4505	-312.7106	-0.4505	-759.0362	-0.4506	-1477.8690	-0.4521	-2865.6099	-0.4506	-6692.5772	-0.4505	-12497.1974	NaN	NaN
-0.4515	-160.4610	-0.4515	-314.4633	-0.4515	-762.4209	-0.4516	-1484.0452	-0.4531	-2883.8205	-0.4516	-6715.7128	-0.4516	-12536.7130	NaN	NaN
-0.4525	-163.6606	-0.4525	-320.0112	-0.4526	-772.9031	-0.4526	-1502.0022	-0.4540	-2889.8940	-0.4526	-6764.5147	-0.4526	-12626.9715	NaN	NaN
-0.4536	-162.4103	-0.4535	-318.0760	-0.4535	-771.7455	-0.4536	-1503.3403	-0.4551	-2907.5413	-0.4536	-6787.8200	-0.4536	-12661.4737	NaN	NaN
-0.4545	-163.4055	-0.4545	-319.4597	-0.4545	-773.9841	-0.4545	-1507.0364	-0.4561	-2932.6451	-0.4545	-6811.7184	-0.4546	-12705.0787	NaN	NaN
-0.4555	-166.5143	-0.4555	-325.0400	-0.4555	-785.2600	-0.4556	-1523.4030	-0.4571	-2941.5745	-0.4556	-6856.3191	-0.4556	-12790.0472	NaN	NaN
-0.4565	-166.0633	-0.4565	-324.4067	-0.4565	-786.8178	-0.4566	-1529.1907	-0.4581	-2954.7473	-0.4566	-6886.7594	-0.4566	-12837.5980	NaN	NaN
-0.4575	-166.9120	-0.4575	-325.3277	-0.4576	-788.7933	-0.4575	-1534.1369	-0.4591	-2986.6346	-0.4576	-6914.4794	-0.4576	-12887.2659	NaN	NaN
-0.4585	-169.5128	-0.4586	-329.9506	-0.4585	-797.8490	-0.4585	-1548.7576	-0.4601	-3000.8179	-0.4586	-6962.4993	-0.4585	-12954.4619	NaN	NaN
-0.4595	-169.5800	-0.4595	-331.3387	-0.4595	-802.0905	-0.4596	-1557.4488	-0.4611	-3014.6031	-0.4596	-6997.8482	-0.4596	-13019.4045	NaN	NaN
-0.4606	-172.1978	-0.4605	-335.2606	-0.4605	-809.7475	-0.4606	-1571.5426	-0.4621	-3040.7871	-0.4606	-7041.2990	-0.4606	-13097.6108	NaN	NaN
-0.4615	-172.7846	-0.4616	-335.9781	-0.4616	-812.6642	-0.4616	-1578.3476	-0.4631	-3051.5402	-0.4616	-7079.4077	-0.4616	-13147.8509	NaN	NaN
-0.4626	-173.3521	-0.4626	-337.9516	-0.4626	-817.6896	-0.4625	-1588.7253	-0.4641	-3063.3990	-0.4626	-7120.1658	-0.4626	-13224.4916	NaN	NaN
-0.4635	-173.6104	-0.4636	-337.6326	-0.4635	-819.2249	-0.4636	-1592.7224	-0.4651	-3087.1123	-0.4636	-7144.3972	-0.4636	-13270.1955	NaN	NaN
-0.4645	-174.9782	-0.4646	-339.3506	-0.4646	-822.1362	-0.4646	-1599.1389	-0.4661	-3102.6061	-0.4646	-7173.7260	-0.4646	-13320.7136	NaN	NaN
-0.4655	-177.9830	-0.4656	-345.1863	-0.4655	-833.6989	-0.4656	-1617.7989	-0.4671	-3107.9077	-0.4656	-7229.8674	-0.4656	-13422.8520	NaN	NaN
-0.4665	-176.9764	-0.4666	-343.2828	-0.4665	-831.7807	-0.4666	-1617.0109	-0.4681	-3133.7008	-0.4666	-7252.5353	-0.4666	-13445.9881	NaN	NaN
-0.4675	-178.3154	-0.4675	-345.5789	-0.4676	-836.4389	-0.4676	-1625.0978	-0.4691	-3154.1445	-0.4676	-7281.5935	-0.4676	-13510.1040	NaN	NaN
-0.4686	-181.8862	-0.4685	-351.7874	-0.4685	-847.6367	-0.4686	-1645.5369	-0.4701	-3165.6812	-0.4686	-7343.2922	-0.4686	-13590.5559	NaN	NaN
-0.4695	-181.2055	-0.4695	-350.7844	-0.4696	-847.9947	-0.4696	-1648.4869	-0.4710	-3185.7847	-0.4696	-7365.7109	-0.4696	-13651.9102	NaN	NaN
-0.4705	-182.2064	-0.4705	-352.1971	-0.4705	-852.9177	-0.4706	-1655.3691	-0.4721	-3213.6557	-0.4706	-7401.0736	-0.4706	-13710.2453	NaN	NaN
-0.4715	-185.4748	-0.4716	-358.0194	-0.4715	-863.3982	-0.4716	-1673.1738	-0.4730	-3235.4378	-0.4716	-7453.6675	-0.4716	-13782.6810	NaN	NaN
-0.4726	-185.1799	-0.4725	-357.4982	-0.4725	-865.1216	-0.4726	-1679.9610	-0.4741	-3248.8841	-0.4726	-7487.6215	-0.4726	-13852.1385	NaN	NaN
-0.4735	-187.8929	-0.4736	-363.1401	-0.4735	-875.2982	-0.4735	-1697.1650	-0.4751	-3280.0500	-0.4736	-7543.3574	-0.4736	-13939.3329	NaN	NaN
-0.4745	-189.2204	-0.4746	-364.6864	-0.4745	-879.9217	-0.4746	-1706.5514	-0.4761	-3285.4997	-0.4746	-7586.6130	-0.4746	-14004.4331	NaN	NaN
-0.4756	-189.4541	-0.4756	-365.2212	-0.4756	-883.0123	-0.4756	-1713.5991	-0.4771	-3300.1388	-0.4756	-7623.2663	-0.4756	-14075.5119	NaN	NaN
-0.4765	-189.4988	-0.4765	-365.4862	-0.4765	-884.6622	-0.4766	-1718.0311	-0.4781	-3331.5955	-0.4766	-7648.9645	-0.4766	-14116.6710	NaN	NaN
-0.4775	-192.4920	-0.4776	-369.9524	-0.4775	-893.3020	-0.4776	-1733.5983	-0.4791	-3343.5982	-0.4776	-7696.9222	-0.4776	-14199.5153	NaN	NaN
-0.4785	-193.5867	-0.4786	-372.7882	-0.4786	-900.3672	-0.4786	-1747.0226	-0.4801	-3356.3718	-0.4786	-7745.1436	-0.4786	-14277.1244	NaN	NaN
-0.4795	-193.1069	-0.4796	-371.8084	-0.4796	-899.6638	-0.4796	-1747.6972	-0.4811	-3387.4169	-0.4796	-7771.7793	-0.4796	-14326.9663	NaN	NaN
-0.4805	-194.7880	-0.4805	-374.7420	-0.4805	-905.6062	-0.4806	-1758.6136	-0.4821	-3404.6075	-0.4806	-7808.8960	-0.4806	-14398.3448	NaN	NaN
-0.4816	-198.4806	-0.4815	-381.6047	-0.4815	-919.3851	-0.4816	-1781.0013	-0.4831	-3419.0667	-0.4816	-7873.1085	-0.4816	-14482.8772	NaN	NaN
-0.4825	-197.5673	-0.4826	-380.5275	-0.4825	-919.2793	-0.4826	-1783.7419	-0.4841	-3446.8233	-0.4825	-7904.9387	-0.4826	-14546.2040	NaN	NaN
-0.4835	-198.9870	-0.4835	-382.4564	-0.4835	-924.0008	-0.4836	-1792.2424	-0.4851	-3469.1783	-0.4836	-7942.9703	-0.4835	-14613.5509	NaN	NaN
-0.4845	-202.4785	-0.4845	-389.2487	-0.4845	-937.8063	-0.4846	-1813.6916	-0.4861	-3502.1534	-0.4846	-8005.3685	-0.4846	-14707.3928	NaN	NaN
-0.4855	-203.6446	-0.4856	-390.4422	-0.4855	-942.5785	-0.4856	-1824.0232	-0.4871	-3515.8923	-0.4856	-8047.4322	-0.4856	-14785.8070	NaN	NaN
-0.4866	-204.1336	-0.4865	-393.1635	-0.4865	-948.4894	-0.4865	-1838.0906	-0.4880	-3544.1144	-0.4866	-8098.8207	-0.4866	-14856.5578	NaN	NaN
-0.4876	-206.8457	-0.4875	-397.5183	-0.4876	-956.8315	-0.4876	-1852.7328	-0.4891	-3555.1107	-0.4876	-8150.7501	-0.4876	-14952.1038	NaN	NaN
-0.4885	-206.0800	-0.4885	-397.0555	-0.4885	-958.3442	-0.4885	-1858.1414	-0.4901	-3572.3913	-0.4886	-8187.9506	-0.4886	-15010.8499	NaN	NaN
-0.4896	-206.9277	-0.4895	-397.9391	-0.4896	-961.4317	-0.4896	-1864.7317	-0.4911	-3611.3757	-0.4896	-8223.8447	-0.4896	-15073.0476	NaN	NaN
-0.4905	-204.2717	-0.4905	-403.6375	-0.4905	-971.9732	-0.4906	-1881.7101	-0.4920	-3622.3217	-0.4906	-8276.7855	-0.4906	-15171.3269	NaN	NaN
-0.4915	-208.9637	-0.4916	-405.1678	-0.4916	-978.4292	-0.4916	-1894.6068	-0.4930	-3637.1178	-0.4916	-8327.5264	-0.4916	-15234.1582	NaN	NaN
-0.4926	-208.8618	-0.4925	-404.5397	-0.4925	-978.2519	-0.4926	-1897.3702	-0.4941	-3673.1187	-0.4926	-8354.7717	-0.4926	-15301.6398	NaN	NaN
-0.4935	-212.5127	-0.4935	-410.6024	-0.4935	-989.2787	-0.4936	-1914.8748	-0.4951	-3690.1505	-0.4936	-8410.7177	-0.4936	-15379.9082	NaN	NaN
-0.4945	-213.5142	-0.4945	-413.5802	-0.4946	-996.5460	-0.4945	-1930.4371	-0.4961	-3706.2209	-0.4946	-8462.5342	-0.4946	-15475.2693	NaN	NaN
-0.4955	-213.7071	-0.4955	-414.4262	-0.4955	-999.3371	-0.4956	-1937.4194	-0.4970	-3739.7699	-0.4956	-8497.9416	-0.4956	-15543.5482	NaN	NaN
-0.4965	-215.2218	-0.4965	-417.1564	-0.4965	-1005.1698	-0.4966	-1949.1244	-0.4980	-3761.1029	-0.4966	-8546.3509	-0.4966	-15608.1592	NaN	NaN
-0.4975	-219.3027	-0.4975	-423.9304	-0.4976	-1020.3492	-0.4976	-1971.9713	-0.4991	-3795.9265	-0.4976	-8619.4103	-0.4976	-15725.3108	NaN	NaN
-0.4985	-220.4629	-0.4985	-426.3471	-0.4985	-1026.9661	-0.4986	-1985.1820	-0.5000	-3816.7064	-0.4985	-8667.7025	-0.4986	-15800.9656	NaN	NaN
-0.4995	-220.6421	-0.4995	-427.6832	-0.4995	-1031.4536	-0.4996	-1994.3920	-0.5011	-3842.6476	-0.4996	-8712.5635	-0.4996	-15876.2347	NaN	NaN
-0.5005	-224.0856	-0.5006	-433.4935	-0.5006	-1043.0725	-0.5005	-2015.7196	-0.5021	-3855.6136	-0.5006	-8778.6058	-0.5006	-15994.8798	NaN	NaN
-0.5015	-223.3462	-0.5015	-432.9821	-0.5015	-1044.6598	-0.5016	-2020.3048	-0.5031	-3880.4626	-0.5016	-8812.7222	-0.5016	-16042.1514	NaN	NaN
-0.5026	-224.1669	-0.5025	-434.6258	-0.5025	-1049.1748	-0.5026	-2030.8358	-0.5041	-3916.8401	-0.5026	-8856.9365	-0.5026	-16124.7690	NaN	NaN
-0.5035	-228.3192	-0.5035	-441.6149	-0.5035	-1062.6653	-0.5036	-2052.6298	-0.5051	-3928.3017	-0.5036	-8921.6211	-0.5036	-16221.9003	NaN	NaN
-0.5046	-227.9218	-0.5046	-442.0821	-0.5045	-1065.2046	-0.5046	-2060.5723	-0.5061	-3952.1050	-0.5046	-8967.1646	-0.5046	-16302.6809	NaN	NaN
-0.5056	-228.3213	-0.5055	-443.1900	-0.5055	-1068.6465	-0.5056	-2069.0028	-0.5070	-3991.9807	-0.5056	-9006.5063	-0.5056	-16368.1138	NaN	NaN
-0.5065	-232.3181	-0.5065	-449.9072	-0.5065	-1081.2311	-0.5066	-2090.6229	-0.5081	-4007.9668	-0.5066	-9069.9682	-0.5066	-16459.3770	NaN	NaN
-0.5076	-233.0528	-0.5076	-452.2101	-0.5075	-1088.0302	-0.5076	-2104.5400	-0.5091	-4029.9668	-0.5076	-9127.3131	-0.5076	-16561.6229	NaN	NaN
-0.5085	-233.5206	-0.5086	-452.9325	-0.5086	-1091.0906	-0.5086	-2112.2136	-0.5101	-4071.4695	-0.5085	-9171.7162	-0.5086	-16631.6853	NaN	NaN
-0.5095	-236.3691	-0.5095	-458.8751	-0.5095	-1102.8340	-0.5096	-2130.3993	-0.5111	-4092.0545	-0.5096	-9230.3803	-0.5096	-16722.2455	NaN	NaN
-0.5105	-238.1827	-0.5105	-462.4585	-0.5105	-1112.3497	-0.5106	-2148.5879	-0.5121	-4131.6948	-0.5106	-9295.6366	-0.5106	-16832.4988	NaN	NaN
-0.5116	-242.1728	-0.5115	-469.0662	-0.5115	-1126.2515	-0.5116	-2171.8433	-0.5131	-4161.9695	-0.5116	-9362.9069	-0.5116	-16928.2976	NaN	NaN
-0.5125	-240.9437	-0.5126	-468.3017	-0.5125	-1130.0732	-0.5126	-2180.3698	-0.5141	-4181.8942	-0.5126	-9413.4881	-0.5126	-17022.5023	NaN	NaN
-0.5136	-244.5975	-0.5135	-475.0468	-0.5136	-1142.7805	-0.5136	-2204.2447	-0.5150	-4198.6503	-0.5136	-9485.9449	-0.5136	-17132.5336	NaN	NaN
-0.5146	-243.7390	-0.5146	-473.1291	-0.5146	-1143.2621	-0.5146	-2208.0532	-0.5161	-4232.7796	-0.5146	-9522.4240	-0.5146	-17198.2168	NaN	NaN
-0.5156	-245.1180	-0.5156	-476.5239	-0.5156	-1147.7559	-0.5156	-2219.1574	-0.5171	-4264.0332	-0.5156	-9571.9134	-0.5156	-17285.6762	NaN	NaN
-0.5166	-249.6439	-0.5166	-484.4210	-0.5166	-1164.0070	-0.5166	-2245.1815	-0.5181	-4279.5588	-0.5166	-9644.4588	-0.5166	-17388.6133	NaN	NaN
-0.5176	-248.7012	-0.5175	-483.8447	-0.5176	-1166.4686	-0.5176	-2252.3799	-0.5191	-4310.3734	-0.5176	-9692.2960	-0.5176	-17474.8432	NaN	NaN
-0.5185	-249.7953	-0.5186	-486.2873	-0.5185	-1171.7996	-0.5186	-2262.7439	-0.5201	-4352.3090	-0.5186	-9735.6975	-0.5186	-17548.1040	NaN	NaN
-0.5195	-254.9771	-0.5196	-494.4226	-0.5195	-1187.9627	-0.5196	-2289.3213	-0.5211	-4372.3507	-0.5196	-9824.8915	-0.5196	-17694.2188	NaN	NaN
-0.5205	-254.6068	-0.5205	-494.8832	-0.5205	-1192.7841	-0.5206	-2302.3197	-0.5221	-4396.1744	-0.5206	-9876.3704	-0.5206	-17785.4005	NaN	NaN
-0.5216	-255.6038	-0.5215	-496.8872	-0.5215	-1197.5794	-0.5216	-2312.9943	-0.5231	-4444.3870	-0.5216	-9922.6215	-0.5216	-17849.7927	NaN	NaN
-0.5226	-259.4784	-0.5226	-504.3509	-0.5225	-1211.4474	-0.5226	-2335.4644	-0.5241	-4469.1791	-0.5226	-9993.2256	-0.5226	-17971.0720	NaN	NaN
-0.5235	-260.1406	-0.5236	-506.3085	-0.5236	-1218.9465	-0.5236	-2350.8914	-0.5251	-4502.5068	-0.5236	-10053.5741	-0.5236	-18061.8001	NaN	NaN
-0.5245	-263.5574	-0.5245	-512.9662	-0.5246	-1232.2865	-0.5246	-2374.2392	-0.5261	-4539.2286	-0.5246	-10125.5283	-0.5246	-18172.5793	NaN	NaN
-0.5255	-265.0879	-0.5255	-515.5064	-0.5255	-1240.3754	-0.5256	-2388.7861	-0.5271	-4561.1828	-0.5256	-10185.6139	-0.5256	-18272.7494	NaN	NaN
-0.5265	-266.4448	-0.5266	-518.7848	-0.5265	-1249.7596	-0.5266	-2406.4838	-0.5281	-4583.3553	-0.5266	-10250.1097	-0.5266	-18365.9316	NaN	NaN
-0.5275	-266.8033	-0.5276	-519.5681	-0.5275	-1253.2300	-0.5275	-2415.2897	-0.5290	-4625.4376	-0.5275	-10298.2083	-0.5276	-18465.9576	NaN	NaN
-0.5285	-268.4126	-0.5285	-523.1557	-0.5285	-1259.5032	-0.5286	-2430.5089	-0.5301	-4652.4429	-0.5286	-10357.4033	-0.5286	-18543.3451	NaN	NaN
-0.5295	-272.9447	-0.5296	-531.2105	-0.5295	-1277.4028	-0.5296	-2459.4296	-0.5311	-4671.4037	-0.5296	-10441.3003	-0.5296	-18674.9191	NaN	NaN
-0.5305	-271.4822	-0.5306	-529.9667	-0.5305	-1277.9201	-0.5306	-2465.7412	-0.5320	-4711.5268	-0.5306	-10482.6695	-0.5306	-18757.7277	NaN	NaN
-0.5315	-273.9571	-0.5315	-533.7831	-0.5315	-1286.3418	-0.5316	-2479.2403	-0.5331	-4747.7245	-0.5316	-10539.6801	-0.5316	-18835.2820	NaN	NaN
-0.5325	-278.6819	-0.5325	-542.2224	-0.5325	-1304.2416	-0.5325	-2508.5043	-0.5340	-4770.6861	-0.5326	-10626.5966	-0.5325	-18977.7014	NaN	NaN
-0.5335	-277.9942	-0.5336	-542.2200	-0.5335	-1307.7760	-0.5336	-2521.9516	-0.5351	-4802.8840	-0.5335	-10679.6574	-0.5335	-19061.9758	NaN	NaN
-0.5345	-279.4702	-0.5345	-544.7976	-0.5345	-1314.2775	-0.5346	-2533.7623	-0.5361	-4846.0383	-0.5346	-10735.2656	-0.5346	-19155.6590	NaN	NaN
-0.5355	-284.2007	-0.5355	-553.7237	-0.5355	-1331.9948	-0.5356	-2560.7368	-0.5370	-4885.4848	-0.5356	-10815.9316	-0.5356	-19284.2642	NaN	NaN
-0.5366	-284.2296	-0.5365	-554.4491	-0.5365	-1337.0567	-0.5366	-2573.8728	-0.5381	-4913.2503	-0.5366	-10877.2926	-0.5366	-19371.3781	NaN	NaN
-0.5376	-288.7247	-0.5376	-562.9644	-0.5375	-1354.9922	-0.5376	-2603.9161	-0.5391	-4959.0879	-0.5376	-10972.8245	-0.5376	-19527.3671	NaN	NaN
-0.5385	-289.8508	-0.5386	-565.5413	-0.5385	-1361.9837	-0.5387	-2589.7372	-0.5401	-4977.1180	-0.5386	-11031.4382	-0.5386	-19616.8163	NaN	NaN
-0.5396	-290.6274	-0.5396	-567.3985	-0.5396	-1368.0007	-0.5399	-2614.5092	-0.5411	-5001.5920	-0.5396	-11096.0184	-0.5396	-19724.1330	NaN	NaN
-0.5405	-290.8218	-0.5406	-568.4408	-0.5405	-1373.4226	-0.5409	-2631.3920	-0.5421	-5048.4046	-0.5406	-11145.1950	-0.5406	-19823.4185	NaN	NaN
-0.5415	-293.9862	-0.5415	-574.4254	-0.5415	-1385.2541	-0.5419	-2658.1460	-0.5431	-5074.1933	-0.5416	-11219.9204	-0.5415	-19920.8693	NaN	NaN
-0.5425	-296.3283	-0.5425	-579.0478	-0.5425	-1396.0095	-0.5429	-2675.1002	-0.5441	-5096.0423	-0.5426	-11297.8886	-0.5426	-20050.6250	NaN	NaN
-0.5435	-295.6833	-0.5435	-578.2384	-0.5436	-1398.1492	-0.5439	-2683.3519	-0.5451	-5144.1038	-0.5436	-11343.1291	-0.5436	-20130.9256	NaN	NaN
-0.5445	-297.8502	-0.5446	-582.4520	-0.5445	-1407.8833	-0.5449	-2709.4316	-0.5461	-5172.6835	-0.5446	-11411.3258	-0.5446	-20229.8747	NaN	NaN
-0.5455	-302.8434	-0.5455	-592.1974	-0.5456	-1425.9838	-0.5459	-2728.0988	-0.5471	-5201.0792	-0.5456	-11499.8685	-0.5456	-20377.6940	NaN	NaN
-0.5466	-302.1849	-0.5465	-591.3460	-0.5465	-1428.3179	-0.5469	-2741.7497	-0.5481	-5242.0056	-0.5466	-11551.1877	-0.5466	-20458.7770	NaN	NaN
-0.5475	-303.4805	-0.5475	-594.9928	-0.5475	-1436.4278	-0.5478	-2760.8307	-0.5491	-5278.5290	-0.5476	-11620.0878	-0.5476	-20570.3707	NaN	NaN
-0.5485	-308.6502	-0.5486	-603.1710	-0.5485	-1453.9904	-0.5488	-2786.7300	-0.5501	-5319.3185	-0.5486	-11702.7826	-0.5486	-20703.9682	NaN	NaN
-0.5496	-309.5444	-0.5496	-605.8794	-0.5496	-1461.0336	-0.5499	-2805.6465	-0.5511	-5345.5777	-0.5496	-11774.5768	-0.5496	-20807.9327	NaN	NaN
-0.5505	-310.7435	-0.5505	-608.8692	-0.5505	-1470.3797	-0.5509	-2818.5860	-0.5521	-5387.2922	-0.5506	-11846.1530	-0.5506	-20941.6535	NaN	NaN
-0.5515	-314.4490	-0.5516	-614.9990	-0.5516	-1483.3475	-0.5519	-2848.6583	-0.5531	-5408.7092	-0.5516	-11929.0837	-0.5516	-21049.7238	NaN	NaN
-0.5525	-313.8948	-0.5526	-615.8546	-0.5525	-1487.6458	-0.5529	-2854.3376	-0.5541	-5435.3543	-0.5526	-11989.1801	-0.5526	-21168.7850	NaN	NaN
-0.5536	-314.3068	-0.5536	-616.6517	-0.5535	-1492.2921	-0.5539	-2867.4850	-0.5551	-5487.3074	-0.5536	-12047.1466	-0.5536	-21254.6905	NaN	NaN
-0.5545	-318.3999	-0.5546	-623.9358	-0.5545	-1506.8700	-0.5549	-2895.1511	-0.5561	-5502.6111	-0.5546	-12125.2048	-0.5546	-21373.8447	NaN	NaN
-0.5555	-319.2307	-0.5555	-626.1948	-0.5556	-1514.3786	-0.5559	-2905.6241	-0.5571	-5531.0747	-0.5556	-12193.9703	-0.5556	-21502.6034	NaN	NaN
-0.5565	-318.7215	-0.5565	-625.3934	-0.5566	-1516.1381	-0.5569	-2916.2240	-0.5581	-5577.2010	-0.5566	-12245.2031	-0.5566	-21575.5040	NaN	NaN
-0.5575	-322.4039	-0.5576	-632.6504	-0.5576	-1530.2778	-0.5579	-2943.7084	-0.5591	-5601.5920	-0.5576	-12323.5323	-0.5576	-21709.0362	NaN	NaN
-0.5585	-324.5958	-0.5586	-636.9275	-0.5585	-1539.7255	-0.5589	-2957.0781	-0.5601	-5626.1505	-0.5586	-12405.9246	-0.5586	-21833.7311	NaN	NaN
-0.5596	-324.5296	-0.5595	-637.5008	-0.5595	-1544.5188	-0.5598	-2969.0137	-0.5611	-5670.2669	-0.5596	-12461.5968	-0.5596	-21938.6855	NaN	NaN
-0.5605	-326.0402	-0.5605	-640.8681	-0.5605	-1551.3946	-0.5608	-2989.4554	-0.5621	-5699.2574	-0.5606	-12519.3012	-0.5606	-22044.9986	NaN	NaN
-0.5615	-331.1104	-0.5616	-649.1089	-0.5616	-1569.4164	-0.5619	-3010.2858	-0.5631	-5745.1820	-0.5616	-12618.8886	-0.5616	-22178.2080	NaN	NaN
-0.5625	-331.9716	-0.5626	-651.3951	-0.5626	-1575.6772	-0.5629	-3031.7017	-0.5641	-5771.6407	-0.5626	-12686.0707	-0.5626	-22305.5512	NaN	NaN
-0.5635	-332.3510	-0.5635	-653.2309	-0.5635	-1581.7333	-0.5638	-3043.3476	-0.5651	-5802.7253	-0.5636	-12754.0624	-0.5636	-22412.6675	NaN	NaN
-0.5646	-336.3658	-0.5645	-660.5015	-0.5645	-1595.9821	-0.5648	-3063.7555	-0.5660	-5823.0664	-0.5645	-12837.9146	-0.5646	-22545.6817	NaN	NaN
-0.5655	-335.1483	-0.5656	-658.1628	-0.5655	-1596.4285	-0.5659	-3069.1489	-0.5671	-5851.0265	-0.5656	-12890.2618	-0.5656	-22651.0925	NaN	NaN
-0.5665	-335.2928	-0.5665	-660.0460	-0.5665	-1600.0690	-0.5669	-3081.1599	-0.5680	-5889.8044	-0.5666	-12947.0700	-0.5666	-22734.3348	NaN	NaN
-0.5675	-340.0435	-0.5676	-666.8549	-0.5675	-1615.0700	-0.5678	-3107.9214	-0.5690	-5905.3327	-0.5676	-13033.9596	-0.5676	-22884.1365	NaN	NaN
-0.5685	-339.0345	-0.5685	-667.6906	-0.5685	-1620.5838	-0.5689	-3113.4762	-0.5700	-5928.9100	-0.5686	-13092.6455	-0.5686	-22981.1035	NaN	NaN
-0.5695	-339.0672	-0.5695	-667.8194	-0.5695	-1619.8536	-0.5698	-3121.4019	-0.5711	-5975.3869	-0.5696	-13145.5153	-0.5695	-23072.2026	NaN	NaN
-0.5705	-343.5137	-0.5705	-674.5041	-0.5705	-1633.4729	-0.5709	-3149.0496	-0.5721	-5994.6638	-0.5706	-13221.3461	-0.5706	-23206.2197	NaN	NaN
-0.5715	-344.1716	-0.5715	-677.3409	-0.5715	-1639.9581	-0.5719	-3156.8091	-0.5730	-6015.0850	-0.5716	-13291.0499	-0.5716	-23313.9319	NaN	NaN
-0.5725	-344.2241	-0.5726	-676.8010	-0.5725	-1640.9666	-0.5728	-3163.0563	-0.5740	-6055.4648	-0.5726	-13346.3807	-0.5725	-23422.8357	NaN	NaN
-0.5735	-347.2022	-0.5735	-682.3551	-0.5736	-1652.7266	-0.5739	-3187.0159	-0.5751	-6079.6527	-0.5736	-13412.4943	-0.5736	-23532.4161	NaN	NaN
-0.5745	-348.8970	-0.5746	-685.8267	-0.5745	-1661.1117	-0.5749	-3196.8223	-0.5761	-6117.1591	-0.5746	-13488.3173	-0.5746	-23658.9622	NaN	NaN
-0.5755	-351.4987	-0.5755	-690.2693	-0.5755	-1671.5692	-0.5759	-3222.2281	-0.5771	-6147.7116	-0.5756	-13560.4003	-0.5756	-23787.4517	NaN	NaN
-0.5765	-350.8809	-0.5765	-690.6739	-0.5765	-1673.1756	-0.5769	-3230.1782	-0.5781	-6164.2656	-0.5766	-13614.6546	-0.5766	-23883.0529	NaN	NaN
-0.5775	-354.5180	-0.5775	-697.0677	-0.5776	-1686.1638	-0.5779	-3242.1390	-0.5791	-6179.3599	-0.5776	-13699.5334	-0.5776	-24027.9925	NaN	NaN
-0.5785	-352.6965	-0.5785	-694.0539	-0.5786	-1683.1367	-0.5789	-3246.5050	-0.5800	-6206.7517	-0.5786	-13738.7757	-0.5786	-24106.7865	NaN	NaN
-0.5795	-354.0040	-0.5796	-695.7200	-0.5795	-1687.1834	-0.5798	-3256.5347	-0.5811	-6234.6249	-0.5796	-13796.3559	-0.5796	-24205.2844	NaN	NaN
-0.5805	-358.3483	-0.5805	-703.9794	-0.5805	-1701.8747	-0.5808	-3276.2332	-0.5821	-6242.7056	-0.5806	-13875.3304	-0.5806	-24343.8600	NaN	NaN
-0.5815	-356.8432	-0.5815	-701.6206	-0.5815	-1700.8883	-0.5818	-3276.1410	-0.5831	-6266.5025	-0.5816	-13918.3566	-0.5816	-24424.6208	NaN	NaN
-0.5825	-356.9022	-0.5825	-701.6429	-0.5825	-1701.0249	-0.5828	-3284.3180	-0.5841	-6301.5636	-0.5826	-13965.3611	-0.5826	-24525.9275	NaN	NaN
-0.5835	-361.5956	-0.5835	-709.3433	-0.5836	-1716.1193	-0.5839	-3309.5668	-0.5851	-6311.2020	-0.5837	-14044.7215	-0.5836	-24653.1198	NaN	NaN
-0.5845	-361.1062	-0.5845	-709.1044	-0.5845	-1717.4109	-0.5849	-3309.8346	-0.5861	-6327.2287	-0.5846	-14096.8295	-0.5846	-24754.1203	NaN	NaN
-0.5855	-360.8887	-0.5855	-709.0659	-0.5855	-1718.7307	-0.5858	-3316.3849	-0.5871	-6366.9123	-0.5856	-14140.4242	-0.5856	-24848.3395	NaN	NaN
-0.5865	-364.8473	-0.5866	-715.3788	-0.5866	-1729.2277	-0.5869	-3337.2936	-0.5881	-6385.2750	-0.5866	-14207.0908	-0.5866	-24953.6669	NaN	NaN
-0.5875	-364.2156	-0.5875	-716.3335	-0.5875	-1733.6175	-0.5878	-3343.2540	-0.5891	-6407.4973	-0.5876	-14262.7532	-0.5876	-25071.5406	NaN	NaN
-0.5885	-368.8161	-0.5886	-723.2839	-0.5885	-1745.5189	-0.5889	-3362.7072	-0.5901	-6433.8055	-0.5886	-14338.5044	-0.5886	-25195.7378	NaN	NaN
-0.5895	-368.5054	-0.5896	-723.3419	-0.5895	-1746.9633	-0.5899	-3374.9309	-0.5911	-6443.3856	-0.5896	-14399.6343	-0.5896	-25283.5063	NaN	NaN
-0.5905	-369.2297	-0.5905	-724.1746	-0.5905	-1751.8963	-0.5908	-3377.9985	-0.5921	-6450.5426	-0.5906	-14454.1666	-0.5906	-25403.5961	NaN	NaN
-0.5916	-368.2268	-0.5915	-722.6883	-0.5915	-1750.2930	-0.5918	-3377.3728	-0.5931	-6478.7502	-0.5916	-14486.5710	-0.5916	-25470.1344	NaN	NaN
-0.5925	-368.4440	-0.5926	-723.4549	-0.5925	-1752.5849	-0.5929	-3390.7643	-0.5941	-6493.5668	-0.5926	-14522.1808	-0.5926	-25570.8849	NaN	NaN
-0.5935	-373.1712	-0.5935	-730.7587	-0.5935	-1766.4909	-0.5939	-3400.8540	-0.5951	-6495.5283	-0.5936	-14601.1177	-0.5936	-25694.0151	NaN	NaN
-0.5945	-370.3441	-0.5946	-727.7573	-0.5946	-1760.5006	-0.5949	-3398.1535	-0.5961	-6521.1198	-0.5946	-14623.3479	-0.5946	-25763.5389	NaN	NaN
-0.5955	-371.4056	-0.5956	-729.0942	-0.5956	-1762.6818	-0.5958	-3406.9156	-0.5971	-6540.2199	-0.5956	-14659.4963	-0.5956	-25849.6311	NaN	NaN
-0.5965	-375.8880	-0.5966	-736.7250	-0.5965	-1777.5537	-0.5969	-3423.0657	-0.5981	-6546.4764	-0.5966	-14731.5114	-0.5966	-25961.6285	NaN	NaN
-0.5976	-374.0698	-0.5976	-733.8384	-0.5975	-1773.5735	-0.5979	-3424.0200	-0.5991	-6560.5584	-0.5976	-14764.3173	-0.5976	-26056.6725	NaN	NaN
-0.5985	-374.0924	-0.5985	-733.8117	-0.5985	-1775.4768	-0.5988	-3426.7836	-0.6000	-6587.5992	-0.5986	-14796.5473	-0.5986	-26123.5795	NaN	NaN
-0.5995	-378.3816	-0.5996	-741.1614	-0.5995	-1786.1637	-0.5999	-3448.2693	-0.6011	-6605.0812	-0.5996	-14860.7181	-0.5996	-26236.5835	NaN	NaN
-0.6006	-377.2767	-0.6005	-740.1472	-0.6005	-1787.3748	-0.6009	-3450.6618	-0.6020	-6615.9003	-0.6006	-14894.4680	-0.6006	-26325.2381	NaN	NaN
-0.6015	-380.2971	-0.6015	-745.4153	-0.6015	-1796.2334	-0.6019	-3458.2125	-0.6031	-6644.7895	-0.6016	-14954.8432	-0.6016	-26427.5394	NaN	NaN
-0.6025	-380.8843	-0.6025	-746.3835	-0.6025	-1799.1210	-0.6029	-3472.7718	-0.6041	-6644.4882	-0.6026	-14993.8836	-0.6026	-26524.7682	NaN	NaN
-0.6035	-380.7908	-0.6036	-746.3605	-0.6036	-1800.5910	-0.6039	-3472.6691	-0.6051	-6650.3547	-0.6036	-15037.2933	-0.6036	-26600.6145	NaN	NaN
-0.6045	-379.1328	-0.6046	-744.0891	-0.6045	-1798.7059	-0.6049	-3471.1997	-0.6061	-6675.5168	-0.6046	-15059.1340	-0.6046	-26666.4782	NaN	NaN
-0.6055	-381.9838	-0.6055	-748.3132	-0.6055	-1804.4535	-0.6059	-3485.7471	-0.6071	-6677.3120	-0.6056	-15098.1557	-0.6070	-26744.0165	NaN	NaN
-0.6065	-382.8827	-0.6065	-750.8652	-0.6065	-1810.0214	-0.6069	-3488.0835	-0.6081	-6679.9382	-0.6066	-15143.5967	-0.6096	-26825.8554	NaN	NaN
-0.6075	-381.3940	-0.6075	-747.1989	-0.6076	-1804.7209	-0.6079	-3484.1732	-0.6091	-6703.5826	-0.6076	-15161.9142	-0.6105	-26899.8541	NaN	NaN
-0.6084	-382.2269	-0.6086	-749.2486	-0.6085	-1807.9240	-0.6088	-3496.3794	-0.6101	-6713.1202	-0.6086	-15192.8491	-0.6115	-26957.8550	NaN	NaN
-0.6095	-386.3467	-0.6095	-756.2807	-0.6095	-1820.4963	-0.6098	-3504.7752	-0.6111	-6713.9987	-0.6096	-15254.8401	-0.6125	-27074.4452	NaN	NaN
-0.6105	-384.4113	-0.6105	-753.8953	-0.6105	-1816.2305	-0.6108	-3502.9383	-0.6120	-6731.3991	-0.6106	-15267.2766	-0.6136	-27127.8160	NaN	NaN
-0.6115	-384.8425	-0.6115	-753.2636	-0.6115	-1817.3852	-0.6118	-3508.1845	-0.6130	-6746.4307	-0.6116	-15292.8397	-0.6146	-27194.1004	NaN	NaN
-0.6125	-388.8051	-0.6125	-759.7098	-0.6126	-1829.5321	-0.6129	-3521.6321	-0.6141	-6748.8143	-0.6126	-15351.9441	-0.6156	-27295.1358	NaN	NaN
-0.6135	-387.6711	-0.6136	-758.5469	-0.6135	-1827.0675	-0.6139	-3521.4286	-0.6151	-6757.5783	-0.6136	-15369.2327	-0.6166	-27346.7819	NaN	NaN
-0.6145	-387.4564	-0.6146	-758.0325	-0.6145	-1825.9504	-0.6149	-3524.0202	-0.6160	-6781.7990	-0.6146	-15395.1956	-0.6176	-27414.4729	NaN	NaN
-0.6155	-390.9488	-0.6155	-764.0990	-0.6155	-1836.0048	-0.6159	-3540.6743	-0.6171	-6776.5000	-0.6156	-15442.3621	-0.6185	-27493.1443	NaN	NaN
-0.6165	-389.5022	-0.6166	-762.2907	-0.6165	-1833.7907	-0.6169	-3535.0919	-0.6180	-6783.7840	-0.6166	-15462.2581	-0.6195	-27564.2253	NaN	NaN
-0.6175	-389.2481	-0.6175	-761.1762	-0.6176	-1832.0965	-0.6179	-3536.5418	-0.6191	-6810.7373	-0.6175	-15480.8611	-0.6205	-27602.0149	NaN	NaN
-0.6185	-392.2015	-0.6185	-765.9227	-0.6185	-1840.0186	-0.6189	-3551.9468	-0.6201	-6804.8022	-0.6186	-15520.0441	-0.6215	-27665.5807	NaN	NaN
-0.6195	-391.9744	-0.6196	-766.1809	-0.6195	-1842.0069	-0.6199	-3550.1540	-0.6211	-6806.0095	-0.6196	-15550.0857	-0.6226	-27756.4703	NaN	NaN
-0.6205	-390.2222	-0.6206	-763.0136	-0.6205	-1835.7974	-0.6209	-3545.7262	-0.6221	-6831.0068	-0.6206	-15551.5731	-0.6236	-27796.5624	NaN	NaN
-0.6215	-393.3634	-0.6215	-767.2988	-0.6215	-1843.2899	-0.6218	-3557.8514	-0.6231	-6833.1630	-0.6215	-15586.0314	-0.6246	-27852.6201	NaN	NaN
-0.6225	-394.4756	-0.6226	-769.6890	-0.6225	-1847.9660	-0.6229	-3561.7661	-0.6240	-6832.3853	-0.6226	-15626.7294	-0.6255	-27951.5144	NaN	NaN
-0.6235	-393.4535	-0.6235	-767.7382	-0.6236	-1844.6063	-0.6238	-3559.0035	-0.6251	-6852.1018	-0.6235	-15635.1682	-0.6265	-27987.8969	NaN	NaN
-0.6245	-393.8721	-0.6245	-768.2792	-0.6245	-1845.5090	-0.6249	-3567.6785	-0.6261	-6859.3162	-0.6245	-15656.3234	-0.6276	-28065.9667	NaN	NaN
-0.6255	-398.2364	-0.6256	-775.0376	-0.6255	-1858.4747	-0.6258	-3574.7859	-0.6271	-6876.2585	-0.6256	-15703.8186	-0.6285	-28134.8343	NaN	NaN
-0.6265	-398.1691	-0.6265	-775.1896	-0.6265	-1857.5099	-0.6269	-3583.9990	-0.6280	-6881.6878	-0.6266	-15723.1503	-0.6296	-28175.8133	NaN	NaN
-0.6276	-397.5959	-0.6275	-774.8547	-0.6275	-1858.5541	-0.6279	-3582.7404	-0.6291	-6887.6741	-0.6276	-15746.6460	-0.6305	-28210.2594	NaN	NaN
-0.6285	-400.8480	-0.6286	-780.0166	-0.6286	-1866.5191	-0.6289	-3591.6824	-0.6301	-6885.8413	-0.6286	-15788.0075	-0.6315	-28278.4188	NaN	NaN
-0.6295	-398.3895	-0.6296	-776.2218	-0.6295	-1861.2794	-0.6299	-3585.1529	-0.6310	-6891.1758	-0.6296	-15794.1842	-0.6326	-28338.7062	NaN	NaN
-0.6305	-398.1981	-0.6306	-776.2257	-0.6305	-1860.0216	-0.6308	-3584.0158	-0.6321	-6912.3151	-0.6306	-15806.3954	-0.6336	-28349.3716	NaN	NaN
-0.6315	-401.6653	-0.6315	-780.3786	-0.6316	-1868.3838	-0.6319	-3603.5215	-0.6331	-6901.2451	-0.6316	-15834.1667	-0.6346	-28408.2085	NaN	NaN
-0.6325	-400.7228	-0.6325	-779.2320	-0.6326	-1865.8821	-0.6329	-3593.4961	-0.6340	-6902.5910	-0.6326	-15853.7562	-0.6356	-28474.0837	NaN	NaN
-0.6335	-398.7478	-0.6335	-777.1494	-0.6335	-1860.8307	-0.6339	-3589.8417	-0.6351	-6929.5134	-0.6336	-15854.9524	-0.6365	-28486.8490	NaN	NaN
-0.6345	-402.9610	-0.6345	-782.3583	-0.6345	-1870.1536	-0.6349	-3605.5086	-0.6361	-6922.0813	-0.6346	-15885.7487	-0.6376	-28557.6291	NaN	NaN
-0.6355	-402.4251	-0.6356	-782.2188	-0.6356	-1870.6629	-0.6358	-3602.8238	-0.6370	-6922.2130	-0.6356	-15909.0559	-0.6386	-28605.7851	NaN	NaN
-0.6365	-401.5863	-0.6365	-781.0152	-0.6365	-1867.6493	-0.6369	-3599.8519	-0.6381	-6943.3877	-0.6366	-15911.6721	-0.6395	-28668.5703	NaN	NaN
-0.6375	-404.3442	-0.6375	-784.1991	-0.6375	-1872.8851	-0.6379	-3612.2151	-0.6391	-6943.3892	-0.6376	-15935.3840	-0.6406	-28709.2229	NaN	NaN
-0.6385	-405.2058	-0.6386	-786.7458	-0.6385	-1877.9597	-0.6389	-3613.4400	-0.6401	-6962.4198	-0.6386	-15966.4478	-0.6416	-28769.1791	NaN	NaN
-0.6395	-408.2411	-0.6396	-790.7315	-0.6395	-1884.3783	-0.6399	-3628.7969	-0.6410	-6968.0539	-0.6396	-15998.8246	-0.6426	-28803.1476	NaN	NaN
-0.6405	-406.4604	-0.6406	-788.0578	-0.6405	-1880.4071	-0.6409	-3626.5337	-0.6421	-6967.6382	-0.6406	-16002.0362	-0.6435	-28821.1721	NaN	NaN
-0.6415	-409.0616	-0.6416	-793.2125	-0.6415	-1888.9274	-0.6419	-3627.9609	-0.6431	-6962.3544	-0.6416	-16038.1814	-0.6445	-28879.4164	NaN	NaN
-0.6425	-406.7452	-0.6426	-788.6977	-0.6425	-1881.8877	-0.6429	-3621.6188	-0.6441	-6972.5629	-0.6426	-16037.7492	-0.6455	-28907.3607	NaN	NaN
-0.6435	-406.9386	-0.6435	-788.9133	-0.6435	-1880.6819	-0.6438	-3623.8887	-0.6451	-6981.6600	-0.6436	-16041.3549	-0.6466	-28927.1975	NaN	NaN
-0.6445	-410.8879	-0.6446	-795.8827	-0.6445	-1890.8804	-0.6449	-3633.1291	-0.6460	-6969.9534	-0.6446	-16077.9149	-0.6475	-28992.0269	NaN	NaN
-0.6455	-408.7703	-0.6455	-791.8700	-0.6455	-1886.2798	-0.6459	-3626.0751	-0.6471	-6974.7866	-0.6456	-16074.9655	-0.6485	-29015.4569	NaN	NaN
-0.6465	-408.2217	-0.6465	-790.5334	-0.6465	-1882.8578	-0.6469	-3626.6116	-0.6481	-6994.9287	-0.6466	-16075.2000	-0.6495	-29039.7058	NaN	NaN
-0.6475	-413.0813	-0.6475	-797.2818	-0.6475	-1894.0829	-0.6478	-3642.6848	-0.6491	-6986.5119	-0.6476	-16111.5538	-0.6506	-29092.6609	NaN	NaN
-0.6485	-411.8887	-0.6485	-795.5747	-0.6485	-1891.6817	-0.6489	-3634.6021	-0.6500	-6989.5607	-0.6486	-16118.2519	-0.6516	-29120.2738	NaN	NaN
-0.6495	-411.3681	-0.6496	-794.9163	-0.6495	-1888.5508	-0.6498	-3633.2215	-0.6511	-7009.1761	-0.6496	-16123.1658	-0.6525	-29182.9895	NaN	NaN
-0.6505	-414.5589	-0.6505	-799.2060	-0.6505	-1896.0781	-0.6509	-3646.9222	-0.6520	-7009.4030	-0.6505	-16145.3403	-0.6535	-29204.2492	NaN	NaN
-0.6515	-414.6480	-0.6516	-799.7311	-0.6515	-1897.3605	-0.6519	-3644.5019	-0.6531	-7015.1129	-0.6516	-16162.3871	-0.6546	-29252.5463	NaN	NaN
-0.6526	-417.5645	-0.6525	-804.0009	-0.6525	-1905.3591	-0.6529	-3652.4494	-0.6541	-7029.4874	-0.6526	-16187.8785	-0.6556	-29266.6361	NaN	NaN
-0.6535	-417.6380	-0.6535	-804.3510	-0.6535	-1904.4349	-0.6539	-3658.9925	-0.6551	-7025.2660	-0.6536	-16198.0813	-0.6566	-29266.3493	NaN	NaN
-0.6546	-418.5951	-0.6546	-805.1092	-0.6545	-1906.7617	-0.6549	-3657.5339	-0.6561	-7019.1376	-0.6546	-16217.1689	-0.6576	-29349.9212	NaN	NaN
-0.6555	-416.9160	-0.6556	-803.0793	-0.6555	-1902.3562	-0.6559	-3650.7234	-0.6571	-7034.2406	-0.6556	-16210.2567	-0.6586	-29344.8034	NaN	NaN
-0.6565	-417.8057	-0.6565	-803.7458	-0.6565	-1902.0289	-0.6568	-3659.2273	-0.6581	-7036.0988	-0.6566	-16216.5908	-0.6595	-29380.5951	NaN	NaN
-0.6576	-422.1234	-0.6575	-811.0167	-0.6575	-1913.9940	-0.6578	-3663.4837	-0.6590	-7024.7237	-0.6576	-16254.1812	-0.6605	-29454.0048	NaN	NaN
-0.6586	-419.8154	-0.6585	-806.0921	-0.6585	-1905.9069	-0.6588	-3654.8227	-0.6600	-7041.4777	-0.6585	-16243.0246	-0.6616	-29451.4342	NaN	NaN
-0.6595	-420.3845	-0.6595	-807.1944	-0.6595	-1907.0352	-0.6599	-3661.6627	-0.6611	-7048.1598	-0.6596	-16256.2209	-0.6625	-29473.8584	NaN	NaN
-0.6605	-424.6660	-0.6606	-814.1698	-0.6605	-1917.5806	-0.6608	-3672.5437	-0.6621	-7042.6367	-0.6606	-16291.4881	-0.6635	-29502.8064	NaN	NaN
-0.6615	-423.6145	-0.6615	-812.0849	-0.6615	-1914.1820	-0.6618	-3666.3649	-0.6630	-7046.4657	-0.6616	-16286.3750	-0.6645	-29530.1193	NaN	NaN
-0.6625	-423.7399	-0.6625	-811.5256	-0.6625	-1913.2244	-0.6628	-3666.2737	-0.6640	-7062.9234	-0.6626	-16286.1280	-0.6655	-29576.6188	NaN	NaN
-0.6635	-428.4089	-0.6635	-818.3950	-0.6635	-1922.8301	-0.6638	-3683.3948	-0.6650	-7069.8532	-0.6636	-16314.7759	-0.6666	-29591.8134	NaN	NaN
-0.6645	-427.2300	-0.6646	-817.4000	-0.6645	-1922.2718	-0.6649	-3683.2509	-0.6660	-7070.0756	-0.6646	-16315.2387	-0.6676	-29626.7167	NaN	NaN
-0.6655	-430.6829	-0.6656	-821.9192	-0.6655	-1931.1344	-0.6659	-3685.9081	-0.6671	-7087.7708	-0.6656	-16342.4578	-0.6686	-29628.3235	NaN	NaN
-0.6665	-432.0715	-0.6666	-824.1810	-0.6665	-1933.3664	-0.6669	-3696.0331	-0.6680	-7075.9056	-0.6666	-16352.8809	-0.6695	-29646.4222	NaN	NaN
-0.6675	-431.9803	-0.6675	-823.7055	-0.6675	-1933.3741	-0.6679	-3691.5707	-0.6690	-7075.0910	-0.6676	-16362.3308	-0.6706	-29689.0994	NaN	NaN
-0.6685	-431.7162	-0.6685	-823.0093	-0.6685	-1930.3718	-0.6688	-3689.2517	-0.6700	-7090.7355	-0.6686	-16352.9258	-0.6715	-29677.6434	NaN	NaN
-0.6695	-435.0022	-0.6695	-826.7283	-0.6695	-1935.7422	-0.6699	-3700.1740	-0.6711	-7088.1008	-0.6696	-16370.5147	-0.6726	-29716.1527	NaN	NaN
-0.6705	-436.2372	-0.6705	-828.7907	-0.6705	-1940.4625	-0.6708	-3699.2528	-0.6721	-7082.2173	-0.6706	-16385.7811	-0.6736	-29743.8390	NaN	NaN
-0.6715	-435.6488	-0.6716	-826.7917	-0.6715	-1936.5049	-0.6719	-3693.3676	-0.6731	-7096.5304	-0.6716	-16377.7167	-0.6746	-29752.2479	NaN	NaN
-0.6725	-436.9950	-0.6726	-829.1153	-0.6725	-1937.8403	-0.6728	-3703.8577	-0.6741	-7102.5100	-0.6726	-16376.8411	-0.6755	-29761.2610	NaN	NaN
-0.6735	-442.2601	-0.6735	-837.1135	-0.6735	-1951.1624	-0.6739	-3711.6372	-0.6750	-7096.2871	-0.6736	-16415.8345	-0.6766	-29803.9539	NaN	NaN
-0.6745	-441.1902	-0.6745	-834.5768	-0.6745	-1947.0543	-0.6748	-3708.4178	-0.6761	-7108.5445	-0.6746	-16407.1873	-0.6776	-29831.9265	NaN	NaN
-0.6755	-442.1878	-0.6755	-836.1710	-0.6755	-1947.7829	-0.6759	-3712.5755	-0.6771	-7118.1502	-0.6756	-16407.0038	-0.6786	-29854.5508	NaN	NaN
-0.6765	-447.6933	-0.6765	-843.4981	-0.6765	-1960.4340	-0.6768	-3724.5742	-0.6781	-7126.6687	-0.6766	-16434.9723	-0.6796	-29893.5036	NaN	NaN
-0.6775	-448.4588	-0.6775	-844.7773	-0.6775	-1962.0546	-0.6779	-3729.9961	-0.6791	-7132.0321	-0.6776	-16444.0607	-0.6805	-29901.4233	NaN	NaN
-0.6786	-450.1644	-0.6786	-846.5163	-0.6785	-1965.8482	-0.6789	-3730.9062	-0.6801	-7142.4430	-0.6786	-16453.7561	-0.6815	-29885.4267	NaN	NaN
-0.6795	-453.7581	-0.6796	-852.1584	-0.6795	-1972.6859	-0.6799	-3745.2433	-0.6811	-7136.5225	-0.6796	-16477.0731	-0.6825	-29921.7207	NaN	NaN
-0.6805	-453.7776	-0.6806	-851.5710	-0.6805	-1971.9021	-0.6808	-3739.0142	-0.6821	-7138.7224	-0.6806	-16475.9156	-0.6835	-29956.8109	NaN	NaN
-0.6815	-454.3966	-0.6815	-852.2472	-0.6815	-1970.9372	-0.6818	-3739.7289	-0.6831	-7161.3730	-0.6815	-16469.9632	-0.6845	-29937.8628	NaN	NaN
-0.6825	-458.6152	-0.6826	-858.0151	-0.6825	-1981.7247	-0.6829	-3753.7725	-0.6840	-7149.5402	-0.6826	-16489.7689	-0.6855	-29954.9827	NaN	NaN
-0.6835	-460.7114	-0.6835	-860.2516	-0.6835	-1983.6009	-0.6838	-3752.7187	-0.6850	-7149.7502	-0.6836	-16501.2135	-0.6865	-29991.5543	NaN	NaN
-0.6845	-460.0995	-0.6845	-858.6080	-0.6845	-1980.9216	-0.6848	-3750.3872	-0.6860	-7171.2034	-0.6845	-16485.5578	-0.6875	-29992.1565	NaN	NaN
-0.6855	-464.7272	-0.6855	-865.3306	-0.6855	-1989.1526	-0.6858	-3766.2900	-0.6871	-7169.0372	-0.6855	-16500.1751	-0.6885	-29997.1737	NaN	NaN
-0.6865	-467.8475	-0.6865	-869.3181	-0.6864	-1996.6405	-0.6868	-3768.9090	-0.6881	-7174.3567	-0.6866	-16523.2088	-0.6895	-30038.8735	NaN	NaN
-0.6875	-468.4458	-0.6875	-869.8606	-0.6875	-1996.1595	-0.6878	-3769.0704	-0.6890	-7190.8606	-0.6876	-16518.2398	-0.6905	-30068.9291	NaN	NaN
-0.6885	-471.1350	-0.6885	-872.7658	-0.6885	-2000.6184	-0.6888	-3780.3958	-0.6900	-7193.4984	-0.6886	-16519.0954	-0.6915	-30067.9377	NaN	NaN
-0.6895	-477.0749	-0.6895	-882.1499	-0.6895	-2014.7006	-0.6898	-3787.2501	-0.6911	-7217.7839	-0.6895	-16553.9199	-0.6926	-30124.9936	NaN	NaN
-0.6905	-479.8747	-0.6905	-885.9150	-0.6905	-2019.3489	-0.6909	-3802.1069	-0.6920	-7217.8508	-0.6906	-16563.2236	-0.6936	-30113.5349	NaN	NaN
-0.6915	-481.7577	-0.6916	-887.8766	-0.6915	-2022.8982	-0.6919	-3804.0360	-0.6931	-7227.4186	-0.6916	-16573.8468	-0.6946	-30113.6068	NaN	NaN
-0.6925	-487.1207	-0.6926	-895.3717	-0.6925	-2034.3498	-0.6929	-3816.8900	-0.6940	-7222.9961	-0.6926	-16600.0075	-0.6956	-30151.2534	NaN	NaN
-0.6935	-487.3028	-0.6935	-895.1168	-0.6936	-2033.4033	-0.6939	-3812.8938	-0.6951	-7228.9464	-0.6936	-16593.9444	-0.6965	-30151.5279	NaN	NaN
-0.6945	-489.1757	-0.6946	-896.9925	-0.6945	-2036.0821	-0.6949	-3815.3107	-0.6960	-7250.1098	-0.6946	-16587.7220	-0.6976	-30154.3872	NaN	NaN
-0.6955	-495.6559	-0.6955	-906.0937	-0.6955	-2050.2266	-0.6959	-3836.9614	-0.6971	-7239.9958	-0.6956	-16613.3727	-0.6985	-30172.1826	NaN	NaN
-0.6965	-497.3048	-0.6966	-907.6646	-0.6966	-2050.1635	-0.6969	-3833.7592	-0.6981	-7247.6399	-0.6966	-16613.7624	-0.6996	-30198.9329	NaN	NaN
-0.6975	-498.5077	-0.6975	-908.6145	-0.6975	-2050.7699	-0.6978	-3836.4780	-0.6990	-7277.1138	-0.6976	-16606.4271	-0.7005	-30188.4271	NaN	NaN
-0.6985	-505.1212	-0.6985	-918.1544	-0.6985	-2064.7878	-0.6989	-3856.3127	-0.7001	-7269.3161	-0.6986	-16628.8238	-0.7015	-30210.8636	NaN	NaN
-0.6995	-507.9796	-0.6995	-921.5895	-0.6995	-2070.7693	-0.6998	-3857.5495	-0.7011	-7273.0786	-0.6996	-16639.3524	-0.7026	-30239.8274	NaN	NaN
-0.7005	-509.8798	-0.7005	-923.8488	-0.7005	-2073.5902	-0.7008	-3861.9751	-0.7021	-7298.4413	-0.7006	-16633.6016	-0.7035	-30258.9888	NaN	NaN
-0.7015	-515.8449	-0.7015	-931.5977	-0.7015	-2084.3503	-0.7019	-3881.6292	-0.7030	-7303.6089	-0.7016	-16655.9292	-0.7045	-30257.5357	NaN	NaN
-0.7025	-520.2889	-0.7025	-938.1125	-0.7025	-2094.6376	-0.7029	-3889.1355	-0.7041	-7322.5621	-0.7026	-16671.6940	-0.7055	-30309.5019	NaN	NaN
-0.7035	-525.7002	-0.7036	-945.8038	-0.7035	-2106.2674	-0.7038	-3905.5903	-0.7051	-7336.5679	-0.7036	-16689.2622	-0.7065	-30291.7054	NaN	NaN
-0.7045	-527.4735	-0.7045	-947.9396	-0.7045	-2109.2705	-0.7049	-3913.2549	-0.7061	-7342.0208	-0.7046	-16690.7497	-0.7076	-30313.1248	NaN	NaN
-0.7055	-534.4264	-0.7056	-958.3598	-0.7055	-2125.3302	-0.7059	-3923.3921	-0.7070	-7342.7396	-0.7056	-16720.8745	-0.7086	-30331.8966	NaN	NaN
-0.7065	-535.1683	-0.7066	-959.2440	-0.7065	-2125.2455	-0.7069	-3924.7246	-0.7081	-7361.3560	-0.7066	-16712.4208	-0.7096	-30329.9973	NaN	NaN
-0.7075	-538.6547	-0.7075	-964.2546	-0.7075	-2131.3164	-0.7078	-3937.8553	-0.7091	-7376.7474	-0.7076	-16715.8557	-0.7105	-30343.3082	NaN	NaN
-0.7085	-546.4560	-0.7086	-975.4434	-0.7085	-2149.7716	-0.7089	-3955.0913	-0.7100	-7373.9114	-0.7085	-16744.6238	-0.7116	-30354.2644	NaN	NaN
-0.7095	-547.8617	-0.7095	-977.1344	-0.7095	-2152.2351	-0.7098	-3955.9487	-0.7111	-7388.3641	-0.7096	-16748.8379	-0.7126	-30383.4723	NaN	NaN
-0.7105	-551.5723	-0.7105	-981.5772	-0.7105	-2158.7498	-0.7108	-3966.6474	-0.7121	-7410.6172	-0.7106	-16742.9664	-0.7136	-30362.9316	NaN	NaN
-0.7115	-558.9775	-0.7116	-993.6263	-0.7115	-2176.0385	-0.7119	-3991.9905	-0.7131	-7416.9350	-0.7116	-16773.4241	-0.7145	-30394.3127	NaN	NaN
-0.7125	-561.9177	-0.7125	-998.2171	-0.7125	-2182.1834	-0.7129	-3995.2823	-0.7141	-7427.2933	-0.7126	-16778.2331	-0.7156	-30423.7206	NaN	NaN
-0.7135	-565.1468	-0.7135	-1002.8684	-0.7135	-2190.5392	-0.7139	-4005.9534	-0.7151	-7458.2762	-0.7136	-16779.8542	-0.7165	-30457.4140	NaN	NaN
-0.7145	-571.9383	-0.7146	-1013.3366	-0.7145	-2205.3851	-0.7148	-4028.5180	-0.7161	-7483.1699	-0.7146	-16805.1016	-0.7176	-30461.0664	NaN	NaN
-0.7155	-576.4430	-0.7156	-1019.9588	-0.7155	-2216.6220	-0.7159	-4041.5278	-0.7171	-7496.8649	-0.7156	-16818.8752	-0.7186	-30479.6649	NaN	NaN
-0.7165	-584.4637	-0.7166	-1032.3322	-0.7165	-2237.9093	-0.7169	-4063.6870	-0.7181	-7518.9957	-0.7166	-16855.3083	-0.7195	-30473.7449	NaN	NaN
-0.7176	-587.4702	-0.7176	-1037.9998	-0.7175	-2244.5411	-0.7179	-4079.5907	-0.7191	-7523.8995	-0.7176	-16867.7017	-0.7205	-30487.6301	NaN	NaN
-0.7185	-591.8761	-0.7186	-1044.2838	-0.7185	-2255.6356	-0.7189	-4088.1237	-0.7201	-7531.0250	-0.7186	-16881.5624	-0.7215	-30525.4616	NaN	NaN
-0.7196	-594.1001	-0.7196	-1047.5975	-0.7195	-2262.0524	-0.7199	-4097.1529	-0.7211	-7557.7369	-0.7196	-16879.8104	-0.7225	-30517.3114	NaN	NaN
-0.7205	-598.5465	-0.7205	-1054.7970	-0.7205	-2271.5439	-0.7208	-4115.9790	-0.7221	-7570.5406	-0.7206	-16884.7240	-0.7235	-30514.3374	NaN	NaN
-0.7215	-606.3663	-0.7215	-1067.6633	-0.7215	-2292.4454	-0.7218	-4133.3357	-0.7230	-7575.9894	-0.7216	-16923.1466	-0.7245	-30548.1317	NaN	NaN
-0.7225	-607.5696	-0.7225	-1069.9470	-0.7225	-2297.3755	-0.7229	-4139.8383	-0.7241	-7601.0373	-0.7226	-16914.2611	-0.7256	-30555.7502	NaN	NaN
-0.7235	-611.7710	-0.7235	-1076.7671	-0.7235	-2308.3679	-0.7239	-4155.6209	-0.7251	-7625.9577	-0.7236	-16924.7379	-0.7265	-30541.1882	NaN	NaN
-0.7245	-619.8247	-0.7245	-1089.9594	-0.7245	-2329.3022	-0.7249	-4181.5202	-0.7261	-7634.8507	-0.7246	-16962.4394	-0.7275	-30595.0351	NaN	NaN
-0.7255	-622.1666	-0.7255	-1094.4488	-0.7255	-2336.7928	-0.7259	-4192.0248	-0.7271	-7654.2520	-0.7256	-16967.5457	-0.7285	-30602.4512	NaN	NaN
-0.7265	-625.7883	-0.7265	-1100.6952	-0.7265	-2347.5231	-0.7268	-4207.2658	-0.7280	-7686.3061	-0.7266	-16971.0657	-0.7295	-30633.8898	NaN	NaN
-0.7275	-633.1398	-0.7275	-1112.5769	-0.7275	-2368.0007	-0.7279	-4236.8387	-0.7290	-7706.0634	-0.7276	-17010.9219	-0.7306	-30643.8197	NaN	NaN
-0.7285	-635.7041	-0.7285	-1118.4171	-0.7285	-2378.1969	-0.7288	-4252.0363	-0.7300	-7727.9830	-0.7286	-17020.4041	-0.7316	-30649.5992	NaN	NaN
-0.7295	-642.5092	-0.7295	-1129.6566	-0.7295	-2397.6676	-0.7299	-4272.3208	-0.7311	-7760.0864	-0.7296	-17062.8512	-0.7326	-30652.3319	NaN	NaN
-0.7305	-646.8280	-0.7305	-1137.8259	-0.7305	-2411.1208	-0.7308	-4296.4529	-0.7321	-7767.3553	-0.7306	-17080.4978	-0.7335	-30670.1972	NaN	NaN
-0.7315	-649.8203	-0.7316	-1143.6569	-0.7315	-2423.1610	-0.7319	-4308.7050	-0.7331	-7784.1793	-0.7316	-17095.8790	-0.7345	-30696.0586	NaN	NaN
-0.7325	-652.2712	-0.7325	-1149.0323	-0.7325	-2431.5534	-0.7328	-4321.4203	-0.7341	-7819.2711	-0.7326	-17097.3720	-0.7356	-30692.4494	NaN	NaN
-0.7335	-657.1658	-0.7335	-1157.8094	-0.7335	-2448.8569	-0.7338	-4347.6400	-0.7351	-7835.3927	-0.7336	-17121.0549	-0.7365	-30697.0350	NaN	NaN
-0.7345	-661.6070	-0.7346	-1166.5843	-0.7345	-2464.7787	-0.7349	-4364.2672	-0.7361	-7844.6579	-0.7346	-17148.2504	-0.7376	-30754.5917	NaN	NaN
-0.7355	-663.0149	-0.7356	-1169.7893	-0.7355	-2472.3191	-0.7359	-4374.5664	-0.7371	-7882.9593	-0.7356	-17150.5745	-0.7386	-30736.5084	NaN	NaN
-0.7365	-666.9130	-0.7365	-1176.8876	-0.7365	-2485.2588	-0.7369	-4401.3785	-0.7381	-7902.7785	-0.7366	-17163.5686	-0.7395	-30752.0343	NaN	NaN
-0.7375	-674.3136	-0.7375	-1190.3151	-0.7375	-2509.0385	-0.7379	-4422.8050	-0.7391	-7917.7168	-0.7375	-17214.3407	-0.7406	-30793.4440	NaN	NaN
-0.7385	-674.8634	-0.7386	-1192.7099	-0.7385	-2515.6510	-0.7389	-4436.3837	-0.7401	-7950.4788	-0.7386	-17215.5097	-0.7415	-30802.5728	NaN	NaN
-0.7395	-677.6437	-0.7395	-1199.6505	-0.7395	-2528.0137	-0.7399	-4456.7726	-0.7410	-7978.9663	-0.7396	-17228.8998	-0.7426	-30836.2542	NaN	NaN
-0.7405	-684.4509	-0.7406	-1211.9009	-0.7405	-2550.4391	-0.7408	-4485.0891	-0.7421	-8014.3917	-0.7406	-17270.5740	-0.7435	-30860.1275	NaN	NaN
-0.7415	-687.0418	-0.7415	-1218.4723	-0.7416	-2542.6037	-0.7419	-4509.1773	-0.7431	-8031.8714	-0.7416	-17294.8806	-0.7446	-30861.6082	NaN	NaN
-0.7425	-690.4772	-0.7425	-1224.9288	-0.7426	-2561.5773	-0.7429	-4525.3233	-0.7441	-8068.6096	-0.7426	-17322.9178	-0.7455	-30876.7725	NaN	NaN
-0.7435	-694.5106	-0.7435	-1233.5470	-0.7436	-2582.9489	-0.7439	-4556.2753	-0.7451	-8081.1241	-0.7436	-17352.6272	-0.7466	-30886.0856	NaN	NaN
-0.7445	-695.1654	-0.7446	-1236.8614	-0.7446	-2592.0933	-0.7448	-4564.6983	-0.7461	-8102.9593	-0.7446	-17368.1741	-0.7476	-30916.8223	NaN	NaN
-0.7455	-696.6823	-0.7455	-1241.1143	-0.7456	-2600.4725	-0.7459	-4580.2904	-0.7471	-8142.6427	-0.7456	-17383.3773	-0.7485	-30906.7594	NaN	NaN
-0.7465	-700.9069	-0.7466	-1249.9964	-0.7466	-2619.3407	-0.7469	-4610.7195	-0.7481	-8152.3650	-0.7466	-17413.3789	-0.7495	-30927.9178	NaN	NaN
-0.7475	-703.0629	-0.7475	-1255.6173	-0.7476	-2630.7202	-0.7479	-4624.8689	-0.7491	-8171.1057	-0.7476	-17436.5594	-0.7506	-30978.2443	NaN	NaN
-0.7485	-702.4432	-0.7485	-1256.4470	-0.7486	-2636.3970	-0.7489	-4635.6089	-0.7501	-8212.2246	-0.7486	-17442.7656	-0.7516	-30957.3436	NaN	NaN
-0.7495	-706.6397	-0.7495	-1265.0216	-0.7496	-2653.3575	-0.7499	-4664.5493	-0.7511	-8232.4712	-0.7496	-17476.9133	-0.7526	-30981.0161	NaN	NaN
-0.7505	-709.4182	-0.7506	-1272.0247	-0.7506	-2668.1028	-0.7509	-4682.6537	-0.7521	-8250.8789	-0.7506	-17510.5702	-0.7535	-31025.5781	NaN	NaN
-0.7515	-709.1647	-0.7515	-1274.1456	-0.7516	-2676.4738	-0.7519	-4697.9441	-0.7531	-8286.1148	-0.7516	-17518.6419	-0.7546	-31055.2768	NaN	NaN
-0.7525	-711.0890	-0.7526	-1278.8405	-0.7526	-2689.6943	-0.7529	-4721.1390	-0.7540	-8308.2545	-0.7526	-17544.0570	-0.7555	-31064.3603	NaN	NaN
-0.7535	-715.8567	-0.7536	-1289.1355	-0.7536	-2706.6559	-0.7538	-4740.6298	-0.7551	-8345.5170	-0.7536	-17591.7143	-0.7566	-31095.3505	NaN	NaN
-0.7545	-717.2583	-0.7546	-1293.2036	-0.7546	-2719.2433	-0.7549	-4765.0630	-0.7561	-8369.7370	-0.7546	-17618.2759	-0.7576	-31106.3772	NaN	NaN
-0.7556	-717.4695	-0.7556	-1296.3302	-0.7556	-2728.3488	-0.7558	-4779.4737	-0.7571	-8395.7574	-0.7556	-17639.9740	-0.7586	-31102.3955	NaN	NaN
-0.7566	-720.8300	-0.7566	-1304.2276	-0.7566	-2746.6452	-0.7569	-4804.1642	-0.7581	-8410.2619	-0.7566	-17677.4253	-0.7596	-31142.0401	NaN	NaN
-0.7575	-719.4340	-0.7575	-1303.9421	-0.7576	-2750.9794	-0.7578	-4815.8973	-0.7591	-8436.6670	-0.7576	-17696.3760	-0.7606	-31159.6915	NaN	NaN
-0.7585	-719.5036	-0.7586	-1306.0768	-0.7586	-2758.2938	-0.7589	-4829.9894	-0.7601	-8472.3731	-0.7586	-17710.2260	-0.7615	-31146.2814	NaN	NaN
-0.7595	-722.7554	-0.7595	-1314.2517	-0.7596	-2774.7420	-0.7599	-4858.9960	-0.7610	-8481.7798	-0.7596	-17754.1726	-0.7625	-31192.8400	NaN	NaN
-0.7605	-721.8346	-0.7605	-1315.2186	-0.7606	-2781.2991	-0.7609	-4864.3145	-0.7621	-8504.8870	-0.7606	-17773.1874	-0.7635	-31214.9031	NaN	NaN
-0.7615	-720.2442	-0.7616	-1314.5497	-0.7616	-2786.2715	-0.7618	-4879.3912	-0.7630	-8543.0089	-0.7616	-17780.6523	-0.7645	-31215.1219	NaN	NaN
-0.7625	-723.5144	-0.7625	-1322.1979	-0.7626	-2802.4278	-0.7628	-4905.8764	-0.7641	-8557.7215	-0.7626	-17825.1825	-0.7656	-31240.9203	NaN	NaN
-0.7635	-723.4026	-0.7635	-1323.6400	-0.7636	-2809.0362	-0.7638	-4917.1184	-0.7650	-8575.5746	-0.7636	-17851.8164	-0.7665	-31265.5185	NaN	NaN
-0.7645	-721.9059	-0.7645	-1323.9314	-0.7645	-2814.4207	-0.7648	-4928.6487	-0.7661	-8611.9886	-0.7645	-17863.0653	-0.7675	-31298.7805	NaN	NaN
-0.7655	-723.3631	-0.7655	-1328.5304	-0.7656	-2826.8107	-0.7658	-4950.7751	-0.7670	-8632.0999	-0.7656	-17897.4578	-0.7686	-31306.1824	NaN	NaN
-0.7665	-723.4541	-0.7665	-1332.0258	-0.7666	-2836.0333	-0.7668	-4964.2957	-0.7681	-8660.6234	-0.7666	-17934.1546	-0.7696	-31350.8128	NaN	NaN
-0.7675	-724.6991	-0.7675	-1336.6818	-0.7676	-2847.7535	-0.7679	-4987.1784	-0.7691	-8684.5993	-0.7676	-17968.7977	-0.7706	-31347.3211	NaN	NaN
-0.7685	-722.5895	-0.7685	-1335.4994	-0.7686	-2851.3516	-0.7688	-4999.9926	-0.7700	-8704.6632	-0.7686	-17985.8508	-0.7715	-31341.2989	NaN	NaN
-0.7696	-724.8861	-0.7696	-1340.4281	-0.7696	-2862.5502	-0.7699	-5014.0891	-0.7711	-8715.6077	-0.7696	-18030.8499	-0.7725	-31406.5441	NaN	NaN
-0.7705	-720.9702	-0.7705	-1337.1761	-0.7706	-2862.5825	-0.7709	-5019.3844	-0.7720	-8746.6527	-0.7706	-18035.9006	-0.7736	-31399.0574	NaN	NaN
-0.7715	-719.6759	-0.7715	-1337.1528	-0.7716	-2867.6304	-0.7719	-5034.4295	-0.7730	-8766.6777	-0.7716	-18054.7287	-0.7746	-31405.4664	NaN	NaN
-0.7726	-721.8249	-0.7725	-1343.3113	-0.7726	-2882.5247	-0.7729	-5051.8561	-0.7741	-8772.9884	-0.7726	-18098.2743	-0.7756	-31446.8648	NaN	NaN
-0.7736	-718.4700	-0.7735	-1339.8759	-0.7736	-2880.1939	-0.7738	-5055.4917	-0.7750	-8795.5321	-0.7736	-18114.2429	-0.7766	-31448.6754	NaN	NaN
-0.7745	-716.1466	-0.7745	-1338.0543	-0.7746	-2883.0647	-0.7748	-5065.1527	-0.7760	-8822.2346	-0.7746	-18125.8420	-0.7775	-31470.8433	NaN	NaN
-0.7755	-717.9958	-0.7755	-1342.7417	-0.7756	-2895.8801	-0.7759	-5087.7783	-0.7770	-8834.2152	-0.7756	-18164.8741	-0.7786	-31488.6659	NaN	NaN
-0.7765	-714.9573	-0.7765	-1340.7828	-0.7766	-2896.5673	-0.7769	-5091.0298	-0.7781	-8847.0962	-0.7766	-18183.5564	-0.7795	-31511.1314	NaN	NaN
-0.7775	-712.9391	-0.7775	-1338.9713	-0.7776	-2897.5186	-0.7779	-5098.3456	-0.7790	-8879.2666	-0.7776	-18199.4158	-0.7805	-31555.3907	NaN	NaN
-0.7785	-713.2376	-0.7786	-1341.5233	-0.7786	-2907.6572	-0.7788	-5117.4382	-0.7800	-8894.8070	-0.7785	-18236.8840	-0.7816	-31556.3552	NaN	NaN
-0.7795	-711.0627	-0.7795	-1340.4651	-0.7796	-2909.3048	-0.7799	-5123.5446	-0.7811	-8913.4191	-0.7796	-18257.8328	-0.7826	-31592.8245	NaN	NaN
-0.7805	-711.2194	-0.7806	-1342.0678	-0.7806	-2917.7437	-0.7809	-5136.1589	-0.7821	-8936.1797	-0.7806	-18293.8992	-0.7835	-31579.1691	NaN	NaN
-0.7815	-708.8421	-0.7815	-1340.9599	-0.7816	-2918.6053	-0.7819	-5148.8720	-0.7831	-8944.5320	-0.7816	-18308.8690	-0.7845	-31589.2294	NaN	NaN
-0.7825	-707.0723	-0.7826	-1340.3149	-0.7826	-2921.6057	-0.7829	-5152.3877	-0.7841	-8951.4367	-0.7826	-18340.8520	-0.7856	-31640.0860	NaN	NaN
-0.7835	-702.7202	-0.7835	-1335.1877	-0.7836	-2917.7954	-0.7839	-5154.1055	-0.7851	-8971.2119	-0.7836	-18346.3008	-0.7865	-31625.8252	NaN	NaN
-0.7845	-700.4775	-0.7845	-1332.9044	-0.7846	-2920.2104	-0.7848	-5165.1555	-0.7861	-8983.6583	-0.7846	-18361.8796	-0.7876	-31638.4325	NaN	NaN
-0.7855	-701.1123	-0.7855	-1335.9232	-0.7856	-2925.6608	-0.7859	-5172.9638	-0.7871	-8984.8292	-0.7856	-18404.0414	-0.7886	-31668.3745	NaN	NaN
-0.7865	-695.8151	-0.7866	-1329.5567	-0.7866	-2920.6290	-0.7869	-5171.3773	-0.7881	-9005.4749	-0.7866	-18398.9522	-0.7896	-31664.4666	NaN	NaN
-0.7875	-693.1326	-0.7875	-1326.8784	-0.7876	-2919.8763	-0.7878	-5177.0820	-0.7891	-9018.9586	-0.7876	-18412.8431	-0.7906	-31679.2126	NaN	NaN
-0.7886	-694.0797	-0.7886	-1329.1295	-0.7886	-2928.6210	-0.7889	-5188.9300	-0.7901	-9022.6679	-0.7885	-18457.7640	-0.7916	-31703.6778	NaN	NaN
-0.7895	-689.4808	-0.7895	-1323.4157	-0.7896	-2922.8777	-0.7899	-5187.5044	-0.7910	-9031.5687	-0.7896	-18461.4816	-0.7925	-31723.0539	NaN	NaN
-0.7905	-685.7671	-0.7906	-1319.9295	-0.7906	-2919.7878	-0.7909	-5189.8023	-0.7921	-9052.9768	-0.7906	-18468.5724	-0.7936	-31754.8808	NaN	NaN
-0.7916	-686.1579	-0.7916	-1321.4340	-0.7916	-2926.9885	-0.7919	-5203.7673	-0.7931	-9067.2523	-0.7916	-18506.0250	-0.7946	-31766.4793	NaN	NaN
-0.7925	-681.9870	-0.7925	-1316.6883	-0.7926	-2923.4803	-0.7929	-5205.6466	-0.7941	-9068.9402	-0.7926	-18515.5224	-0.7956	-31783.5425	NaN	NaN
-0.7935	-682.4353	-0.7935	-1317.7613	-0.7936	-2926.5044	-0.7939	-5208.1272	-0.7951	-9090.9577	-0.7936	-18552.0672	-0.7966	-31757.6247	NaN	NaN
-0.7945	-678.9570	-0.7945	-1313.9204	-0.7946	-2926.1779	-0.7949	-5216.0641	-0.7961	-9084.7699	-0.7946	-18565.6556	-0.7976	-31782.9670	NaN	NaN
-0.7956	-675.1888	-0.7956	-1309.0979	-0.7956	-2920.4092	-0.7959	-5211.0558	-0.7971	-9088.0694	-0.7956	-18576.3740	-0.7985	-31799.5718	NaN	NaN
-0.7965	-670.4377	-0.7965	-1302.8585	-0.7967	-2914.1546	-0.7968	-5207.2696	-0.7981	-9105.4920	-0.7966	-18576.0724	-0.7995	-31800.8419	NaN	NaN
-0.7975	-668.8964	-0.7975	-1300.3397	-0.7976	-2914.6384	-0.7979	-5213.6268	-0.7991	-9101.3463	-0.7976	-18594.2960	-0.8006	-31836.4698	NaN	NaN
-0.7985	-666.3307	-0.7986	-1297.7159	-0.7986	-2911.5052	-0.7989	-5211.8912	-0.8001	-9102.3412	-0.7986	-18615.1981	-0.8015	-31849.0337	NaN	NaN
-0.7995	-661.2262	-0.7995	-1290.2454	-0.7996	-2902.6331	-0.7998	-5203.4586	-0.8011	-9115.0399	-0.7996	-18610.5219	-0.8025	-31841.6572	NaN	NaN
-0.8005	-657.5982	-0.8005	-1286.1034	-0.8006	-2900.3541	-0.8008	-5209.4254	-0.8020	-9115.0341	-0.8005	-18626.9734	-0.8035	-31832.7468	NaN	NaN
-0.8015	-658.1572	-0.8015	-1286.9181	-0.8016	-2900.2444	-0.8019	-5208.7356	-0.8031	-9112.1016	-0.8015	-18658.6565	-0.8045	-31856.9390	NaN	NaN
-0.8025	-652.4502	-0.8025	-1278.9867	-0.8026	-2892.3958	-0.8028	-5200.5586	-0.8040	-9118.4934	-0.8026	-18649.4539	-0.8055	-31871.7299	NaN	NaN
-0.8035	-649.2187	-0.8035	-1273.4338	-0.8036	-2885.9878	-0.8038	-5198.8824	-0.8051	-9122.8620	-0.8036	-18654.1158	-0.8065	-31868.6406	NaN	NaN
-0.8045	-648.7401	-0.8045	-1273.6714	-0.8046	-2890.1242	-0.8049	-5203.2247	-0.8060	-9131.0592	-0.8046	-18680.3559	-0.8076	-31898.9562	NaN	NaN
-0.8055	-644.9223	-0.8055	-1268.6133	-0.8056	-2883.1217	-0.8059	-5202.4731	-0.8070	-9126.1955	-0.8056	-18686.2514	-0.8086	-31878.2426	NaN	NaN
-0.8065	-642.1912	-0.8065	-1263.9242	-0.8066	-2877.0992	-0.8068	-5194.8201	-0.8081	-9134.0356	-0.8066	-18691.5517	-0.8096	-31869.6185	NaN	NaN
-0.8075	-640.1599	-0.8075	-1261.5389	-0.8075	-2875.3254	-0.8079	-5198.9491	-0.8091	-9121.6094	-0.8076	-18710.7647	-0.8106	-31884.9847	NaN	NaN
-0.8085	-635.1342	-0.8086	-1254.2942	-0.8086	-2865.1674	-0.8089	-5185.4736	-0.8100	-9114.4957	-0.8086	-18708.6381	-0.8116	-31881.5212	NaN	NaN
-0.8095	-630.9982	-0.8095	-1247.1213	-0.8096	-2855.8788	-0.8099	-5177.8050	-0.8111	-9126.5374	-0.8096	-18705.8942	-0.8125	-31869.7307	NaN	NaN
-0.8105	-629.4992	-0.8105	-1244.6546	-0.8106	-2854.7282	-0.8109	-5180.1632	-0.8121	-9112.5657	-0.8106	-18713.5679	-0.8135	-31873.3546	NaN	NaN
-0.8115	-625.6086	-0.8115	-1239.1532	-0.8116	-2845.6020	-0.8118	-5168.8187	-0.8131	-9102.8576	-0.8116	-18719.5993	-0.8146	-31873.7691	NaN	NaN
-0.8125	-619.9613	-0.8125	-1230.3707	-0.8126	-2833.4601	-0.8129	-5155.2990	-0.8141	-9113.1725	-0.8126	-18701.8807	-0.8156	-31867.3180	NaN	NaN
-0.8135	-618.6263	-0.8135	-1227.9349	-0.8136	-2831.7153	-0.8139	-5158.3177	-0.8151	-9101.7409	-0.8136	-18714.0080	-0.8166	-31850.1992	NaN	NaN
-0.8145	-615.8554	-0.8145	-1223.7316	-0.8146	-2824.5812	-0.8148	-5149.4842	-0.8161	-9089.9177	-0.8146	-18719.5657	-0.8175	-31896.5261	NaN	NaN
-0.8155	-611.3891	-0.8156	-1215.8167	-0.8156	-2814.1266	-0.8159	-5136.1703	-0.8171	-9092.2544	-0.8155	-18710.7086	-0.8185	-31884.5097	NaN	NaN
-0.8165	-607.7672	-0.8165	-1210.6077	-0.8166	-2807.0155	-0.8169	-5133.0479	-0.8180	-9085.7229	-0.8165	-18704.9535	-0.8196	-31907.6656	NaN	NaN
-0.8175	-606.9530	-0.8175	-1209.3445	-0.8176	-2802.9389	-0.8179	-5126.1966	-0.8191	-9109.6196	-0.8176	-18722.7910	-0.8206	-31906.6463	NaN	NaN
-0.8185	-607.0252	-0.8185	-1208.4336	-0.8186	-2806.0641	-0.8189	-5136.4242	-0.8202	-9089.2486	-0.8186	-18738.9390	-0.8216	-31873.5267	NaN	NaN
-0.8196	-601.9282	-0.8196	-1201.3542	-0.8196	-2792.0446	-0.8199	-5117.5117	-0.8211	-9077.7584	-0.8196	-18737.4476	-0.8226	-31867.7214	NaN	NaN
-0.8205	-599.5499	-0.8206	-1197.0381	-0.8206	-2788.5129	-0.8209	-5110.5595	-0.8221	-9057.4023	-0.8206	-18739.2990	-0.8236	-31861.6958	NaN	NaN
-0.8215	-593.4095	-0.8216	-1187.6633	-0.8216	-2772.1397	-0.8219	-5093.0986	-0.8231	-9049.3126	-0.8216	-18715.7832	-0.8246	-31845.2664	NaN	NaN
-0.8225	-589.2668	-0.8225	-1179.7610	-0.8226	-2760.6208	-0.8229	-5079.6904	-0.8241	-9046.5137	-0.8226	-18702.1680	-0.8256	-31816.1014	NaN	NaN
-0.8235	-587.9239	-0.8235	-1177.4168	-0.8236	-2757.4888	-0.8239	-5078.2300	-0.8251	-9023.3432	-0.8236	-18709.0917	-0.8265	-31810.9410	NaN	NaN
-0.8245	-583.0380	-0.8245	-1169.3920	-0.8246	-2744.2194	-0.8249	-5058.7941	-0.8261	-9010.7847	-0.8246	-18695.9829	-0.8276	-31817.2234	NaN	NaN
-0.8255	-578.3366	-0.8255	-1161.5948	-0.8256	-2730.6892	-0.8259	-5044.6404	-0.8271	-9011.2521	-0.8256	-18669.6008	-0.8286	-31784.6923	NaN	NaN
-0.8265	-577.2930	-0.8265	-1158.6160	-0.8266	-2726.9938	-0.8269	-5041.6758	-0.8281	-8991.6948	-0.8266	-18673.7577	-0.8296	-31781.7594	NaN	NaN
-0.8275	-573.6144	-0.8275	-1152.3387	-0.8277	-2715.5890	-0.8279	-5025.9581	-0.8291	-8976.1999	-0.8276	-18666.2790	-0.8306	-31782.4922	NaN	NaN
-0.8285	-568.8630	-0.8285	-1144.6627	-0.8286	-2703.4976	-0.8289	-5010.5945	-0.8301	-8974.3717	-0.8286	-18647.3402	-0.8316	-31765.6158	NaN	NaN
-0.8295	-567.0873	-0.8296	-1140.8091	-0.8296	-2696.0621	-0.8299	-5004.3600	-0.8311	-8955.8134	-0.8296	-18641.1809	-0.8326	-31757.1786	NaN	NaN
-0.8305	-564.2779	-0.8306	-1136.0385	-0.8306	-2686.6767	-0.8309	-4989.6048	-0.8321	-8946.9011	-0.8306	-18635.1699	-0.8336	-31757.0370	NaN	NaN
-0.8315	-562.2063	-0.8316	-1131.5953	-0.8316	-2680.1485	-0.8319	-4984.7915	-0.8331	-8935.8167	-0.8316	-18629.4066	-0.8346	-31705.7948	NaN	NaN
-0.8325	-557.7588	-0.8325	-1123.7085	-0.8326	-2667.7901	-0.8329	-4969.1689	-0.8341	-8917.2885	-0.8326	-18607.1998	-0.8356	-31693.3849	NaN	NaN
-0.8335	-556.4857	-0.8335	-1121.5660	-0.8336	-2660.1143	-0.8339	-4956.0217	-0.8351	-8894.2709	-0.8336	-18613.1398	-0.8366	-31692.5549	NaN	NaN
-0.8346	-550.8974	-0.8346	-1112.3231	-0.8346	-2645.2621	-0.8349	-4937.7936	-0.8361	-8885.2323	-0.8346	-18581.5331	-0.8375	-31657.9682	NaN	NaN
-0.8355	-547.6473	-0.8356	-1105.4144	-0.8356	-2634.1205	-0.8359	-4924.0640	-0.8371	-8869.9885	-0.8356	-18559.7759	-0.8386	-31622.0734	NaN	NaN
-0.8366	-547.2240	-0.8365	-1103.7526	-0.8366	-2629.8185	-0.8369	-4915.7273	-0.8381	-8843.5974	-0.8366	-18562.0411	-0.8395	-31632.2368	NaN	NaN
-0.8375	-541.8850	-0.8375	-1094.5505	-0.8376	-2613.1691	-0.8379	-4893.6470	-0.8391	-8827.7609	-0.8376	-18535.3278	-0.8406	-31606.9248	NaN	NaN
-0.8385	-537.9734	-0.8385	-1087.4217	-0.8386	-2600.5826	-0.8389	-4876.7618	-0.8401	-8820.4727	-0.8386	-18505.0178	-0.8416	-31562.2067	NaN	NaN
-0.8395	-537.3015	-0.8395	-1085.1310	-0.8396	-2596.4359	-0.8398	-4873.4917	-0.8411	-8794.2134	-0.8396	-18502.1831	-0.8425	-31559.3885	NaN	NaN
-0.8405	-532.9549	-0.8405	-1077.9675	-0.8406	-2582.0591	-0.8409	-4852.2199	-0.8421	-8774.2571	-0.8406	-18478.8423	-0.8436	-31537.4513	NaN	NaN
-0.8415	-529.3881	-0.8415	-1071.2556	-0.8416	-2569.0131	-0.8419	-4834.0555	-0.8431	-8769.4783	-0.8416	-18451.3723	-0.8445	-31522.9631	NaN	NaN
-0.8425	-528.0602	-0.8425	-1067.9878	-0.8426	-2563.5228	-0.8429	-4827.7671	-0.8441	-8749.3598	-0.8426	-18443.6994	-0.8455	-31509.0907	NaN	NaN
-0.8435	-524.7980	-0.8435	-1061.7240	-0.8436	-2550.3178	-0.8439	-4810.5822	-0.8451	-8732.3037	-0.8436	-18420.7067	-0.8466	-31475.1830	NaN	NaN
-0.8445	-524.1615	-0.8445	-1059.2645	-0.8446	-2546.3696	-0.8449	-4799.1789	-0.8461	-8716.9568	-0.8446	-18420.7614	-0.8476	-31441.4884	NaN	NaN
-0.8455	-520.1407	-0.8455	-1052.9749	-0.8456	-2533.3279	-0.8459	-4785.5260	-0.8471	-8689.7106	-0.8456	-18389.7649	-0.8485	-31399.2001	NaN	NaN
-0.8465	-516.9436	-0.8465	-1046.8066	-0.8466	-2520.3796	-0.8469	-4766.3081	-0.8481	-8665.3732	-0.8466	-18371.6160	-0.8496	-31395.2888	NaN	NaN
-0.8475	-512.5688	-0.8475	-1039.0741	-0.8476	-2506.1623	-0.8479	-4745.7070	-0.8491	-8651.5359	-0.8476	-18338.0751	-0.8506	-31358.0344	NaN	NaN
-0.8485	-509.5025	-0.8485	-1032.8229	-0.8486	-2495.3314	-0.8489	-4732.9087	-0.8501	-8627.3883	-0.8486	-18310.5381	-0.8516	-31307.4888	NaN	NaN
-0.8495	-509.0222	-0.8496	-1031.0413	-0.8496	-2487.7836	-0.8499	-4718.1505	-0.8511	-8598.0325	-0.8496	-18305.0004	-0.8526	-31316.7178	NaN	NaN
-0.8505	-503.7481	-0.8505	-1021.7103	-0.8506	-2471.6088	-0.8509	-4694.7299	-0.8521	-8583.7094	-0.8506	-18258.8638	-0.8535	-31261.4336	NaN	NaN
-0.8515	-500.8764	-0.8515	-1015.6960	-0.8516	-2459.2505	-0.8519	-4679.4150	-0.8531	-8562.0594	-0.8516	-18233.0675	-0.8545	-31226.8930	NaN	NaN
-0.8525	-500.5768	-0.8525	-1014.4563	-0.8526	-2455.8271	-0.8529	-4667.5629	-0.8541	-8535.6624	-0.8526	-18224.6678	-0.8555	-31214.0557	NaN	NaN
-0.8536	-496.2646	-0.8535	-1006.4815	-0.8536	-2438.7515	-0.8539	-4648.0620	-0.8550	-8513.6699	-0.8536	-18188.6722	-0.8566	-31167.6388	NaN	NaN
-0.8545	-493.0693	-0.8545	-1000.1429	-0.8546	-2426.4766	-0.8549	-4629.4424	-0.8561	-8502.7160	-0.8546	-18156.7685	-0.8576	-31153.5707	NaN	NaN
-0.8555	-492.3652	-0.8555	-998.1006	-0.8556	-2421.0988	-0.8559	-4622.5087	-0.8571	-8481.8843	-0.8556	-18142.8742	-0.8586	-31110.2139	NaN	NaN
-0.8565	-488.4362	-0.8565	-991.1275	-0.8566	-2407.4570	-0.8569	-4604.0503	-0.8581	-8454.0130	-0.8566	-18109.1635	-0.8596	-31093.1980	NaN	NaN
-0.8575	-487.7477	-0.8576	-988.2014	-0.8576	-2398.6134	-0.8579	-4586.0003	-0.8591	-8441.9133	-0.8576	-18093.9533	-0.8606	-31046.2345	NaN	NaN
-0.8586	-485.3734	-0.8585	-983.3331	-0.8586	-2388.9586	-0.8589	-4572.5055	-0.8601	-8408.6226	-0.8586	-18063.9032	-0.8616	-31011.2052	NaN	NaN
-0.8595	-481.8159	-0.8595	-976.8560	-0.8596	-2375.2174	-0.8599	-4550.9254	-0.8611	-8379.7172	-0.8596	-18033.6930	-0.8626	-30988.4923	NaN	NaN
-0.8605	-478.1105	-0.8605	-969.7169	-0.8606	-2360.2298	-0.8609	-4530.3718	-0.8621	-8366.0329	-0.8606	-17995.7890	-0.8636	-30924.3814	NaN	NaN
-0.8615	-476.7047	-0.8615	-966.1169	-0.8617	-2352.4554	-0.8618	-4518.3336	-0.8631	-8336.3681	-0.8616	-17965.8511	-0.8645	-30881.6170	NaN	NaN
-0.8625	-474.5446	-0.8626	-961.2968	-0.8626	-2341.4643	-0.8629	-4497.6183	-0.8641	-8305.3198	-0.8626	-17945.7559	-0.8656	-30876.1134	NaN	NaN
-0.8635	-470.2290	-0.8636	-953.6180	-0.8636	-2326.2686	-0.8638	-4475.3782	-0.8651	-8291.0233	-0.8636	-17900.9542	-0.8665	-30813.5541	NaN	NaN
-0.8645	-468.4694	-0.8645	-948.3996	-0.8646	-2316.5674	-0.8648	-4461.9076	-0.8661	-8263.2170	-0.8646	-17864.7120	-0.8676	-30768.8967	NaN	NaN
-0.8656	-468.1627	-0.8655	-947.1299	-0.8656	-2308.5931	-0.8659	-4445.4594	-0.8671	-8232.8700	-0.8656	-17854.7072	-0.8686	-30747.3446	NaN	NaN
-0.8665	-464.0545	-0.8665	-939.6685	-0.8666	-2294.0743	-0.8669	-4423.6349	-0.8681	-8214.1199	-0.8666	-17807.4237	-0.8696	-30709.1970	NaN	NaN
-0.8675	-461.4896	-0.8675	-934.6865	-0.8676	-2282.3904	-0.8679	-4407.0782	-0.8691	-8190.7379	-0.8676	-17769.8571	-0.8706	-30674.4671	NaN	NaN
-0.8685	-461.6608	-0.8685	-933.3945	-0.8686	-2277.2514	-0.8689	-4394.1669	-0.8701	-8171.4986	-0.8686	-17754.5683	-0.8716	-30639.0357	NaN	NaN
-0.8696	-458.7761	-0.8695	-927.6070	-0.8696	-2265.6876	-0.8699	-4379.4445	-0.8711	-8142.3937	-0.8696	-17721.9349	-0.8726	-30599.3464	NaN	NaN
-0.8705	-456.5646	-0.8705	-922.5688	-0.8706	-2253.9830	-0.8709	-4359.8086	-0.8721	-8123.1442	-0.8706	-17700.1638	-0.8736	-30543.2575	NaN	NaN
-0.8715	-455.5872	-0.8715	-919.8499	-0.8716	-2246.4750	-0.8719	-4348.1804	-0.8731	-8088.9507	-0.8716	-17665.4239	-0.8745	-30500.0784	NaN	NaN
-0.8726	-452.0058	-0.8726	-913.1170	-0.8727	-2231.6015	-0.8729	-4321.5988	-0.8741	-8061.6664	-0.8726	-17622.5192	-0.8756	-30465.8671	NaN	NaN
-0.8735	-449.1210	-0.8735	-907.1816	-0.8736	-2219.2955	-0.8739	-4303.2720	-0.8751	-8048.1716	-0.8736	-17577.2572	-0.8766	-30399.8892	NaN	NaN
-0.8746	-448.6069	-0.8745	-904.7244	-0.8746	-2212.0716	-0.8749	-4291.9236	-0.8761	-8009.8901	-0.8746	-17551.5083	-0.8776	-30366.4951	NaN	NaN
-0.8755	-445.7279	-0.8755	-899.4552	-0.8756	-2199.2309	-0.8759	-4268.0308	-0.8771	-7982.6705	-0.8756	-17516.0266	-0.8785	-30324.4936	NaN	NaN
-0.8765	-442.3102	-0.8765	-892.3525	-0.8766	-2185.2478	-0.8769	-4247.0778	-0.8781	-7967.8514	-0.8766	-17465.0461	-0.8796	-30271.1213	NaN	NaN
-0.8775	-441.8496	-0.8775	-890.2649	-0.8776	-2178.1768	-0.8778	-4236.0008	-0.8790	-7936.7314	-0.8775	-17437.1134	-0.8806	-30225.3671	NaN	NaN
-0.8785	-439.9631	-0.8785	-886.5782	-0.8786	-2167.4742	-0.8789	-4217.0948	-0.8800	-7906.6361	-0.8786	-17405.0925	-0.8816	-30197.8114	NaN	NaN
-0.8795	-437.2110	-0.8795	-880.5214	-0.8796	-2154.2512	-0.8798	-4195.9878	-0.8810	-7888.5176	-0.8796	-17363.1282	-0.8825	-30154.2145	NaN	NaN
-0.8805	-434.9202	-0.8805	-875.5375	-0.8806	-2144.3909	-0.8808	-4182.1486	-0.8821	-7859.7905	-0.8806	-17319.8389	-0.8836	-30105.4434	NaN	NaN
-0.8815	-435.4116	-0.8815	-874.7088	-0.8816	-2137.0471	-0.8819	-4164.9096	-0.8830	-7840.8391	-0.8816	-17300.7134	-0.8846	-30070.1990	NaN	NaN
-0.8825	-433.4813	-0.8825	-870.3618	-0.8826	-2128.5063	-0.8829	-4151.8415	-0.8841	-7816.5809	-0.8826	-17263.9415	-0.8855	-30015.2547	NaN	NaN
-0.8835	-430.7946	-0.8835	-865.5083	-0.8836	-2115.8755	-0.8839	-4131.8985	-0.8850	-7788.2510	-0.8836	-17222.4107	-0.8865	-29947.6968	NaN	NaN
-0.8845	-430.9243	-0.8845	-863.4820	-0.8847	-2110.7514	-0.8849	-4117.2508	-0.8861	-7755.5085	-0.8846	-17197.4892	-0.8876	-29921.1329	NaN	NaN
-0.8855	-426.9499	-0.8855	-856.7990	-0.8856	-2094.8350	-0.8859	-4094.0696	-0.8871	-7730.4505	-0.8856	-17146.5001	-0.8886	-29861.6093	NaN	NaN
-0.8865	-424.8829	-0.8865	-851.5820	-0.8866	-2083.8841	-0.8869	-4075.4407	-0.8881	-7709.0568	-0.8865	-17100.6485	-0.8896	-29804.1821	NaN	NaN
-0.8875	-424.9228	-0.8875	-850.3577	-0.8876	-2078.3106	-0.8879	-4066.2766	-0.8891	-7674.0975	-0.8876	-17074.8536	-0.8906	-29764.8096	NaN	NaN
-0.8885	-422.1633	-0.8885	-844.8377	-0.8887	-2064.9356	-0.8889	-4041.1768	-0.8901	-7645.9530	-0.8886	-17034.0950	-0.8916	-29709.3997	NaN	NaN
-0.8895	-419.5824	-0.8895	-838.8680	-0.8896	-2052.0089	-0.8899	-4021.8082	-0.8910	-7631.7256	-0.8896	-16981.9405	-0.8926	-29665.1819	NaN	NaN
-0.8905	-419.3571	-0.8905	-837.5984	-0.8906	-2046.5250	-0.8908	-4011.3432	-0.8920	-7598.4714	-0.8906	-16953.4706	-0.8936	-29605.8715	NaN	NaN
-0.8915	-417.4472	-0.8916	-833.2677	-0.8916	-2035.5063	-0.8918	-3991.0969	-0.8930	-7567.2703	-0.8916	-16912.4492	-0.8945	-29569.3310	NaN	NaN
-0.8925	-414.9435	-0.8925	-827.7761	-0.8926	-2023.5054	-0.8929	-3970.4617	-0.8941	-7550.8355	-0.8926	-16867.3834	-0.8956	-29532.5629	NaN	NaN
-0.8935	-414.5314	-0.8935	-826.0753	-0.8936	-2016.2987	-0.8939	-3959.6096	-0.8951	-7521.4854	-0.8936	-16832.4373	-0.8966	-29470.9824	NaN	NaN
-0.8945	-413.2481	-0.8945	-822.6670	-0.8946	-2006.6594	-0.8949	-3940.5938	-0.8960	-7501.9575	-0.8946	-16798.2291	-0.8976	-29443.4559	NaN	NaN
-0.8955	-413.1350	-0.8955	-820.6496	-0.8956	-2000.7155	-0.8959	-3931.1699	-0.8971	-7477.3887	-0.8956	-16764.3257	-0.8986	-29363.5780	NaN	NaN
-0.8965	-410.4377	-0.8965	-815.3359	-0.8966	-1989.3700	-0.8969	-3911.6431	-0.8981	-7447.2324	-0.8966	-16718.3925	-0.8996	-29310.7793	NaN	NaN
-0.8975	-410.4565	-0.8975	-813.8691	-0.8976	-1980.9527	-0.8979	-3894.9630	-0.8991	-7414.7336	-0.8976	-16691.2605	-0.9005	-29284.4052	NaN	NaN
-0.8985	-407.3137	-0.8985	-807.5221	-0.8986	-1968.6576	-0.8989	-3873.8123	-0.9001	-7393.4022	-0.8986	-16635.0096	-0.9016	-29211.3649	NaN	NaN
-0.8995	-405.4959	-0.8995	-803.5729	-0.8996	-1957.8697	-0.8998	-3856.1821	-0.9011	-7368.3953	-0.8996	-16594.6237	-0.9026	-29149.9152	NaN	NaN
-0.9006	-405.9516	-0.9005	-802.7724	-0.9007	-1953.6529	-0.9009	-3843.5718	-0.9021	-7333.9235	-0.9006	-16564.3183	-0.9036	-29107.2075	NaN	NaN
-0.9015	-403.0430	-0.9015	-796.8656	-0.9016	-1939.5077	-0.9019	-3820.8908	-0.9030	-7308.0776	-0.9016	-16513.9571	-0.9045	-29053.6048	NaN	NaN
-0.9025	-401.1974	-0.9025	-792.6944	-0.9026	-1928.8081	-0.9028	-3803.5687	-0.9041	-7289.8559	-0.9026	-16467.0144	-0.9055	-28982.9831	NaN	NaN
-0.9035	-401.7914	-0.9036	-792.0824	-0.9036	-1924.6084	-0.9039	-3795.2570	-0.9051	-7257.3188	-0.9036	-16439.3952	-0.9066	-28940.1751	NaN	NaN
-0.9046	-399.5936	-0.9045	-787.4221	-0.9046	-1913.2177	-0.9049	-3772.3041	-0.9060	-7230.0592	-0.9046	-16394.1700	-0.9076	-28896.4651	NaN	NaN
-0.9055	-397.6400	-0.9055	-782.9402	-0.9056	-1901.8448	-0.9059	-3754.0841	-0.9071	-7213.3956	-0.9056	-16344.6369	-0.9086	-28839.9737	NaN	NaN
-0.9066	-397.7406	-0.9065	-781.9766	-0.9066	-1897.1799	-0.9069	-3744.5470	-0.9081	-7186.6976	-0.9066	-16314.8452	-0.9096	-28792.6528	NaN	NaN
-0.9075	-396.1896	-0.9076	-778.1635	-0.9076	-1886.9371	-0.9079	-3726.7739	-0.9091	-7159.9448	-0.9076	-16271.3873	-0.9105	-28747.0282	NaN	NaN
-0.9085	-396.0227	-0.9085	-776.9459	-0.9086	-1881.7176	-0.9089	-3712.7927	-0.9101	-7139.7054	-0.9086	-16241.9014	-0.9116	-28671.7064	NaN	NaN
-0.9095	-394.3688	-0.9096	-773.4084	-0.9097	-1871.8744	-0.9099	-3699.1952	-0.9111	-7108.6101	-0.9096	-16197.5965	-0.9126	-28618.0601	NaN	NaN
-0.9106	-393.1591	-0.9105	-769.7047	-0.9106	-1862.4210	-0.9109	-3680.4390	-0.9121	-7081.9231	-0.9106	-16156.1510	-0.9136	-28578.9320	NaN	NaN
-0.9115	-390.8779	-0.9115	-765.4712	-0.9116	-1851.3525	-0.9119	-3661.5943	-0.9131	-7061.8095	-0.9116	-16108.8764	-0.9146	-28509.7338	NaN	NaN
-0.9125	-389.5856	-0.9126	-762.0982	-0.9126	-1843.6504	-0.9129	-3649.0986	-0.9141	-7031.7432	-0.9126	-16064.6464	-0.9156	-28441.1968	NaN	NaN
-0.9136	-390.3369	-0.9135	-761.7699	-0.9136	-1837.4734	-0.9139	-3634.0963	-0.9151	-7000.0415	-0.9136	-16035.6831	-0.9165	-28402.5007	NaN	NaN
-0.9145	-387.3939	-0.9145	-755.9322	-0.9146	-1825.5815	-0.9149	-3611.9762	-0.9161	-6981.1292	-0.9146	-15981.7070	-0.9175	-28341.0649	NaN	NaN
-0.9155	-386.3900	-0.9155	-752.7363	-0.9156	-1816.3316	-0.9159	-3598.9874	-0.9171	-6956.2495	-0.9156	-15933.4735	-0.9185	-28276.2062	NaN	NaN
-0.9165	-387.4822	-0.9165	-752.4814	-0.9166	-1813.5924	-0.9169	-3587.8964	-0.9181	-6926.3104	-0.9166	-15910.6674	-0.9195	-28241.3058	NaN	NaN
-0.9175	-385.1553	-0.9175	-748.1531	-0.9176	-1800.7448	-0.9178	-3567.6262	-0.9191	-6900.9734	-0.9175	-15857.8642	-0.9205	-28178.7782	NaN	NaN
-0.9185	-383.8653	-0.9185	-744.4706	-0.9186	-1792.6769	-0.9188	-3551.2463	-0.9200	-6882.7518	-0.9185	-15815.6645	-0.9215	-28145.5436	NaN	NaN
-0.9195	-384.4318	-0.9195	-744.5304	-0.9196	-1788.9826	-0.9199	-3543.4205	-0.9211	-6863.8802	-0.9196	-15784.2786	-0.9225	-28094.6436	NaN	NaN
-0.9205	-382.6282	-0.9205	-740.3458	-0.9206	-1779.6339	-0.9209	-3528.4994	-0.9220	-6835.1886	-0.9205	-15738.9319	-0.9236	-28033.6529	NaN	NaN
-0.9215	-383.7309	-0.9215	-740.7344	-0.9216	-1774.5324	-0.9219	-3514.0961	-0.9231	-6818.3608	-0.9216	-15715.2918	-0.9246	-27954.7946	NaN	NaN
-0.9226	-382.3051	-0.9225	-737.6260	-0.9226	-1767.2539	-0.9229	-3502.5369	-0.9241	-6784.9205	-0.9226	-15668.2843	-0.9256	-27910.0616	NaN	NaN
-0.9235	-380.7047	-0.9236	-733.8273	-0.9236	-1757.9258	-0.9238	-3482.8710	-0.9250	-6756.2068	-0.9236	-15626.3008	-0.9266	-27851.9458	NaN	NaN
-0.9245	-378.8661	-0.9245	-729.8368	-0.9246	-1747.1152	-0.9249	-3464.9005	-0.9261	-6740.0823	-0.9246	-15573.3945	-0.9275	-27800.0956	NaN	NaN
-0.9255	-379.2802	-0.9256	-728.7909	-0.9256	-1742.5093	-0.9259	-3454.9632	-0.9271	-6710.3605	-0.9256	-15537.9612	-0.9286	-27725.9237	NaN	NaN
-0.9265	-378.3446	-0.9265	-726.2624	-0.9267	-1734.3830	-0.9269	-3439.0044	-0.9281	-6679.9142	-0.9266	-15501.2275	-0.9296	-27693.9555	NaN	NaN
-0.9275	-376.6412	-0.9275	-722.1186	-0.9276	-1722.6152	-0.9279	-3420.2399	-0.9291	-6664.1112	-0.9276	-15448.9990	-0.9306	-27627.3298	NaN	NaN
-0.9286	-375.8926	-0.9285	-719.9015	-0.9286	-1715.8819	-0.9289	-3409.3176	-0.9301	-6636.0768	-0.9286	-15407.5402	-0.9315	-27558.6324	NaN	NaN
-0.9296	-377.1043	-0.9295	-720.2020	-0.9296	-1711.0648	-0.9299	-3395.7365	-0.9311	-6610.4618	-0.9296	-15381.5108	-0.9326	-27523.8054	NaN	NaN
-0.9306	-375.0409	-0.9305	-715.9437	-0.9306	-1700.9121	-0.9308	-3377.6763	-0.9321	-6590.2855	-0.9306	-15328.2223	-0.9336	-27465.8748	NaN	NaN
-0.9315	-374.0818	-0.9315	-713.2840	-0.9317	-1693.8390	-0.9319	-3364.4979	-0.9331	-6567.4928	-0.9316	-15283.4899	-0.9346	-27414.1450	NaN	NaN
-0.9325	-375.5416	-0.9325	-713.5848	-0.9326	-1691.7963	-0.9329	-3355.3086	-0.9341	-6547.0837	-0.9326	-15259.8725	-0.9356	-27370.8466	NaN	NaN
-0.9335	-374.5852	-0.9335	-710.9904	-0.9336	-1683.2864	-0.9339	-3341.8820	-0.9351	-6521.7788	-0.9336	-15215.4830	-0.9366	-27296.9338	NaN	NaN
-0.9345	-374.3473	-0.9346	-708.5991	-0.9346	-1675.3924	-0.9349	-3325.7025	-0.9361	-6502.5777	-0.9346	-15178.2442	-0.9376	-27235.8987	NaN	NaN
-0.9355	-374.7135	-0.9355	-706.6393	-0.9356	-1670.9989	-0.9359	-3318.1537	-0.9371	-6471.8903	-0.9356	-15142.7513	-0.9386	-27178.3710	NaN	NaN
-0.9366	-372.7836	-0.9366	-703.3009	-0.9366	-1661.5430	-0.9369	-3298.7818	-0.9381	-6446.5525	-0.9366	-15097.2979	-0.9395	-27136.6427	NaN	NaN
-0.9376	-371.8038	-0.9375	-700.7797	-0.9376	-1653.1199	-0.9379	-3283.1360	-0.9391	-6433.8635	-0.9376	-15049.3024	-0.9405	-27090.9863	NaN	NaN
-0.9385	-372.4693	-0.9385	-700.4717	-0.9386	-1650.0441	-0.9389	-3274.6046	-0.9400	-6403.8437	-0.9386	-15019.8353	-0.9416	-27022.5107	NaN	NaN
-0.9395	-371.3222	-0.9395	-699.3893	-0.9396	-1641.2766	-0.9399	-3258.5339	-0.9411	-6379.0411	-0.9396	-14975.0035	-0.9425	-26987.8554	NaN	NaN
-0.9405	-369.9281	-0.9405	-695.5233	-0.9406	-1632.6959	-0.9408	-3243.5427	-0.9421	-6365.2425	-0.9406	-14931.4740	-0.9436	-26915.2039	NaN	NaN
-0.9415	-370.6126	-0.9415	-695.0355	-0.9416	-1629.0556	-0.9418	-3234.9251	-0.9430	-6336.6454	-0.9416	-14896.1722	-0.9446	-26856.4136	NaN	NaN
-0.9425	-370.5256	-0.9425	-693.9129	-0.9426	-1622.4377	-0.9428	-3219.5928	-0.9440	-6309.6937	-0.9426	-14862.4512	-0.9455	-26813.6498	NaN	NaN
-0.9435	-370.1994	-0.9435	-690.1787	-0.9436	-1613.9893	-0.9439	-3205.2166	-0.9451	-6294.4680	-0.9436	-14815.0276	-0.9466	-26760.9958	NaN	NaN
-0.9445	-369.8064	-0.9445	-689.3842	-0.9446	-1608.2690	-0.9449	-3194.3555	-0.9460	-6270.6366	-0.9445	-14770.9240	-0.9476	-26708.2565	NaN	NaN
-0.9456	-370.6782	-0.9455	-689.6035	-0.9456	-1604.2355	-0.9459	-3191.7717	-0.9471	-6256.1252	-0.9456	-14745.7030	-0.9486	-26657.1549	NaN	NaN
-0.9465	-370.4959	-0.9466	-688.3990	-0.9467	-1602.3847	-0.9469	-3192.6884	-0.9481	-6231.8137	-0.9466	-14708.0073	-0.9496	-26590.5142	NaN	NaN
-0.9475	-369.5341	-0.9475	-685.6969	-0.9476	-1595.0968	-0.9479	-3171.3301	-0.9491	-6207.2893	-0.9476	-14665.7622	-0.9505	-26527.0239	NaN	NaN
-0.9485	-370.2914	-0.9485	-685.0021	-0.9486	-1591.9819	-0.9489	-3157.8304	-0.9501	-6184.2743	-0.9486	-14636.9560	-0.9516	-26485.8988	NaN	NaN
-0.9495	-368.6291	-0.9496	-681.1751	-0.9496	-1581.7965	-0.9499	-3139.9480	-0.9511	-6161.7858	-0.9496	-14586.5504	-0.9526	-26429.5663	NaN	NaN
-0.9506	-368.3093	-0.9505	-678.8234	-0.9506	-1574.1981	-0.9509	-3124.5791	-0.9521	-6144.9065	-0.9506	-14542.4480	-0.9536	-26352.4437	NaN	NaN
-0.9516	-370.2062	-0.9515	-679.3377	-0.9516	-1571.5848	-0.9519	-3117.4301	-0.9531	-6116.3676	-0.9516	-14516.4652	-0.9546	-26311.1470	NaN	NaN
-0.9525	-368.9033	-0.9525	-676.6642	-0.9526	-1562.6223	-0.9529	-3097.6789	-0.9541	-6094.3403	-0.9526	-14472.1508	-0.9555	-26260.1057	NaN	NaN
-0.9535	-367.8827	-0.9535	-674.0125	-0.9536	-1554.4284	-0.9539	-3083.9450	-0.9551	-6082.0673	-0.9536	-14424.6826	-0.9566	-26188.8068	NaN	NaN
-0.9545	-368.7780	-0.9545	-674.2462	-0.9546	-1552.5844	-0.9549	-3077.1341	-0.9560	-6055.7270	-0.9546	-14393.5251	-0.9576	-26140.6397	NaN	NaN
-0.9555	-368.2086	-0.9555	-672.1067	-0.9556	-1545.4413	-0.9558	-3061.2604	-0.9570	-6033.3310	-0.9556	-14356.2987	-0.9585	-26094.8263	NaN	NaN
-0.9565	-367.1723	-0.9565	-669.8842	-0.9566	-1538.5158	-0.9569	-3047.4773	-0.9580	-6021.1911	-0.9566	-14309.0620	-0.9596	-26050.6967	NaN	NaN
-0.9575	-368.2385	-0.9575	-670.3402	-0.9576	-1535.5170	-0.9579	-3039.6572	-0.9591	-5996.9100	-0.9576	-14280.7112	-0.9606	-25988.8867	NaN	NaN
-0.9585	-368.3034	-0.9585	-668.9069	-0.9586	-1529.4765	-0.9589	-3025.7269	-0.9601	-5978.3849	-0.9586	-14246.6053	-0.9615	-25940.4854	NaN	NaN
-0.9595	-368.8666	-0.9595	-668.3578	-0.9596	-1526.3250	-0.9598	-3018.2716	-0.9611	-5960.6721	-0.9595	-14214.3988	-0.9625	-25883.4362	NaN	NaN
-0.9605	-368.2604	-0.9605	-666.4311	-0.9606	-1519.2033	-0.9609	-3005.9405	-0.9621	-5937.5718	-0.9606	-14169.7145	-0.9636	-25811.8358	NaN	NaN
-0.9615	-370.3513	-0.9615	-666.5694	-0.9616	-1515.8686	-0.9619	-2993.8038	-0.9631	-5913.0444	-0.9616	-14143.1046	-0.9645	-25789.6557	NaN	NaN
-0.9625	-369.1896	-0.9625	-663.9068	-0.9626	-1507.6149	-0.9629	-2979.4632	-0.9641	-5896.5063	-0.9626	-14094.0425	-0.9655	-25718.5322	NaN	NaN
-0.9635	-368.4388	-0.9635	-663.5044	-0.9636	-1501.9164	-0.9638	-2968.0121	-0.9651	-5876.6763	-0.9636	-14055.6661	-0.9666	-25655.5440	NaN	NaN
-0.9645	-369.9647	-0.9645	-664.4358	-0.9646	-1501.1970	-0.9649	-2957.2440	-0.9661	-5850.5157	-0.9646	-14031.6572	-0.9676	-25624.1495	NaN	NaN
-0.9656	-368.7367	-0.9655	-661.3768	-0.9656	-1492.2563	-0.9659	-2942.6849	-0.9671	-5832.6311	-0.9656	-13986.3463	-0.9686	-25561.3032	NaN	NaN
-0.9665	-368.2103	-0.9665	-659.3819	-0.9666	-1487.8080	-0.9668	-2931.2969	-0.9681	-5819.3899	-0.9666	-13942.5046	-0.9695	-25502.7575	NaN	NaN
-0.9675	-369.4319	-0.9675	-660.7113	-0.9676	-1487.4258	-0.9679	-2928.5742	-0.9691	-5794.2575	-0.9676	-13917.5162	-0.9706	-25450.2187	NaN	NaN
-0.9685	-368.3973	-0.9685	-657.4638	-0.9686	-1480.3370	-0.9688	-2912.3346	-0.9701	-5774.8025	-0.9686	-13879.1306	-0.9715	-25398.9880	NaN	NaN
-0.9695	-368.5552	-0.9696	-656.2596	-0.9696	-1474.2291	-0.9699	-2901.3634	-0.9711	-5763.7479	-0.9696	-13835.0387	-0.9726	-25370.4120	NaN	NaN
-0.9705	-369.7358	-0.9705	-657.2311	-0.9706	-1472.3178	-0.9708	-2895.8641	-0.9721	-5742.2098	-0.9706	-13807.6157	-0.9736	-25307.6253	NaN	NaN
-0.9715	-370.3779	-0.9716	-656.0965	-0.9716	-1465.9632	-0.9718	-2882.1409	-0.9731	-5722.8835	-0.9716	-13770.7617	-0.9746	-25259.0940	NaN	NaN
-0.9726	-371.7019	-0.9725	-656.3974	-0.9726	-1464.0100	-0.9729	-2874.4903	-0.9741	-5708.4022	-0.9726	-13746.0939	-0.9756	-25199.7023	NaN	NaN
-0.9736	-371.0843	-0.9735	-655.0217	-0.9736	-1459.5331	-0.9739	-2866.2467	-0.9750	-5685.8621	-0.9736	-13709.2941	-0.9766	-25137.2857	NaN	NaN
-0.9746	-371.1188	-0.9745	-653.7135	-0.9746	-1454.4200	-0.9749	-2855.6025	-0.9761	-5662.0003	-0.9746	-13673.8772	-0.9776	-25118.9710	NaN	NaN
-0.9756	-370.8148	-0.9755	-653.0353	-0.9756	-1448.1559	-0.9759	-2844.3540	-0.9771	-5649.5066	-0.9756	-13632.7902	-0.9786	-25036.0609	NaN	NaN
-0.9766	-370.6057	-0.9765	-652.5714	-0.9766	-1443.9440	-0.9769	-2836.2711	-0.9781	-5628.7061	-0.9766	-13593.1140	-0.9796	-24985.5777	NaN	NaN
-0.9776	-373.0785	-0.9775	-653.7377	-0.9776	-1442.0483	-0.9779	-2827.0510	-0.9790	-5604.6362	-0.9776	-13570.5660	-0.9806	-24955.8511	NaN	NaN
-0.9785	-371.4886	-0.9786	-650.3871	-0.9786	-1434.4666	-0.9789	-2812.5694	-0.9800	-5591.1761	-0.9786	-13525.4819	-0.9815	-24891.9732	NaN	NaN
-0.9796	-371.9557	-0.9795	-649.9031	-0.9796	-1430.1260	-0.9799	-2803.7837	-0.9811	-5572.7815	-0.9796	-13491.7312	-0.9825	-24837.7387	NaN	NaN
-0.9805	-373.3892	-0.9805	-651.7350	-0.9806	-1430.0669	-0.9809	-2798.3881	-0.9820	-5551.5965	-0.9806	-13465.1066	-0.9836	-24791.1217	NaN	NaN
-0.9815	-373.1763	-0.9815	-649.2630	-0.9816	-1423.2938	-0.9819	-2785.3447	-0.9830	-5534.8383	-0.9816	-13428.7350	-0.9846	-24736.3847	NaN	NaN
-0.9825	-374.1971	-0.9825	-648.3653	-0.9827	-1419.0236	-0.9828	-2778.3974	-0.9841	-5523.0393	-0.9826	-13387.5686	-0.9856	-24703.6946	NaN	NaN
-0.9836	-375.5442	-0.9835	-650.2430	-0.9836	-1417.8468	-0.9839	-2774.7567	-0.9851	-5509.0281	-0.9835	-13364.8230	-0.9866	-24653.1247	NaN	NaN
-0.9845	-375.0833	-0.9845	-647.4849	-0.9846	-1412.5445	-0.9849	-2763.5249	-0.9861	-5488.5903	-0.9846	-13327.3911	-0.9875	-24608.9677	NaN	NaN
-0.9855	-376.3356	-0.9855	-648.6181	-0.9856	-1410.1286	-0.9859	-2752.9213	-0.9871	-5477.8015	-0.9856	-13305.2311	-0.9886	-24547.7332	NaN	NaN
-0.9866	-377.0642	-0.9866	-649.9595	-0.9866	-1407.5469	-0.9869	-2746.5565	-0.9881	-5452.7880	-0.9866	-13268.6181	-0.9895	-24502.0646	NaN	NaN
-0.9876	-376.8632	-0.9876	-648.7456	-0.9876	-1401.2093	-0.9879	-2734.5288	-0.9891	-5433.8463	-0.9876	-13235.8916	-0.9905	-24465.1947	NaN	NaN
-0.9886	-376.8976	-0.9885	-646.8147	-0.9886	-1395.9773	-0.9889	-2723.0076	-0.9901	-5424.0851	-0.9886	-13195.7560	-0.9915	-24393.8668	NaN	NaN
-0.9896	-379.1144	-0.9895	-647.7528	-0.9896	-1394.6387	-0.9899	-2718.1723	-0.9911	-5402.9777	-0.9896	-13165.8474	-0.9926	-24349.7379	NaN	NaN
-0.9906	-378.9761	-0.9905	-647.4994	-0.9906	-1390.7139	-0.9909	-2707.0724	-0.9921	-5382.2197	-0.9906	-13139.1471	-0.9935	-24310.9409	NaN	NaN
-0.9915	-378.4808	-0.9915	-645.6181	-0.9916	-1385.6587	-0.9919	-2695.3261	-0.9931	-5371.0382	-0.9916	-13095.9543	-0.9946	-24254.3479	NaN	NaN
-0.9925	-379.4399	-0.9925	-644.4304	-0.9926	-1383.1412	-0.9928	-2689.6287	-0.9941	-5352.6419	-0.9926	-13062.7387	-0.9955	-24200.3150	NaN	NaN
-0.9935	-381.1385	-0.9936	-646.6124	-0.9936	-1381.5437	-0.9939	-2681.8437	-0.9950	-5332.5958	-0.9936	-13043.4289	-0.9965	-24165.1540	NaN	NaN
-0.9946	-381.1350	-0.9945	-645.3065	-0.9946	-1376.2442	-0.9948	-2670.5859	-0.9960	-5321.5401	-0.9945	-13003.1420	-0.9975	-24123.7701	NaN	NaN
-0.9955	-380.8521	-0.9955	-644.8586	-0.9956	-1373.1041	-0.9958	-2663.4277	-0.9970	-5305.9645	-0.9956	-12967.2845	-0.9985	-24076.3929	NaN	NaN
-0.9965	-383.1768	-0.9965	-646.9429	-0.9966	-1376.4393	-0.9969	-2659.0641	-0.9980	-5294.9133	-0.9966	-12952.2077	-0.9996	-24034.9361	NaN	NaN
-0.9975	-382.9592	-0.9975	-647.7886	-0.9976	-1372.5502	-0.9979	-2652.5781	-0.9990	-5275.8333	-0.9976	-12916.5588	-1.0006	-23984.4533	NaN	NaN
-0.9985	-382.9274	-0.9986	-647.3976	-0.9986	-1374.7217	-0.9988	-2641.9777	-1.0001	-5262.5708	-0.9986	-12887.8724	-1.0015	-23929.1699	NaN	NaN
-0.9995	-384.0702	-0.9995	-648.6011	-0.9996	-1371.7795	-0.9999	-2638.5785	-1.0010	-5241.4343	-0.9996	-12864.8598	-1.0025	-23893.3756	NaN	NaN
-1.0005	-383.4606	-1.0005	-646.3978	-1.0006	-1363.8501	-1.0009	-2625.2380	-1.0020	-5223.4412	-1.0006	-12826.4520	-1.0036	-23840.2481	NaN	NaN
-1.0015	-385.1737	-1.0015	-646.0718	-1.0016	-1357.9952	-1.0018	-2616.7502	-1.0031	-5215.7209	-1.0015	-12791.0712	-1.0045	-23782.9799	NaN	NaN
-1.0025	-386.4748	-1.0025	-646.7304	-1.0026	-1357.4626	-1.0028	-2612.5182	-1.0041	-5193.3155	-1.0026	-12766.8914	-1.0056	-23738.5628	NaN	NaN
-1.0035	-387.5195	-1.0036	-645.8998	-1.0036	-1353.4016	-1.0039	-2603.0591	-1.0050	-5174.7083	-1.0036	-12736.3621	-1.0066	-23697.9980	NaN	NaN
-1.0046	-386.0635	-1.0045	-644.0460	-1.0046	-1347.4389	-1.0049	-2592.4296	-1.0060	-5167.5470	-1.0045	-12696.3188	-1.0075	-23647.7467	NaN	NaN
-1.0055	-388.5237	-1.0055	-645.9609	-1.0056	-1347.1827	-1.0059	-2589.0230	-1.0071	-5147.3728	-1.0056	-12670.7143	-1.0086	-23597.8954	NaN	NaN
-1.0065	-389.7020	-1.0066	-646.4852	-1.0066	-1345.2199	-1.0068	-2580.5796	-1.0081	-5129.2598	-1.0066	-12645.3332	-1.0096	-23565.6242	NaN	NaN
-1.0075	-389.8862	-1.0075	-644.8063	-1.0076	-1341.6420	-1.0078	-2570.4131	-1.0091	-5119.6664	-1.0076	-12609.6610	-1.0106	-23524.8722	NaN	NaN
-1.0085	-390.4275	-1.0085	-644.7256	-1.0086	-1339.3409	-1.0089	-2566.7595	-1.0101	-5103.6025	-1.0086	-12577.7620	-1.0116	-23476.7613	NaN	NaN
-1.0096	-392.7058	-1.0096	-647.8785	-1.0096	-1338.2184	-1.0098	-2559.5049	-1.0111	-5094.9201	-1.0096	-12563.9561	-1.0126	-23449.0614	NaN	NaN
-1.0105	-393.1326	-1.0105	-648.4068	-1.0106	-1336.4563	-1.0109	-2556.9222	-1.0121	-5078.1628	-1.0106	-12534.7969	-1.0135	-23386.5909	NaN	NaN
-1.0116	-394.3690	-1.0115	-647.4629	-1.0116	-1332.1689	-1.0119	-2548.3882	-1.0131	-5064.1765	-1.0116	-12509.1252	-1.0146	-23331.8816	NaN	NaN
-1.0125	-395.7819	-1.0126	-648.3127	-1.0126	-1331.5558	-1.0129	-2542.6561	-1.0140	-5050.6076	-1.0126	-12486.1367	-1.0156	-23306.8118	NaN	NaN
-1.0136	-396.1224	-1.0136	-646.5288	-1.0136	-1325.9554	-1.0139	-2532.7543	-1.0151	-5035.8751	-1.0136	-12448.4896	-1.0165	-23254.4460	NaN	NaN
-1.0146	-396.0167	-1.0145	-646.5725	-1.0146	-1327.1740	-1.0149	-2525.3261	-1.0161	-5026.3422	-1.0146	-12413.8897	-1.0175	-23212.2580	NaN	NaN
-1.0156	-397.9312	-1.0155	-648.9384	-1.0156	-1326.8524	-1.0159	-2523.5448	-1.0171	-5006.4959	-1.0156	-12393.2642	-1.0185	-23168.8327	NaN	NaN
-1.0165	-399.2370	-1.0165	-653.3513	-1.0166	-1323.1083	-1.0169	-2511.6995	-1.0181	-4991.1262	-1.0166	-12364.0876	-1.0195	-23138.4862	NaN	NaN
-1.0175	-399.6197	-1.0175	-652.3576	-1.0176	-1320.1340	-1.0179	-2503.8854	-1.0191	-4986.1973	-1.0176	-12332.0321	-1.0206	-23081.7088	NaN	NaN
-1.0185	-400.6206	-1.0186	-652.2848	-1.0186	-1320.7700	-1.0189	-2502.3607	-1.0200	-4966.7634	-1.0185	-12319.5938	-1.0216	-23037.6360	NaN	NaN
-1.0195	-400.4927	-1.0196	-651.1622	-1.0196	-1316.8642	-1.0199	-2493.2544	-1.0211	-4951.5893	-1.0196	-12291.0924	-1.0226	-23004.1728	NaN	NaN
-1.0205	-403.3514	-1.0205	-650.3874	-1.0206	-1312.5191	-1.0208	-2485.4666	-1.0220	-4944.8207	-1.0206	-12257.1331	-1.0236	-22953.6619	NaN	NaN
-1.0215	-403.6571	-1.0215	-653.1334	-1.0216	-1312.1486	-1.0218	-2483.6058	-1.0231	-4928.4464	-1.0215	-12233.1006	-1.0245	-22904.5862	NaN	NaN
-1.0225	-404.3576	-1.0226	-655.3410	-1.0227	-1309.9346	-1.0228	-2476.1270	-1.0241	-4914.0928	-1.0226	-12207.9572	-1.0256	-22883.6857	NaN	NaN
-1.0236	-406.5890	-1.0235	-653.7978	-1.0236	-1307.3227	-1.0239	-2469.6384	-1.0251	-4904.5085	-1.0236	-12176.2779	-1.0265	-22831.4494	NaN	NaN
-1.0245	-410.4309	-1.0246	-653.6369	-1.0246	-1305.6677	-1.0249	-2467.3630	-1.0261	-4891.4056	-1.0246	-12147.6613	-1.0275	-22789.0158	NaN	NaN
-1.0256	-410.0337	-1.0255	-656.7094	-1.0256	-1305.4042	-1.0259	-2464.0206	-1.0271	-4874.4798	-1.0256	-12130.2414	-1.0285	-22759.0310	NaN	NaN
-1.0266	-409.7212	-1.0265	-654.6942	-1.0266	-1301.9098	-1.0268	-2456.0716	-1.0280	-4864.2311	-1.0266	-12094.7349	-1.0296	-22709.7111	NaN	NaN
-1.0275	-410.9480	-1.0275	-656.1594	-1.0276	-1300.6829	-1.0279	-2450.7264	-1.0291	-4852.5761	-1.0276	-12063.6698	-1.0305	-22662.9224	NaN	NaN
-1.0285	-412.5157	-1.0285	-657.0083	-1.0287	-1305.5397	-1.0288	-2448.0641	-1.0300	-4834.6754	-1.0285	-12049.3168	-1.0315	-22633.8002	NaN	NaN
-1.0295	-413.0887	-1.0295	-656.5306	-1.0296	-1301.3244	-1.0299	-2438.3516	-1.0311	-4822.7791	-1.0296	-12016.2000	-1.0326	-22584.5827	NaN	NaN
-1.0305	-414.2726	-1.0305	-657.0984	-1.0306	-1297.8585	-1.0308	-2431.6995	-1.0321	-4816.3256	-1.0306	-11981.2102	-1.0335	-22543.4720	NaN	NaN
-1.0315	-415.7501	-1.0315	-661.5035	-1.0316	-1297.8696	-1.0319	-2430.6831	-1.0330	-4799.1451	-1.0316	-11968.0233	-1.0345	-22507.3925	NaN	NaN
-1.0325	-415.9162	-1.0325	-659.4797	-1.0326	-1294.8951	-1.0328	-2421.6327	-1.0341	-4787.0251	-1.0325	-11938.9509	-1.0355	-22470.1184	NaN	NaN
-1.0335	-417.0315	-1.0335	-660.5959	-1.0336	-1292.1634	-1.0338	-2415.7694	-1.0350	-4780.7127	-1.0335	-11909.8315	-1.0365	-22445.6236	NaN	NaN
-1.0345	-419.3195	-1.0345	-662.1461	-1.0346	-1294.2617	-1.0349	-2413.6760	-1.0360	-4768.9673	-1.0345	-11889.9363	-1.0375	-22406.3381	NaN	NaN
-1.0355	-419.8561	-1.0355	-660.9572	-1.0356	-1293.6768	-1.0358	-2406.9460	-1.0370	-4756.9400	-1.0355	-11865.2970	-1.0386	-22369.5121	NaN	NaN
-1.0365	-421.9728	-1.0365	-662.9439	-1.0366	-1294.5955	-1.0368	-2404.1291	-1.0380	-4748.7157	-1.0366	-11845.0440	-1.0395	-22322.1915	NaN	NaN
-1.0376	-424.0763	-1.0375	-664.2574	-1.0376	-1291.8925	-1.0379	-2401.3118	-1.0390	-4732.6381	-1.0375	-11818.6962	-1.0405	-22274.4813	NaN	NaN
-1.0385	-424.8415	-1.0385	-664.4215	-1.0386	-1289.3063	-1.0388	-2395.1108	-1.0400	-4717.3274	-1.0385	-11797.9559	-1.0415	-22252.1313	NaN	NaN
-1.0395	-425.4231	-1.0395	-663.9138	-1.0396	-1286.8019	-1.0398	-2389.1377	-1.0410	-4710.9632	-1.0395	-11764.5284	-1.0426	-22207.5705	NaN	NaN
-1.0405	-425.9520	-1.0405	-665.9403	-1.0406	-1286.3074	-1.0408	-2391.7456	-1.0421	-4697.0718	-1.0406	-11737.9478	-1.0435	-22162.1454	NaN	NaN
-1.0415	-429.3446	-1.0415	-668.3717	-1.0416	-1286.4069	-1.0418	-2384.1172	-1.0430	-4680.2907	-1.0415	-11723.8617	-1.0445	-22132.5488	NaN	NaN
-1.0425	-429.4334	-1.0425	-666.8312	-1.0426	-1282.7676	-1.0428	-2375.2251	-1.0440	-4674.9184	-1.0426	-11687.7413	-1.0455	-22091.0218	NaN	NaN
-1.0435	-429.7441	-1.0435	-668.1783	-1.0436	-1281.3195	-1.0438	-2371.0058	-1.0451	-4666.1553	-1.0435	-11662.1596	-1.0465	-22050.2835	NaN	NaN
-1.0445	-432.1202	-1.0445	-674.9324	-1.0446	-1283.2081	-1.0449	-2370.0025	-1.0460	-4655.8589	-1.0445	-11648.7537	-1.0475	-22025.0998	NaN	NaN
-1.0455	-433.7745	-1.0455	-673.0039	-1.0456	-1279.7072	-1.0459	-2359.7009	-1.0470	-4646.1031	-1.0455	-11620.4971	-1.0485	-21979.4476	NaN	NaN
-1.0465	-433.5638	-1.0465	-673.4058	-1.0466	-1278.4794	-1.0468	-2355.2867	-1.0481	-4639.5026	-1.0465	-11592.8938	-1.0495	-21955.5987	NaN	NaN
-1.0475	-436.4751	-1.0475	-675.1513	-1.0476	-1281.6074	-1.0478	-2355.9720	-1.0490	-4632.0077	-1.0476	-11575.9709	-1.0505	-21917.8370	NaN	NaN
-1.0485	-437.4129	-1.0485	-675.7524	-1.0486	-1280.3693	-1.0489	-2351.0400	-1.0501	-4617.3275	-1.0485	-11551.5863	-1.0516	-21881.4987	NaN	NaN
-1.0495	-439.1268	-1.0495	-676.4092	-1.0496	-1283.6614	-1.0498	-2348.0249	-1.0511	-4612.9267	-1.0496	-11539.4166	-1.0525	-21838.6340	NaN	NaN
-1.0506	-441.4898	-1.0505	-677.0761	-1.0506	-1284.1507	-1.0509	-2345.2424	-1.0520	-4597.0899	-1.0506	-11514.1030	-1.0535	-21795.2808	NaN	NaN
-1.0515	-441.6659	-1.0515	-678.1550	-1.0516	-1278.9118	-1.0519	-2338.5716	-1.0531	-4586.4048	-1.0516	-11487.8754	-1.0545	-21779.9286	NaN	NaN
-1.0525	-442.4539	-1.0525	-679.6114	-1.0526	-1274.4040	-1.0528	-2333.4448	-1.0541	-4581.3307	-1.0526	-11457.6227	-1.0556	-21725.6949	NaN	NaN
-1.0535	-445.6268	-1.0535	-682.4048	-1.0536	-1275.2438	-1.0538	-2333.0650	-1.0551	-4567.9577	-1.0536	-11439.0283	-1.0565	-21692.1879	NaN	NaN
-1.0545	-447.0664	-1.0545	-683.4706	-1.0546	-1274.8383	-1.0549	-2327.7821	-1.0561	-4553.8796	-1.0546	-11418.9450	-1.0575	-21672.7114	NaN	NaN
-1.0556	-447.3544	-1.0555	-681.9473	-1.0556	-1272.7025	-1.0558	-2321.1776	-1.0570	-4550.0788	-1.0555	-11389.1081	-1.0585	-21624.0238	NaN	NaN
-1.0565	-448.3010	-1.0565	-684.2371	-1.0566	-1274.1020	-1.0568	-2321.5362	-1.0581	-4539.0650	-1.0565	-11363.1490	-1.0595	-21587.6420	NaN	NaN
-1.0575	-449.1903	-1.0575	-685.6992	-1.0576	-1274.1342	-1.0579	-2321.3063	-1.0590	-4524.8257	-1.0576	-11354.5344	-1.0605	-21571.3564	NaN	NaN
-1.0585	-453.4063	-1.0585	-686.0553	-1.0586	-1271.6129	-1.0588	-2315.0548	-1.0600	-4520.0952	-1.0585	-11323.9998	-1.0615	-21530.5752	NaN	NaN
-1.0595	-455.0175	-1.0595	-688.2672	-1.0596	-1272.8288	-1.0598	-2314.9457	-1.0611	-4507.1666	-1.0595	-11301.3135	-1.0626	-21504.6441	NaN	NaN
-1.0605	-456.9642	-1.0605	-690.1237	-1.0606	-1276.6126	-1.0609	-2313.8527	-1.0621	-4502.9374	-1.0605	-11287.7493	-1.0635	-21470.0444	NaN	NaN
-1.0615	-459.4569	-1.0615	-690.2409	-1.0616	-1275.0548	-1.0619	-2310.2929	-1.0631	-4490.3685	-1.0616	-11263.6398	-1.0645	-21435.9639	NaN	NaN
-1.0626	-459.9062	-1.0625	-691.7808	-1.0626	-1272.4211	-1.0629	-2304.2858	-1.0641	-4483.0636	-1.0626	-11244.6494	-1.0656	-21394.8953	NaN	NaN
-1.0636	-461.8899	-1.0635	-693.6082	-1.0636	-1273.1380	-1.0639	-2303.2463	-1.0651	-4469.4683	-1.0636	-11228.7036	-1.0665	-21363.4003	NaN	NaN
-1.0645	-462.7695	-1.0646	-695.5574	-1.0646	-1273.6750	-1.0648	-2295.5868	-1.0661	-4459.9559	-1.0646	-11201.8616	-1.0675	-21335.7314	NaN	NaN
-1.0655	-465.0356	-1.0655	-697.1658	-1.0656	-1272.4413	-1.0659	-2292.4443	-1.0671	-4457.0352	-1.0656	-11177.1271	-1.0685	-21282.9755	NaN	NaN
-1.0665	-467.5170	-1.0665	-698.1528	-1.0666	-1273.1432	-1.0668	-2293.9604	-1.0681	-4442.1835	-1.0666	-11160.3340	-1.0695	-21263.5983	NaN	NaN
-1.0675	-468.2933	-1.0675	-698.3196	-1.0676	-1272.3001	-1.0679	-2287.4559	-1.0691	-4432.1637	-1.0676	-11140.1112	-1.0706	-21231.3151	NaN	NaN
-1.0685	-468.8454	-1.0686	-699.1521	-1.0686	-1269.4129	-1.0688	-2281.9124	-1.0701	-4429.4180	-1.0685	-11111.3268	-1.0716	-21196.3263	NaN	NaN
-1.0695	-471.3034	-1.0695	-703.1563	-1.0696	-1270.5210	-1.0698	-2283.1099	-1.0710	-4417.2296	-1.0696	-11091.8565	-1.0725	-21161.8275	NaN	NaN
-1.0705	-472.1053	-1.0705	-705.5323	-1.0706	-1270.0767	-1.0709	-2277.7451	-1.0721	-4406.4632	-1.0706	-11080.4268	-1.0735	-21139.2898	NaN	NaN
-1.0715	-474.6518	-1.0715	-704.9403	-1.0716	-1268.2505	-1.0718	-2272.6725	-1.0730	-4407.8002	-1.0716	-11054.0378	-1.0745	-21105.5226	NaN	NaN
-1.0725	-475.3206	-1.0725	-705.9277	-1.0726	-1270.6691	-1.0729	-2272.5777	-1.0741	-4401.8188	-1.0725	-11032.2822	-1.0756	-21075.5254	NaN	NaN
-1.0735	-477.1173	-1.0735	-708.2589	-1.0736	-1270.3318	-1.0738	-2268.7320	-1.0750	-4404.3807	-1.0735	-11023.9542	-1.0765	-21047.9105	NaN	NaN
-1.0745	-479.6999	-1.0745	-708.6711	-1.0746	-1270.3653	-1.0748	-2267.7408	-1.0761	-4400.6776	-1.0745	-11009.5058	-1.0775	-21010.6794	NaN	NaN
-1.0755	-480.7195	-1.0755	-710.6126	-1.0756	-1269.0182	-1.0758	-2263.3692	-1.0770	-4391.9678	-1.0755	-10986.4039	-1.0785	-20971.1069	NaN	NaN
-1.0765	-483.9537	-1.0765	-713.3068	-1.0766	-1274.0962	-1.0768	-2262.3545	-1.0780	-4375.8587	-1.0766	-10980.4277	-1.0795	-20948.6834	NaN	NaN
-1.0775	-484.8144	-1.0775	-714.9558	-1.0776	-1273.1360	-1.0778	-2257.9692	-1.0790	-4367.6314	-1.0775	-10952.4703	-1.0805	-20929.0075	NaN	NaN
-1.0785	-485.3570	-1.0785	-714.2229	-1.0786	-1271.9960	-1.0789	-2253.7228	-1.0801	-4362.9776	-1.0785	-10929.9294	-1.0815	-20888.5549	NaN	NaN
-1.0795	-488.0605	-1.0795	-717.6859	-1.0796	-1273.6119	-1.0798	-2256.8251	-1.0810	-4348.3996	-1.0796	-10917.4177	-1.0825	-20869.0777	NaN	NaN
-1.0805	-491.2320	-1.0805	-717.6654	-1.0805	-1273.8590	-1.0808	-2249.8502	-1.0820	-4339.3717	-1.0805	-10897.0961	-1.0836	-20829.8936	NaN	NaN
-1.0815	-493.7117	-1.0815	-718.1044	-1.0816	-1270.9732	-1.0818	-2246.0281	-1.0830	-4343.1953	-1.0815	-10871.3678	-1.0845	-20792.6063	NaN	NaN
-1.0825	-495.0123	-1.0825	-723.8265	-1.0826	-1271.1154	-1.0828	-2247.6853	-1.0840	-4330.3466	-1.0825	-10859.4675	-1.0855	-20764.0865	NaN	NaN
-1.0836	-494.9096	-1.0835	-723.5455	-1.0836	-1269.1139	-1.0838	-2247.4211	-1.0850	-4319.8639	-1.0835	-10841.5687	-1.0865	-20742.7256	NaN	NaN
-1.0845	-497.1636	-1.0845	-724.7822	-1.0846	-1269.5658	-1.0848	-2243.0359	-1.0861	-4315.8181	-1.0845	-10816.2329	-1.0875	-20719.7997	NaN	NaN
-1.0855	-501.5793	-1.0855	-727.0707	-1.0856	-1273.1764	-1.0858	-2244.0621	-1.0871	-4307.1673	-1.0856	-10800.3251	-1.0885	-20676.3736	NaN	NaN
-1.0865	-502.3581	-1.0865	-727.9949	-1.0866	-1272.6474	-1.0868	-2239.6694	-1.0880	-4301.3878	-1.0865	-10785.5394	-1.0896	-20658.3495	NaN	NaN
-1.0875	-502.5987	-1.0875	-729.9803	-1.0876	-1280.9844	-1.0879	-2239.6188	-1.0891	-4296.3433	-1.0876	-10772.7466	-1.0905	-20609.6769	NaN	NaN
-1.0885	-505.4901	-1.0885	-732.1859	-1.0886	-1278.7250	-1.0888	-2234.2429	-1.0900	-4286.9773	-1.0886	-10752.4881	-1.0915	-20578.5696	NaN	NaN
-1.0895	-506.7285	-1.0895	-734.0742	-1.0896	-1277.8659	-1.0899	-2231.0435	-1.0911	-4273.9977	-1.0896	-10740.5391	-1.0925	-20564.2397	NaN	NaN
-1.0905	-508.3043	-1.0905	-735.3153	-1.0906	-1273.7141	-1.0908	-2226.5405	-1.0920	-4270.6957	-1.0906	-10712.5462	-1.0935	-20523.0854	NaN	NaN
-1.0915	-510.9718	-1.0915	-735.7565	-1.0916	-1276.2325	-1.0918	-2227.3871	-1.0930	-4263.2682	-1.0916	-10693.9903	-1.0946	-20488.7007	NaN	NaN
-1.0925	-513.7916	-1.0925	-738.7544	-1.0926	-1280.9473	-1.0928	-2228.1133	-1.0940	-4251.2756	-1.0926	-10683.5316	-1.0955	-20472.9759	NaN	NaN
-1.0935	-515.3267	-1.0935	-740.2114	-1.0936	-1275.5861	-1.0939	-2221.8710	-1.0950	-4244.7878	-1.0935	-10661.1569	-1.0965	-20436.7940	NaN	NaN
-1.0945	-516.1394	-1.0945	-742.2646	-1.0946	-1274.8267	-1.0949	-2218.7779	-1.0960	-4241.6277	-1.0945	-10637.8967	-1.0975	-20405.8469	NaN	NaN
-1.0955	-518.4300	-1.0955	-743.9516	-1.0956	-1277.1188	-1.0959	-2220.3821	-1.0971	-4231.8372	-1.0956	-10629.3204	-1.0985	-20366.0583	NaN	NaN
-1.0965	-520.1435	-1.0965	-744.7945	-1.0966	-1275.5964	-1.0968	-2216.0165	-1.0980	-4223.7324	-1.0965	-10605.7179	-1.0995	-20369.9399	NaN	NaN
-1.0975	-523.8218	-1.0975	-745.7013	-1.0976	-1277.4809	-1.0978	-2212.9902	-1.0990	-4224.6396	-1.0975	-10584.2970	-1.1005	-20344.2529	NaN	NaN
-1.0985	-525.4630	-1.0985	-749.6992	-1.0986	-1281.4084	-1.0988	-2213.1894	-1.1000	-4223.2740	-1.0986	-10570.4201	-1.1016	-20309.2510	NaN	NaN
-1.0995	-527.8573	-1.0995	-750.3593	-1.0996	-1281.3929	-1.0998	-2210.5538	-1.1011	-4216.6556	-1.0995	-10552.6246	-1.1025	-20292.4755	NaN	NaN
-1.1005	-528.7506	-1.1005	-754.1964	-1.1006	-1283.0184	-1.1008	-2209.9157	-1.1020	-4213.7993	-1.1006	-10545.7876	-1.1036	-20240.9278	NaN	NaN
-1.1016	-531.7466	-1.1015	-754.9092	-1.1016	-1281.4774	-1.1019	-2208.0964	-1.1031	-4203.2731	-1.1016	-10523.5773	-1.1045	-20216.0764	NaN	NaN
-1.1025	-533.5988	-1.1025	-757.4790	-1.1026	-1283.5309	-1.1028	-2204.7673	-1.1041	-4188.5598	-1.1025	-10507.7519	-1.1056	-20195.1894	NaN	NaN
-1.1035	-534.6629	-1.1035	-761.5421	-1.1036	-1279.8103	-1.1039	-2206.9008	-1.1051	-4186.9534	-1.1035	-10486.6513	-1.1065	-20157.2555	NaN	NaN
-1.1045	-535.9674	-1.1045	-758.3859	-1.1046	-1285.2667	-1.1049	-2211.8256	-1.1061	-4178.6857	-1.1046	-10466.5460	-1.1075	-20127.4567	NaN	NaN
-1.1056	-537.3298	-1.1055	-762.7071	-1.1057	-1282.4021	-1.1059	-2209.6060	-1.1071	-4168.0903	-1.1056	-10461.5418	-1.1085	-20110.5950	NaN	NaN
-1.1065	-540.5599	-1.1065	-762.2579	-1.1066	-1279.3531	-1.1069	-2203.1856	-1.1080	-4166.4658	-1.1066	-10435.9177	-1.1095	-20074.7174	NaN	NaN
-1.1075	-543.6579	-1.1075	-766.4648	-1.1076	-1284.4250	-1.1078	-2202.6591	-1.1091	-4162.5573	-1.1075	-10418.0814	-1.1105	-20044.8182	NaN	NaN
-1.1085	-545.8470	-1.1085	-778.0303	-1.1086	-1285.3044	-1.1088	-2203.0284	-1.1100	-4152.5124	-1.1086	-10411.2859	-1.1115	-20016.3571	NaN	NaN
-1.1095	-548.1919	-1.1095	-773.1049	-1.1096	-1281.1615	-1.1098	-2197.1670	-1.1111	-4146.8003	-1.1095	-10389.6478	-1.1126	-20005.2314	NaN	NaN
-1.1106	-548.7327	-1.1105	-772.6577	-1.1106	-1285.9989	-1.1108	-2193.0627	-1.1120	-4144.5887	-1.1106	-10370.6363	-1.1135	-19985.6527	NaN	NaN
-1.1115	-551.5612	-1.1115	-776.5654	-1.1116	-1291.4507	-1.1118	-2195.0994	-1.1130	-4138.6668	-1.1115	-10362.4508	-1.1145	-19956.9613	NaN	NaN
-1.1125	-554.3946	-1.1125	-780.1424	-1.1126	-1290.3857	-1.1128	-2191.2951	-1.1140	-4132.1246	-1.1126	-10341.6143	-1.1156	-19934.7954	NaN	NaN
-1.1135	-556.9745	-1.1135	-781.2297	-1.1136	-1288.2911	-1.1138	-2188.8135	-1.1150	-4135.7823	-1.1135	-10335.5952	-1.1165	-19900.7998	NaN	NaN
-1.1145	-557.9038	-1.1145	-783.1565	-1.1146	-1291.8749	-1.1148	-2188.3894	-1.1160	-4127.2084	-1.1145	-10320.7977	-1.1175	-19885.4639	NaN	NaN
-1.1155	-560.7002	-1.1155	-784.3112	-1.1156	-1290.7754	-1.1158	-2188.0560	-1.1170	-4121.4850	-1.1155	-10303.1486	-1.1185	-19853.3521	NaN	NaN
-1.1166	-562.2597	-1.1165	-785.2750	-1.1166	-1289.7459	-1.1168	-2185.5960	-1.1180	-4123.4631	-1.1165	-10279.6639	-1.1195	-19819.7860	NaN	NaN
-1.1175	-569.7591	-1.1175	-790.2166	-1.1176	-1290.1545	-1.1178	-2184.3904	-1.1190	-4118.3379	-1.1175	-10268.6979	-1.1205	-19794.3574	NaN	NaN
-1.1186	-570.6455	-1.1185	-790.3270	-1.1186	-1292.6196	-1.1188	-2182.3073	-1.1200	-4110.0175	-1.1186	-10255.6354	-1.1216	-19783.3470	NaN	NaN
-1.1195	-570.9672	-1.1195	-791.2173	-1.1196	-1295.0585	-1.1198	-2178.9863	-1.1210	-4108.6288	-1.1195	-10233.8532	-1.1226	-19753.7357	NaN	NaN
-1.1205	-573.5463	-1.1205	-795.3802	-1.1206	-1296.3275	-1.1208	-2179.6616	-1.1221	-4103.2801	-1.1205	-10217.2275	-1.1235	-19716.4210	NaN	NaN
-1.1215	-575.3143	-1.1215	-801.1826	-1.1216	-1298.2164	-1.1218	-2179.8102	-1.1230	-4091.5736	-1.1216	-10224.9825	-1.1245	-19710.3243	NaN	NaN
-1.1225	-578.2092	-1.1225	-801.0305	-1.1226	-1300.2953	-1.1228	-2178.0948	-1.1240	-4091.0238	-1.1225	-10200.7832	-1.1255	-19678.1275	NaN	NaN
-1.1235	-581.5279	-1.1236	-802.0852	-1.1236	-1298.4191	-1.1238	-2181.3471	-1.1250	-4088.0791	-1.1236	-10183.6457	-1.1265	-19664.6136	NaN	NaN
-1.1245	-583.2808	-1.1245	-802.9484	-1.1246	-1302.6780	-1.1248	-2177.3172	-1.1260	-4086.9953	-1.1246	-10175.5465	-1.1275	-19640.6077	NaN	NaN
-1.1256	-585.6196	-1.1255	-809.2967	-1.1256	-1301.6619	-1.1258	-2179.8012	-1.1271	-4076.4172	-1.1256	-10160.8277	-1.1286	-19609.8462	NaN	NaN
-1.1265	-590.0914	-1.1265	-811.0601	-1.1266	-1301.9227	-1.1268	-2184.0720	-1.1281	-4073.2425	-1.1265	-10148.5589	-1.1295	-19586.1300	NaN	NaN
-1.1276	-592.8909	-1.1275	-812.8214	-1.1276	-1303.5080	-1.1279	-2182.4160	-1.1290	-4065.0421	-1.1275	-10137.8340	-1.1305	-19562.5259	NaN	NaN
-1.1285	-593.3356	-1.1285	-814.1029	-1.1286	-1304.0817	-1.1289	-2176.0213	-1.1301	-4057.1856	-1.1286	-10118.0467	-1.1315	-19531.7934	NaN	NaN
-1.1295	-593.5399	-1.1295	-816.8536	-1.1296	-1302.2621	-1.1298	-2173.9471	-1.1311	-4057.2053	-1.1295	-10101.0671	-1.1325	-19504.9996	NaN	NaN
-1.1305	-599.7608	-1.1305	-821.9606	-1.1306	-1312.8207	-1.1308	-2178.7955	-1.1321	-4046.7240	-1.1305	-10088.5697	-1.1335	-19480.2471	NaN	NaN
-1.1315	-599.3809	-1.1315	-823.5712	-1.1316	-1313.9679	-1.1318	-2173.8466	-1.1330	-4041.0208	-1.1316	-10075.3707	-1.1346	-19467.9282	NaN	NaN
-1.1325	-603.9200	-1.1325	-821.5687	-1.1326	-1313.4563	-1.1328	-2170.7415	-1.1341	-4041.3333	-1.1325	-10052.7871	-1.1355	-19435.9164	NaN	NaN
-1.1335	-609.2219	-1.1335	-823.7474	-1.1336	-1312.0375	-1.1339	-2171.2938	-1.1351	-4033.3275	-1.1336	-10042.6603	-1.1365	-19407.7564	NaN	NaN
-1.1345	-609.3868	-1.1346	-830.1955	-1.1346	-1311.6398	-1.1349	-2167.7699	-1.1360	-4024.0477	-1.1345	-10033.5596	-1.1375	-19401.9920	NaN	NaN
-1.1355	-613.3943	-1.1355	-831.4927	-1.1356	-1311.6886	-1.1358	-2169.2943	-1.1370	-4023.3252	-1.1356	-10013.6879	-1.1385	-19371.9502	NaN	NaN
-1.1365	-614.9594	-1.1365	-834.4493	-1.1366	-1317.5349	-1.1368	-2170.6524	-1.1380	-4015.5181	-1.1365	-9998.3988	-1.1395	-19351.9121	NaN	NaN
-1.1375	-617.6841	-1.1375	-836.4824	-1.1376	-1316.1841	-1.1378	-2170.2310	-1.1390	-4013.6306	-1.1375	-9992.2800	-1.1406	-19342.0508	NaN	NaN
-1.1385	-622.9522	-1.1385	-843.7178	-1.1385	-1327.0500	-1.1389	-2171.3557	-1.1401	-4007.1896	-1.1385	-9978.9240	-1.1416	-19307.0339	NaN	NaN
-1.1395	-622.5681	-1.1395	-844.0050	-1.1396	-1320.6255	-1.1398	-2167.4915	-1.1411	-4002.3395	-1.1395	-9962.8014	-1.1426	-19281.3624	NaN	NaN
-1.1406	-627.4228	-1.1406	-846.9431	-1.1407	-1332.4301	-1.1408	-2168.2671	-1.1421	-3992.9642	-1.1406	-9956.9337	-1.1435	-19263.1787	NaN	NaN
-1.1416	-628.8563	-1.1415	-847.8346	-1.1417	-1331.3433	-1.1419	-2167.1975	-1.1431	-3989.0878	-1.1416	-9936.6158	-1.1445	-19247.6974	NaN	NaN
-1.1425	-631.8250	-1.1426	-853.4905	-1.1427	-1331.8378	-1.1429	-2169.8351	-1.1441	-3987.8405	-1.1426	-9920.0802	-1.1455	-19207.5925	NaN	NaN
-1.1435	-636.6964	-1.1436	-857.1053	-1.1437	-1332.8978	-1.1439	-2175.0290	-1.1451	-3982.8442	-1.1436	-9912.2207	-1.1465	-19192.2126	NaN	NaN
-1.1445	-637.3335	-1.1445	-855.4816	-1.1447	-1334.3340	-1.1449	-2173.0605	-1.1460	-3980.0530	-1.1446	-9898.7063	-1.1475	-19181.1862	NaN	NaN
-1.1455	-638.8332	-1.1455	-857.8035	-1.1456	-1332.8381	-1.1458	-2168.6129	-1.1470	-3990.4110	-1.1455	-9881.3782	-1.1485	-19143.1668	NaN	NaN
-1.1465	-644.1558	-1.1465	-863.3275	-1.1466	-1334.0722	-1.1468	-2167.9976	-1.1480	-3984.6992	-1.1465	-9872.1491	-1.1496	-19094.9245	NaN	NaN
-1.1475	-649.1495	-1.1475	-866.4547	-1.1476	-1337.4457	-1.1479	-2164.0318	-1.1491	-3981.2836	-1.1475	-9858.9061	-1.1505	-19133.5069	NaN	NaN
-1.1485	-650.4306	-1.1485	-868.0572	-1.1486	-1337.5719	-1.1489	-2160.3454	-1.1500	-3982.0722	-1.1486	-9833.4031	-1.1511	-19114.2885	NaN	NaN
-1.1495	-653.4540	-1.1495	-871.7583	-1.1496	-1341.3194	-1.1499	-2161.4569	-1.1509	-3976.5100	-1.1496	-9838.8532	-1.1511	-19078.7083	NaN	NaN
-1.1505	-657.8172	-1.1505	-876.3973	-1.1506	-1350.1041	-1.1508	-2163.7123	-1.1513	-3909.8176	-1.1505	-9829.5083	-1.1511	-18818.4192	NaN	NaN
-1.1512	-657.6785	-1.1511	-882.6630	-1.1512	-1350.5649	-1.1513	-2117.5813	-1.1513	-3785.2984	-1.1511	-9821.1270	-1.1506	-17898.5697	NaN	NaN
-1.1513	-640.2238	-1.1513	-856.0234	-1.1512	-1310.4622	-1.1508	-1801.2877	-1.1506	-3374.7365	-1.1512	-9748.8230	-1.1496	-16738.3218	NaN	NaN
-1.1512	-616.8784	-1.1512	-817.7092	-1.1506	-1096.9108	-1.1498	-1530.6457	-1.1496	-2952.4963	-1.1507	-8966.0728	-1.1486	-15891.0605	NaN	NaN
-1.1506	-569.5317	-1.1506	-728.6215	-1.1495	-941.1831	-1.1488	-1376.2053	-1.1487	-2682.1150	-1.1497	-8140.1712	-1.1476	-15183.3799	NaN	NaN
-1.1496	-539.9444	-1.1496	-666.5546	-1.1485	-865.1116	-1.1478	-1268.9431	-1.1476	-2470.8279	-1.1487	-7582.5278	-1.1466	-14569.2743	NaN	NaN
-1.1486	-520.4458	-1.1486	-635.9367	-1.1475	-812.9643	-1.1467	-1177.9327	-1.1467	-2292.5047	-1.1478	-7134.4415	-1.1456	-14020.2859	NaN	NaN
-1.1476	-508.2643	-1.1476	-618.7330	-1.1465	-767.6375	-1.1456	-1102.2686	-1.1457	-2143.4743	-1.1467	-6746.1911	-1.1447	-13532.8761	NaN	NaN
-1.1467	-494.1718	-1.1466	-594.9216	-1.1455	-729.8680	-1.1445	-1040.7464	-1.1447	-2024.5825	-1.1457	-6410.6108	-1.1436	-13070.1908	NaN	NaN
-1.1456	-491.0877	-1.1456	-580.1399	-1.1445	-702.7821	-1.1435	-981.0426	-1.1436	-1905.8097	-1.1448	-6116.3255	-1.1427	-12642.1206	NaN	NaN
-1.1446	-483.1986	-1.1446	-567.5149	-1.1436	-677.1933	-1.1424	-932.1454	-1.1426	-1796.8362	-1.1438	-5839.6491	-1.1417	-12260.3353	NaN	NaN
-1.1436	-473.4302	-1.1436	-559.1498	-1.1425	-653.0622	-1.1415	-886.6154	-1.1417	-1703.2674	-1.1428	-5581.9116	-1.1407	-11878.0590	NaN	NaN
-1.1426	-467.6202	-1.1426	-545.9237	-1.1415	-629.8543	-1.1405	-841.9046	-1.1407	-1614.1456	-1.1417	-5355.1663	-1.1396	-11508.5496	NaN	NaN
-1.1416	-458.8669	-1.1417	-534.8773	-1.1405	-608.5869	-1.1394	-802.6362	-1.1396	-1523.4059	-1.1407	-5136.8676	-1.1387	-11184.6070	NaN	NaN
-1.1407	-452.0653	-1.1406	-523.0748	-1.1395	-588.6358	-1.1384	-763.2492	-1.1387	-1444.0619	-1.1398	-4923.9401	-1.1376	-10858.8531	NaN	NaN
-1.1396	-444.2653	-1.1397	-515.1470	-1.1385	-566.1830	-1.1374	-728.4773	-1.1377	-1371.6458	-1.1387	-4730.3014	-1.1351	-10167.6260	NaN	NaN
-1.1386	-438.7089	-1.1386	-505.7934	-1.1375	-552.5504	-1.1364	-696.0231	-1.1366	-1297.7376	-1.1377	-4547.6058	-1.1326	-9529.3145	NaN	NaN
-1.1376	-431.5902	-1.1376	-499.5687	-1.1365	-535.1562	-1.1354	-669.6873	-1.1356	-1237.7312	-1.1368	-4368.3530	-1.1316	-9284.2196	NaN	NaN
-1.1366	-426.1508	-1.1366	-489.4198	-1.1355	-520.0229	-1.1344	-640.6813	-1.1347	-1177.2258	-1.1357	-4205.5550	-1.1306	-9021.1884	NaN	NaN
-1.1356	-420.0741	-1.1356	-478.0771	-1.1345	-507.0985	-1.1334	-608.5266	-1.1337	-1113.6758	-1.1347	-4052.5074	-1.1296	-8787.4742	NaN	NaN
-1.1346	-416.1446	-1.1346	-476.8381	-1.1335	-495.8048	-1.1325	-586.0449	-1.1326	-1061.2157	-1.1337	-3893.4562	-1.1286	-8557.5178	NaN	NaN
-1.1336	-409.4387	-1.1336	-464.6933	-1.1325	-483.1769	-1.1314	-561.6727	-1.1310	-988.9150	-1.1327	-3751.8392	-1.1276	-8326.0646	NaN	NaN
-1.1326	-401.9211	-1.1326	-456.6897	-1.1315	-468.0931	-1.1305	-533.3919	-1.1300	-929.1129	-1.1317	-3613.6623	-1.1266	-8109.5126	NaN	NaN
-1.1316	-398.9106	-1.1316	-450.9327	-1.1305	-451.5741	-1.1295	-513.7267	-1.1290	-884.1106	-1.1308	-3475.0207	-1.1256	-7881.3493	NaN	NaN
-1.1306	-393.5419	-1.1306	-445.1816	-1.1295	-440.1007	-1.1285	-491.0902	-1.1280	-842.6319	-1.1298	-3347.1458	-1.1246	-7679.3611	NaN	NaN
-1.1296	-387.9310	-1.1296	-436.6323	-1.1285	-430.5440	-1.1275	-469.8172	-1.1270	-794.9996	-1.1288	-3224.4577	-1.1236	-7472.4126	NaN	NaN
-1.1286	-386.5064	-1.1286	-431.6904	-1.1275	-415.0709	-1.1264	-454.7625	-1.1260	-752.1687	-1.1277	-3101.3052	-1.1226	-7281.3481	NaN	NaN
-1.1276	-378.9463	-1.1276	-422.3906	-1.1265	-403.6585	-1.1254	-427.8341	-1.1250	-709.6355	-1.1268	-2985.9517	-1.1216	-7094.6429	NaN	NaN
-1.1266	-373.0365	-1.1266	-415.9595	-1.1255	-389.6386	-1.1244	-409.6814	-1.1240	-665.5256	-1.1257	-2863.7571	-1.1206	-6890.3955	NaN	NaN
-1.1256	-367.2735	-1.1256	-408.5814	-1.1245	-380.3488	-1.1234	-391.0550	-1.1230	-630.2053	-1.1247	-2756.5360	-1.1196	-6722.6573	NaN	NaN
-1.1246	-363.1661	-1.1246	-403.7529	-1.1235	-372.8723	-1.1224	-373.8832	-1.1220	-597.3789	-1.1237	-2640.1207	-1.1186	-6545.8267	NaN	NaN
-1.1236	-357.8307	-1.1236	-395.3826	-1.1225	-364.2636	-1.1215	-354.0584	-1.1210	-558.1053	-1.1227	-2546.6538	-1.1176	-6354.9172	NaN	NaN
-1.1226	-353.0360	-1.1226	-390.0977	-1.1215	-353.5959	-1.1204	-332.6952	-1.1200	-530.6307	-1.1217	-2465.0297	-1.1166	-6188.6189	NaN	NaN
-1.1216	-347.8599	-1.1216	-384.2723	-1.1205	-339.7248	-1.1194	-317.4225	-1.1190	-500.1522	-1.1207	-2344.9548	-1.1156	-6020.5005	NaN	NaN
-1.1206	-340.9630	-1.1206	-379.7496	-1.1195	-331.9941	-1.1184	-304.5350	-1.1180	-460.9877	-1.1197	-2252.5755	-1.1146	-5852.8256	NaN	NaN
-1.1196	-340.3731	-1.1196	-375.1155	-1.1185	-321.7364	-1.1174	-290.9075	-1.1170	-426.8255	-1.1187	-2161.9310	-1.1136	-5687.0760	NaN	NaN
-1.1186	-335.5425	-1.1187	-368.6779	-1.1175	-311.2484	-1.1164	-274.7533	-1.1160	-397.7061	-1.1177	-2062.2655	-1.1126	-5517.8406	NaN	NaN
-1.1176	-329.0875	-1.1176	-360.4135	-1.1165	-302.3502	-1.1154	-257.4445	-1.1150	-364.8214	-1.1167	-1974.4801	-1.1116	-5365.7044	NaN	NaN
-1.1166	-325.5055	-1.1166	-354.5883	-1.1155	-294.8954	-1.1144	-237.9189	-1.1140	-329.5542	-1.1157	-1888.3132	-1.1106	-5204.2745	NaN	NaN
-1.1156	-322.2792	-1.1156	-350.9867	-1.1145	-282.3061	-1.1134	-222.2552	-1.1130	-297.2630	-1.1147	-1798.9825	-1.1096	-5068.0906	NaN	NaN
-1.1146	-316.5747	-1.1146	-344.2351	-1.1135	-281.0272	-1.1124	-206.2666	-1.1120	-269.4166	-1.1137	-1712.2642	-1.1086	-4917.6555	NaN	NaN
-1.1136	-313.2165	-1.1136	-339.3891	-1.1125	-271.0332	-1.1114	-189.8369	-1.1110	-233.3121	-1.1127	-1625.0554	-1.1076	-4760.0560	NaN	NaN
-1.1126	-309.5520	-1.1126	-330.8287	-1.1115	-260.9831	-1.1104	-176.2208	-1.1100	-209.9798	-1.1117	-1546.5326	-1.1066	-4632.8758	NaN	NaN
-1.1116	-304.5701	-1.1116	-324.6057	-1.1105	-250.6171	-1.1095	-163.3863	-1.1090	-182.7420	-1.1107	-1465.4870	-1.1056	-4490.2546	NaN	NaN
-1.1106	-300.2215	-1.1106	-322.2605	-1.1095	-245.2282	-1.1085	-147.8160	-1.1081	-149.8161	-1.1097	-1391.2502	-1.1046	-4337.0864	NaN	NaN
-1.1096	-297.8290	-1.1096	-315.7228	-1.1085	-236.3364	-1.1075	-140.0633	-1.1070	-128.9988	-1.1088	-1318.5178	-1.1036	-4207.9780	NaN	NaN
-1.1086	-291.7600	-1.1086	-311.5211	-1.1075	-226.0980	-1.1065	-129.9892	-1.1060	-106.9149	-1.1077	-1234.2683	-1.1026	-4071.8830	NaN	NaN
-1.1076	-286.7436	-1.1076	-304.4126	-1.1065	-219.0399	-1.1054	-115.1952	-1.1044	-72.0920	-1.1068	-1168.8932	-1.1016	-3933.8517	NaN	NaN
-1.1066	-282.4600	-1.1066	-300.7018	-1.1055	-210.1726	-1.1044	-99.0691	-1.1035	-43.6068	-1.1058	-1100.1061	-1.1006	-3796.1591	NaN	NaN
-1.1056	-279.4933	-1.1056	-295.8038	-1.1045	-202.7138	-1.1031	-92.0169	-1.1024	-19.6830	-1.1033	-937.0700	-1.0996	-3663.5418	NaN	NaN
-1.1046	-274.7002	-1.1047	-290.2236	-1.1035	-196.4217	-1.1021	-72.5528	-1.1014	11.2033	-1.1022	-864.5937	-1.0985	-3529.4643	NaN	NaN
-1.1037	-271.6741	-1.1036	-286.4819	-1.1025	-189.3716	-1.1011	-58.1060	-1.1004	32.7912	-1.1012	-786.7502	-1.0976	-3408.0837	NaN	NaN
-1.1027	-269.1442	-1.1026	-280.6479	-1.1016	-179.9907	-1.1001	-43.3288	-1.0994	60.1361	-1.1002	-715.4903	-1.0966	-3296.0197	NaN	NaN
-1.1016	-263.6693	-1.1017	-274.2855	-1.1005	-172.9858	-1.0991	-31.9800	-1.0984	85.6530	-1.0992	-652.3586	-1.0956	-3163.6722	NaN	NaN
-1.1006	-260.2748	-1.1006	-268.5137	-1.0995	-165.3965	-1.0981	-16.3675	-1.0974	105.6454	-1.0982	-587.7173	-1.0946	-3043.6793	NaN	NaN
-1.0996	-255.7573	-1.0996	-266.5944	-1.0985	-155.8354	-1.0971	-7.8116	-1.0964	125.0376	-1.0972	-532.7014	-1.0936	-2935.1873	NaN	NaN
-1.0986	-252.4504	-1.0986	-259.0598	-1.0975	-149.6837	-1.0961	4.0170	-1.0954	152.0475	-1.0962	-475.8094	-1.0926	-2811.9244	NaN	NaN
-1.0976	-249.3790	-1.0976	-255.8671	-1.0965	-143.4845	-1.0951	18.1744	-1.0944	173.5032	-1.0952	-405.2239	-1.0916	-2695.3975	NaN	NaN
-1.0966	-245.2340	-1.0966	-251.3500	-1.0955	-134.5420	-1.0941	26.7545	-1.0934	192.6723	-1.0942	-349.0629	-1.0906	-2580.1807	NaN	NaN
-1.0956	-242.0771	-1.0956	-245.5498	-1.0945	-132.5675	-1.0932	36.6557	-1.0924	216.4427	-1.0932	-297.0144	-1.0896	-2472.6314	NaN	NaN
-1.0946	-237.7873	-1.0946	-241.3409	-1.0934	-122.9175	-1.0921	51.4609	-1.0914	241.8556	-1.0922	-232.2679	-1.0886	-2337.3930	NaN	NaN
-1.0936	-235.1162	-1.0936	-240.5856	-1.0924	-112.9263	-1.0911	61.6541	-1.0904	257.5316	-1.0912	-177.1461	-1.0876	-2240.7269	NaN	NaN
-1.0926	-230.7791	-1.0927	-234.2919	-1.0914	-105.5541	-1.0901	70.8746	-1.0891	278.0996	-1.0902	-125.9215	-1.0866	-2131.4248	NaN	NaN
-1.0916	-228.6719	-1.0916	-227.9022	-1.0904	-100.1812	-1.0891	85.8205	-1.0878	311.8354	-1.0892	-64.7778	-1.0856	-2012.3430	NaN	NaN
-1.0906	-224.6998	-1.0906	-224.0811	-1.0894	-95.7882	-1.0881	97.0587	-1.0868	335.6576	-1.0882	-8.3752	-1.0846	-1914.1105	NaN	NaN
-1.0897	-220.9777	-1.0896	-218.0397	-1.0883	-89.1823	-1.0871	109.4956	-1.0858	356.7524	-1.0872	50.5724	-1.0836	-1813.7890	NaN	NaN
-1.0886	-215.8373	-1.0886	-211.7684	-1.0874	-79.0267	-1.0861	119.5089	-1.0848	374.6932	-1.0862	101.0130	-1.0826	-1697.6183	NaN	NaN
-1.0876	-214.2780	-1.0876	-209.5206	-1.0864	-72.4737	-1.0851	131.0569	-1.0838	391.6981	-1.0852	161.1624	-1.0816	-1603.5156	NaN	NaN
-1.0867	-210.1658	-1.0866	-205.0990	-1.0854	-64.3466	-1.0841	132.3496	-1.0828	414.3897	-1.0842	206.5068	-1.0806	-1491.8335	NaN	NaN
-1.0856	-206.2168	-1.0856	-199.6811	-1.0843	-59.2831	-1.0831	141.0766	-1.0818	433.0184	-1.0832	255.5463	-1.0796	-1388.3710	NaN	NaN
-1.0846	-203.6750	-1.0846	-197.3033	-1.0833	-52.8240	-1.0821	156.5164	-1.0808	447.3266	-1.0822	314.9899	-1.0786	-1285.7849	NaN	NaN
-1.0836	-201.5022	-1.0836	-192.1826	-1.0824	-43.9779	-1.0811	163.4230	-1.0798	467.0693	-1.0812	357.8776	-1.0776	-1195.4670	NaN	NaN
-1.0826	-196.9321	-1.0826	-186.9876	-1.0814	-38.8436	-1.0801	174.2326	-1.0788	489.0184	-1.0802	410.6269	-1.0766	-1102.7983	NaN	NaN
-1.0816	-193.7107	-1.0816	-184.8011	-1.0804	-35.7665	-1.0791	190.3906	-1.0778	503.9475	-1.0792	467.2844	-1.0756	-989.9986	NaN	NaN
-1.0806	-194.0993	-1.0806	-183.2845	-1.0793	-26.2885	-1.0781	198.0022	-1.0768	520.7973	-1.0782	512.6141	-1.0746	-896.6317	NaN	NaN
-1.0796	-189.3789	-1.0796	-176.2741	-1.0783	-20.2920	-1.0771	207.0458	-1.0758	547.3327	-1.0772	557.2158	-1.0722	-672.4470	NaN	NaN
-1.0786	-185.5402	-1.0786	-172.3568	-1.0773	-14.3046	-1.0761	221.4734	-1.0748	563.3380	-1.0762	611.3205	-1.0696	-443.4486	NaN	NaN
-1.0776	-182.4513	-1.0776	-171.7764	-1.0763	-5.4176	-1.0751	229.5099	-1.0738	581.9268	-1.0752	658.7023	-1.0686	-348.3150	NaN	NaN
-1.0766	-179.0871	-1.0766	-163.6673	-1.0753	-2.6425	-1.0741	243.5427	-1.0728	604.5318	-1.0742	711.3364	-1.0676	-266.5481	NaN	NaN
-1.0757	-176.1510	-1.0756	-158.5755	-1.0744	4.5242	-1.0731	253.6621	-1.0718	618.0928	-1.0732	757.4073	-1.0666	-170.9035	NaN	NaN
-1.0747	-172.1909	-1.0746	-155.9444	-1.0734	10.2070	-1.0721	260.4895	-1.0708	633.5483	-1.0722	804.1298	-1.0656	-73.2540	NaN	NaN
-1.0736	-169.4295	-1.0736	-152.7597	-1.0723	18.9537	-1.0710	261.5337	-1.0699	653.7183	-1.0712	841.9414	-1.0646	1.1791	NaN	NaN
-1.0726	-165.5332	-1.0726	-146.0950	-1.0714	23.6290	-1.0698	285.2739	-1.0688	666.8838	-1.0702	887.2430	-1.0636	97.5913	NaN	NaN
-1.0716	-164.4355	-1.0717	-148.7177	-1.0704	29.7112	-1.0688	293.9339	-1.0678	679.0115	-1.0692	941.1315	-1.0626	190.6469	NaN	NaN
-1.0706	-160.8450	-1.0707	-141.2770	-1.0694	37.8765	-1.0678	301.2260	-1.0668	702.4298	-1.0682	976.9017	-1.0616	279.3809	NaN	NaN
-1.0696	-156.7255	-1.0696	-135.7023	-1.0684	40.8714	-1.0669	312.7858	-1.0658	721.2269	-1.0672	1018.0064	-1.0606	366.0926	NaN	NaN
-1.0686	-154.3871	-1.0686	-132.6936	-1.0674	45.4193	-1.0658	322.0152	-1.0648	735.3251	-1.0662	1072.3549	-1.0596	457.4703	NaN	NaN
-1.0676	-151.5334	-1.0677	-130.9042	-1.0664	55.8619	-1.0649	330.1046	-1.0638	752.5527	-1.0652	1109.8508	-1.0586	533.3295	NaN	NaN
-1.0666	-147.9964	-1.0666	-124.9827	-1.0654	60.6357	-1.0638	340.3607	-1.0629	773.4776	-1.0642	1150.6458	-1.0576	610.7180	NaN	NaN
-1.0657	-145.2527	-1.0656	-121.0261	-1.0644	66.4923	-1.0628	353.1637	-1.0618	790.9187	-1.0632	1200.8606	-1.0566	706.2339	NaN	NaN
-1.0646	-142.3794	-1.0646	-117.5333	-1.0634	74.4014	-1.0618	364.4584	-1.0608	806.7218	-1.0622	1239.6042	-1.0556	788.5568	NaN	NaN
-1.0636	-139.4924	-1.0636	-112.1661	-1.0624	78.8486	-1.0608	372.5976	-1.0598	828.5184	-1.0612	1286.7638	-1.0546	852.1375	NaN	NaN
-1.0626	-138.0318	-1.0626	-108.9737	-1.0614	85.1106	-1.0598	382.3425	-1.0588	838.3021	-1.0602	1331.6589	-1.0536	950.5722	NaN	NaN
-1.0617	-134.7748	-1.0616	-103.8930	-1.0604	90.4342	-1.0588	387.6497	-1.0578	853.6393	-1.0592	1371.4020	-1.0527	1029.1649	NaN	NaN
-1.0606	-131.7998	-1.0606	-102.2702	-1.0594	96.2677	-1.0578	395.3800	-1.0568	875.8078	-1.0582	1406.0222	-1.0516	1102.6087	NaN	NaN
-1.0596	-128.1772	-1.0596	-97.7951	-1.0584	100.4299	-1.0568	408.3797	-1.0558	888.3822	-1.0572	1450.2849	-1.0506	1192.6802	NaN	NaN
-1.0586	-125.8134	-1.0586	-94.7584	-1.0574	108.1538	-1.0558	415.8710	-1.0548	901.3687	-1.0562	1491.6797	-1.0496	1269.2507	NaN	NaN
-1.0576	-124.2839	-1.0576	-90.4816	-1.0564	114.7156	-1.0548	424.0275	-1.0538	922.3360	-1.0552	1526.2698	-1.0486	1361.6874	NaN	NaN
-1.0566	-119.9681	-1.0566	-84.9711	-1.0554	118.3983	-1.0538	436.5296	-1.0528	938.5181	-1.0542	1566.9263	-1.0476	1435.8450	NaN	NaN
-1.0556	-118.1212	-1.0556	-82.6092	-1.0544	124.1659	-1.0529	444.4637	-1.0518	951.2511	-1.0532	1614.6433	-1.0466	1516.0677	NaN	NaN
-1.0546	-114.9076	-1.0546	-78.7307	-1.0534	133.2071	-1.0519	452.0026	-1.0508	970.9955	-1.0522	1643.5387	-1.0456	1587.6007	NaN	NaN
-1.0536	-111.5149	-1.0536	-73.6421	-1.0524	137.3230	-1.0508	463.7204	-1.0498	986.1939	-1.0512	1680.6263	-1.0446	1654.3501	NaN	NaN
-1.0526	-110.3741	-1.0526	-71.7949	-1.0514	142.7873	-1.0499	472.5098	-1.0488	1004.8553	-1.0502	1732.4074	-1.0436	1752.5786	NaN	NaN
-1.0516	-108.0970	-1.0516	-69.2303	-1.0503	151.0100	-1.0488	485.5284	-1.0478	1017.5282	-1.0492	1769.2929	-1.0426	1814.8106	NaN	NaN
-1.0507	-104.5866	-1.0506	-63.5898	-1.0494	155.2745	-1.0479	492.8477	-1.0468	1036.6667	-1.0482	1810.4412	-1.0416	1881.1826	NaN	NaN
-1.0496	-102.3663	-1.0497	-60.3741	-1.0484	162.5126	-1.0468	503.6076	-1.0458	1046.7130	-1.0472	1853.0861	-1.0406	1981.8690	NaN	NaN
-1.0486	-98.1106	-1.0486	-55.3020	-1.0474	168.5498	-1.0459	509.9888	-1.0448	1061.1027	-1.0462	1883.7354	-1.0396	2040.1990	NaN	NaN
-1.0476	-99.4626	-1.0476	-52.6878	-1.0463	173.5451	-1.0448	518.1746	-1.0438	1084.7349	-1.0452	1918.8846	-1.0386	2114.8707	NaN	NaN
-1.0466	-95.8831	-1.0466	-48.8831	-1.0454	178.1883	-1.0438	530.7525	-1.0428	1093.3346	-1.0442	1963.8152	-1.0376	2194.1258	NaN	NaN
-1.0457	-93.3450	-1.0456	-46.1488	-1.0444	184.2644	-1.0428	535.2427	-1.0418	1106.8307	-1.0432	2000.4676	-1.0366	2266.9544	NaN	NaN
-1.0446	-90.5328	-1.0446	-42.1456	-1.0434	188.4753	-1.0418	543.4441	-1.0408	1129.1296	-1.0422	2030.1139	-1.0356	2354.8867	NaN	NaN
-1.0436	-87.4361	-1.0436	-39.5097	-1.0424	191.7719	-1.0408	557.0039	-1.0398	1141.3824	-1.0412	2071.8117	-1.0346	2420.7229	NaN	NaN
-1.0426	-86.1547	-1.0426	-36.6969	-1.0413	198.6739	-1.0398	563.1184	-1.0388	1155.5216	-1.0402	2113.1680	-1.0336	2499.8597	NaN	NaN
-1.0417	-84.5187	-1.0416	-32.4220	-1.0404	206.7521	-1.0388	572.0061	-1.0378	1175.8028	-1.0392	2144.9555	-1.0326	2561.9325	NaN	NaN
-1.0406	-80.1370	-1.0406	-27.2609	-1.0393	210.6866	-1.0378	584.0129	-1.0368	1188.8770	-1.0382	2181.6881	-1.0316	2634.1978	NaN	NaN
-1.0396	-78.8254	-1.0396	-26.2651	-1.0383	216.2776	-1.0368	591.6791	-1.0358	1208.9220	-1.0372	2226.1684	-1.0277	2925.4067	NaN	NaN
-1.0386	-76.0305	-1.0386	-21.6895	-1.0374	225.3162	-1.0358	603.9478	-1.0348	1224.2323	-1.0362	2264.1724	-1.0266	2990.2110	NaN	NaN
-1.0376	-72.5108	-1.0376	-16.5741	-1.0363	230.0853	-1.0348	611.9699	-1.0338	1238.1898	-1.0352	2300.1589	-1.0256	3064.3751	NaN	NaN
-1.0366	-71.1711	-1.0366	-13.3826	-1.0353	235.0804	-1.0338	620.6330	-1.0328	1249.9339	-1.0341	2343.6859	-1.0246	3148.0632	NaN	NaN
-1.0356	-68.6139	-1.0356	-10.4910	-1.0343	242.2269	-1.0328	626.5451	-1.0318	1266.1724	-1.0332	2371.4755	-1.0236	3211.8300	NaN	NaN
-1.0346	-65.7045	-1.0346	-6.8502	-1.0334	245.7103	-1.0318	636.3155	-1.0308	1285.9699	-1.0322	2404.4910	-1.0226	3276.2057	NaN	NaN
-1.0336	-63.8743	-1.0336	-4.2750	-1.0324	250.6297	-1.0308	647.9653	-1.0298	1295.3957	-1.0312	2449.6145	-1.0216	3355.3475	NaN	NaN
-1.0326	-61.5052	-1.0326	-1.7403	-1.0313	250.3229	-1.0299	651.5822	-1.0288	1310.3070	-1.0302	2479.9352	-1.0206	3430.1902	NaN	NaN
-1.0317	-58.6733	-1.0316	2.7622	-1.0303	263.6892	-1.0289	659.5295	-1.0278	1333.1151	-1.0292	2509.6743	-1.0196	3484.8957	NaN	NaN
-1.0307	-57.4103	-1.0306	6.2233	-1.0293	268.1261	-1.0279	674.0572	-1.0268	1341.7466	-1.0282	2554.8873	-1.0186	3565.2069	NaN	NaN
-1.0296	-55.8388	-1.0296	8.4489	-1.0283	276.8197	-1.0268	679.1312	-1.0258	1355.0152	-1.0272	2588.2938	-1.0176	3631.5921	NaN	NaN
-1.0286	-52.6139	-1.0286	12.4613	-1.0273	281.5499	-1.0259	687.2904	-1.0248	1376.2096	-1.0262	2617.1569	-1.0167	3689.4649	NaN	NaN
-1.0276	-50.0775	-1.0276	16.4717	-1.0263	285.9909	-1.0249	699.6374	-1.0238	1390.2471	-1.0245	2674.8837	-1.0156	3772.7878	NaN	NaN
-1.0266	-48.1420	-1.0266	18.2458	-1.0253	291.3365	-1.0238	705.8329	-1.0228	1404.4824	-1.0228	2742.4126	-1.0146	3836.5488	NaN	NaN
-1.0256	-45.8717	-1.0256	20.9832	-1.0243	297.0309	-1.0228	713.7686	-1.0218	1424.0075	-1.0218	2790.2688	-1.0136	3901.2585	NaN	NaN
-1.0246	-42.8755	-1.0246	26.4518	-1.0233	302.0451	-1.0219	726.8707	-1.0208	1437.8405	-1.0207	2823.0497	-1.0127	3967.9074	NaN	NaN
-1.0236	-41.6641	-1.0237	28.6066	-1.0223	307.0368	-1.0208	734.9002	-1.0198	1448.4856	-1.0198	2854.3263	-1.0116	4045.8622	NaN	NaN
-1.0226	-40.6237	-1.0226	32.0040	-1.0213	315.7131	-1.0199	741.4539	-1.0188	1468.9375	-1.0188	2893.4513	-1.0106	4123.6506	NaN	NaN
-1.0217	-36.6523	-1.0216	36.6839	-1.0203	319.3377	-1.0189	753.6833	-1.0178	1485.2242	-1.0177	2930.9059	-1.0096	4178.9973	NaN	NaN
-1.0206	-34.6897	-1.0206	38.8350	-1.0193	324.4132	-1.0178	763.3103	-1.0168	1495.2865	-1.0168	2957.1518	-1.0086	4258.3778	NaN	NaN
-1.0196	-32.9176	-1.0196	41.5317	-1.0183	332.8060	-1.0169	768.5038	-1.0159	1512.4222	-1.0158	2998.1677	-1.0076	4316.1206	NaN	NaN
-1.0186	-29.2297	-1.0187	46.5564	-1.0173	335.9071	-1.0159	779.0333	-1.0148	1532.6204	-1.0148	3036.5427	-1.0066	4374.3642	NaN	NaN
-1.0176	-28.6500	-1.0176	48.4038	-1.0163	339.6219	-1.0148	790.9527	-1.0138	1543.7530	-1.0137	3065.6421	-1.0056	4461.3800	NaN	NaN
-1.0167	-26.9868	-1.0167	50.8496	-1.0153	348.5245	-1.0138	796.6419	-1.0128	1558.3216	-1.0128	3098.9854	-1.0046	4515.4792	NaN	NaN
-1.0157	-23.7933	-1.0157	55.1509	-1.0143	352.5855	-1.0128	805.6076	-1.0118	1581.8492	-1.0118	3145.4034	-1.0036	4574.1249	NaN	NaN
-1.0147	-21.5390	-1.0147	57.1055	-1.0133	357.4285	-1.0119	819.9094	-1.0108	1596.4069	-1.0107	3184.2794	-1.0026	4652.7783	NaN	NaN
-1.0137	-20.1060	-1.0136	59.6257	-1.0123	364.8415	-1.0109	829.1186	-1.0098	1612.4877	-1.0097	3217.5664	-1.0016	4711.3578	NaN	NaN
-1.0126	-17.5821	-1.0126	63.5770	-1.0113	370.3365	-1.0098	837.0023	-1.0088	1631.6828	-1.0087	3257.2787	-1.0006	4779.0731	NaN	NaN
-1.0117	-14.9279	-1.0116	67.9200	-1.0103	378.0667	-1.0089	848.8804	-1.0078	1643.1332	-1.0077	3286.2708	-0.9996	4846.2974	NaN	NaN
-1.0106	-13.2026	-1.0106	71.6787	-1.0093	383.2205	-1.0078	854.2047	-1.0068	1656.1406	-1.0067	3316.8476	-0.9986	4918.3835	NaN	NaN
-1.0097	-11.3035	-1.0097	73.6412	-1.0083	388.4904	-1.0069	861.9876	-1.0058	1676.9312	-1.0057	3357.6451	-0.9976	4995.1112	NaN	NaN
-1.0086	-8.3466	-1.0086	79.0091	-1.0073	392.3337	-1.0059	875.1766	-1.0048	1690.2195	-1.0047	3389.3383	-0.9966	5053.0934	NaN	NaN
-1.0077	-7.2273	-1.0076	80.5124	-1.0063	397.4492	-1.0049	882.6516	-1.0038	1701.4393	-1.0038	3415.8317	-0.9956	5132.4993	NaN	NaN
-1.0066	-5.3642	-1.0066	83.2570	-1.0053	405.7743	-1.0038	888.4350	-1.0028	1721.6776	-1.0028	3458.7418	-0.9946	5180.5065	NaN	NaN
-1.0056	-2.2612	-1.0056	87.6352	-1.0043	407.6233	-1.0029	901.3025	-1.0018	1738.0691	-1.0018	3495.5425	-0.9936	5243.4022	NaN	NaN
-1.0047	-0.9880	-1.0046	88.9011	-1.0033	412.4530	-1.0018	911.0934	-1.0008	1751.6345	-1.0008	3521.9248	-0.9926	5327.6742	NaN	NaN
-1.0036	0.5868	-1.0037	91.3488	-1.0023	421.7052	-1.0008	917.7444	-0.9998	1767.9272	-0.9998	3559.6730	-0.9916	5377.9975	NaN	NaN
-1.0027	3.4364	-1.0026	96.4481	-1.0014	424.8994	-0.9998	928.5539	-0.9988	1788.7076	-0.9988	3598.7155	-0.9906	5441.2586	NaN	NaN
-1.0017	4.9759	-1.0016	98.2895	-1.0004	430.2108	-0.9989	940.2773	-0.9978	1808.1193	-0.9977	3641.3408	-0.9896	5517.6381	NaN	NaN
-1.0006	6.5952	-1.0006	101.1707	-0.9993	439.0906	-0.9978	952.3067	-0.9968	1821.8045	-0.9967	3670.4984	-0.9887	5573.8271	NaN	NaN
-0.9996	9.6024	-0.9996	105.5005	-0.9983	443.1379	-0.9968	958.8526	-0.9958	1845.8301	-0.9957	3715.5787	-0.9876	5635.0472	NaN	NaN
-0.9987	11.4403	-0.9986	108.6629	-0.9973	452.0622	-0.9959	972.9496	-0.9948	1853.5193	-0.9947	3738.0666	-0.9866	5708.5132	NaN	NaN
-0.9976	14.2069	-0.9976	113.1180	-0.9963	457.6425	-0.9948	977.5473	-0.9938	1868.1848	-0.9937	3770.2239	-0.9857	5780.5881	NaN	NaN
-0.9967	15.7083	-0.9966	115.1584	-0.9953	461.7491	-0.9938	985.4533	-0.9928	1890.7587	-0.9927	3815.8482	-0.9847	5850.1515	NaN	NaN
-0.9956	17.9702	-0.9956	118.7831	-0.9943	465.6780	-0.9929	999.5740	-0.9919	1903.9661	-0.9917	3844.6957	-0.9836	5917.3012	NaN	NaN
-0.9946	19.1824	-0.9946	121.2098	-0.9933	472.9815	-0.9919	1005.7804	-0.9908	1915.4714	-0.9908	3871.2956	-0.9826	5985.0333	NaN	NaN
-0.9936	20.5947	-0.9937	123.5383	-0.9923	478.7437	-0.9908	1012.9684	-0.9898	1938.5318	-0.9898	3918.3623	-0.9816	6031.8361	NaN	NaN
-0.9926	23.9062	-0.9926	127.9610	-0.9914	482.2636	-0.9898	1027.2304	-0.9888	1952.2777	-0.9887	3948.3132	-0.9806	6107.0086	NaN	NaN
-0.9917	24.6892	-0.9916	129.0247	-0.9903	487.9135	-0.9889	1035.3275	-0.9878	1966.0915	-0.9878	3978.5860	-0.9796	6176.9113	NaN	NaN
-0.9907	26.6398	-0.9906	131.9541	-0.9893	497.6010	-0.9879	1042.0836	-0.9868	1988.4531	-0.9868	4020.2595	-0.9786	6229.8783	NaN	NaN
-0.9896	29.7672	-0.9897	137.2653	-0.9883	500.1643	-0.9869	1054.5010	-0.9858	2004.2298	-0.9858	4058.0056	-0.9776	6293.7714	NaN	NaN
-0.9887	30.8252	-0.9886	139.0119	-0.9874	506.1067	-0.9859	1064.2670	-0.9848	2025.2292	-0.9848	4097.6188	-0.9766	6375.1461	NaN	NaN
-0.9877	32.5765	-0.9876	141.4702	-0.9864	515.2435	-0.9849	1076.4960	-0.9838	2038.3624	-0.9837	4132.6461	-0.9756	6437.4958	NaN	NaN
-0.9867	35.4672	-0.9867	146.2534	-0.9853	520.2578	-0.9839	1084.2850	-0.9828	2059.5727	-0.9827	4170.0150	-0.9746	6493.3520	NaN	NaN
-0.9857	36.9819	-0.9857	148.5596	-0.9843	526.1829	-0.9828	1096.0927	-0.9818	2071.4484	-0.9817	4197.2293	-0.9736	6572.3467	NaN	NaN
-0.9847	39.2913	-0.9846	153.3711	-0.9833	533.7522	-0.9819	1102.8033	-0.9808	2086.9798	-0.9807	4231.8936	-0.9726	6636.4088	NaN	NaN
-0.9837	41.0748	-0.9836	156.1418	-0.9823	537.8247	-0.9809	1112.6011	-0.9798	2111.5741	-0.9797	4278.5776	-0.9716	6701.4637	NaN	NaN
-0.9826	42.9337	-0.9826	158.7416	-0.9813	541.8908	-0.9798	1127.7579	-0.9788	2121.2633	-0.9787	4303.2025	-0.9706	6782.9357	NaN	NaN
-0.9817	44.3082	-0.9816	160.5024	-0.9803	549.6752	-0.9789	1132.4114	-0.9779	2136.7537	-0.9778	4335.9651	-0.9696	6834.4369	NaN	NaN
-0.9807	46.5134	-0.9806	164.2180	-0.9793	554.6045	-0.9779	1141.5266	-0.9768	2161.6875	-0.9767	4385.4900	-0.9686	6896.0055	NaN	NaN
-0.9796	48.6636	-0.9796	168.0790	-0.9783	556.8879	-0.9769	1156.5644	-0.9758	2174.8913	-0.9757	4414.5955	-0.9676	6966.3133	NaN	NaN
-0.9786	49.6749	-0.9786	169.2260	-0.9773	565.8284	-0.9759	1164.2195	-0.9748	2190.1253	-0.9747	4443.6327	-0.9666	7034.2443	NaN	NaN
-0.9776	51.8486	-0.9776	172.4481	-0.9763	572.2413	-0.9749	1172.7409	-0.9738	2213.0591	-0.9737	4492.4144	-0.9656	7094.4360	NaN	NaN
-0.9766	55.0118	-0.9766	177.9665	-0.9753	576.7673	-0.9738	1187.5039	-0.9728	2228.1986	-0.9727	4524.1616	-0.9646	7154.1279	NaN	NaN
-0.9757	55.6046	-0.9756	179.2535	-0.9743	582.5025	-0.9728	1196.3716	-0.9718	2252.7905	-0.9717	4569.0879	-0.9636	7239.6465	NaN	NaN
-0.9746	57.3813	-0.9746	182.1118	-0.9733	592.3076	-0.9718	1210.4325	-0.9708	2268.4415	-0.9707	4604.1320	-0.9626	7295.2145	NaN	NaN
-0.9737	60.2227	-0.9736	186.9374	-0.9723	598.4400	-0.9708	1220.1350	-0.9698	2286.6636	-0.9698	4639.4054	-0.9616	7352.8054	NaN	NaN
-0.9726	61.5732	-0.9726	189.5973	-0.9713	603.2282	-0.9698	1230.0561	-0.9688	2299.2626	-0.9687	4668.0684	-0.9606	7446.8530	NaN	NaN
-0.9716	63.8391	-0.9716	193.2526	-0.9703	612.2902	-0.9688	1237.2483	-0.9678	2320.3120	-0.9677	4710.2046	-0.9596	7502.5619	NaN	NaN
-0.9706	66.2461	-0.9706	196.9940	-0.9694	615.4356	-0.9679	1248.7621	-0.9668	2342.5726	-0.9668	4750.0280	-0.9586	7573.8300	NaN	NaN
-0.9696	67.4832	-0.9696	199.0554	-0.9683	620.3107	-0.9669	1262.2057	-0.9658	2354.1021	-0.9657	4780.6359	-0.9576	7651.3106	NaN	NaN
-0.9686	68.9371	-0.9686	201.2377	-0.9673	629.8666	-0.9658	1268.3062	-0.9649	2369.8353	-0.9648	4812.2246	-0.9566	7706.7688	NaN	NaN
-0.9676	71.6398	-0.9676	205.3970	-0.9664	633.9017	-0.9649	1278.7169	-0.9638	2397.4262	-0.9637	4861.3335	-0.9556	7773.1451	NaN	NaN
-0.9666	73.2455	-0.9666	208.7525	-0.9654	638.3071	-0.9639	1295.6075	-0.9628	2411.2419	-0.9627	4894.7335	-0.9546	7846.7147	NaN	NaN
-0.9657	74.1181	-0.9656	210.2104	-0.9643	647.5336	-0.9628	1301.7748	-0.9618	2426.0388	-0.9617	4927.9187	-0.9536	7909.8839	NaN	NaN
-0.9646	76.6476	-0.9647	213.9886	-0.9633	652.7518	-0.9619	1311.7974	-0.9608	2452.6821	-0.9608	4979.1042	-0.9526	7967.2103	NaN	NaN
-0.9636	79.0410	-0.9637	217.6474	-0.9623	657.3770	-0.9608	1328.3784	-0.9598	2468.7728	-0.9598	5013.5499	-0.9517	8040.6418	NaN	NaN
-0.9626	80.1165	-0.9626	219.5438	-0.9613	665.7738	-0.9599	1337.4763	-0.9588	2490.7627	-0.9587	5053.8375	-0.9506	8121.6488	NaN	NaN
-0.9617	81.9789	-0.9617	222.6526	-0.9603	672.8113	-0.9588	1350.5073	-0.9578	2512.8580	-0.9578	5098.4148	-0.9496	8172.7887	NaN	NaN
-0.9606	85.4151	-0.9606	228.4982	-0.9593	680.2420	-0.9579	1363.0384	-0.9568	2527.9833	-0.9567	5129.1501	-0.9486	8247.2485	NaN	NaN
-0.9596	86.7809	-0.9597	224.4030	-0.9583	684.7919	-0.9569	1371.8728	-0.9558	2542.9484	-0.9557	5160.7547	-0.9476	8327.2063	NaN	NaN
-0.9586	88.3184	-0.9586	234.7493	-0.9573	694.3559	-0.9559	1380.5799	-0.9548	2564.6109	-0.9547	5206.0496	-0.9466	8394.7952	NaN	NaN
-0.9576	91.0317	-0.9576	239.6764	-0.9563	697.3612	-0.9548	1394.4077	-0.9538	2584.9030	-0.9537	5245.0412	-0.9456	8470.7238	NaN	NaN
-0.9566	92.0274	-0.9566	241.0364	-0.9553	703.5076	-0.9539	1406.8954	-0.9529	2598.8936	-0.9528	5274.2981	-0.9446	8544.3936	NaN	NaN
-0.9556	93.4749	-0.9556	243.9374	-0.9543	714.1168	-0.9529	1412.8492	-0.9519	2620.1112	-0.9518	5317.9709	-0.9436	8607.6169	NaN	NaN
-0.9546	96.5445	-0.9546	248.9839	-0.9533	717.3616	-0.9519	1425.9294	-0.9509	2645.4659	-0.9508	5363.3290	-0.9426	8669.7958	NaN	NaN
-0.9536	97.7148	-0.9536	251.2747	-0.9524	722.3021	-0.9509	1441.4390	-0.9496	2650.3598	-0.9498	5393.1563	-0.9416	8750.7419	NaN	NaN
-0.9526	98.4834	-0.9527	253.0377	-0.9513	732.4734	-0.9499	1448.3536	-0.9483	2699.9480	-0.9488	5431.6472	-0.9406	8824.5924	NaN	NaN
-0.9516	101.7457	-0.9517	257.7268	-0.9504	737.7181	-0.9488	1459.8410	-0.9473	2721.2433	-0.9478	5486.9351	-0.9397	8891.7912	NaN	NaN
-0.9507	103.4928	-0.9506	260.9471	-0.9493	742.7172	-0.9479	1478.0978	-0.9463	2752.3556	-0.9468	5528.0529	-0.9386	8972.7082	NaN	NaN
-0.9496	104.6560	-0.9496	263.1630	-0.9484	752.4177	-0.9469	1489.3116	-0.9453	2769.1206	-0.9458	5564.2693	-0.9376	9035.5269	NaN	NaN
-0.9487	106.7074	-0.9487	267.1204	-0.9474	758.6539	-0.9459	1500.6309	-0.9443	2789.3822	-0.9447	5611.7766	-0.9366	9094.7764	NaN	NaN
-0.9476	109.3456	-0.9476	271.4769	-0.9463	769.0594	-0.9449	1515.7666	-0.9433	2803.7175	-0.9437	5643.1503	-0.9356	9179.3809	NaN	NaN
-0.9466	112.0292	-0.9467	275.8933	-0.9453	774.5077	-0.9438	1523.5764	-0.9423	2826.0003	-0.9428	5680.2440	-0.9346	9248.1763	NaN	NaN
-0.9457	112.9081	-0.9456	277.7420	-0.9443	781.0328	-0.9428	1534.2752	-0.9412	2852.9036	-0.9417	5732.3766	-0.9336	9331.4258	NaN	NaN
-0.9446	116.2086	-0.9447	283.0196	-0.9433	784.6689	-0.9418	1550.0877	-0.9402	2866.7260	-0.9407	5766.0025	-0.9326	9394.4080	NaN	NaN
-0.9436	116.5108	-0.9437	283.7342	-0.9423	791.0690	-0.9408	1560.5245	-0.9392	2888.0459	-0.9397	5806.5633	-0.9316	9479.0123	NaN	NaN
-0.9426	118.3948	-0.9426	286.1445	-0.9413	802.4943	-0.9399	1568.5813	-0.9383	2917.4603	-0.9388	5853.9867	-0.9306	9538.6670	NaN	NaN
-0.9416	121.6646	-0.9416	292.0844	-0.9403	804.6344	-0.9388	1584.7216	-0.9372	2930.6640	-0.9377	5893.8453	-0.9296	9599.3505	NaN	NaN
-0.9406	122.1862	-0.9407	293.7489	-0.9394	811.8401	-0.9379	1597.4917	-0.9363	2951.2801	-0.9368	5926.6898	-0.9286	9697.0305	NaN	NaN
-0.9396	123.7237	-0.9396	296.1798	-0.9383	822.8027	-0.9368	1606.5383	-0.9353	2980.7976	-0.9358	5976.9539	-0.9276	9754.6907	NaN	NaN
-0.9386	127.0023	-0.9386	301.6843	-0.9373	827.0793	-0.9359	1619.8746	-0.9342	2998.7815	-0.9348	6021.5749	-0.9267	9816.7214	NaN	NaN
-0.9376	128.2131	-0.9377	304.3209	-0.9363	833.1708	-0.9349	1636.0762	-0.9333	3025.1703	-0.9338	6066.0516	-0.9256	9918.5263	NaN	NaN
-0.9366	129.6446	-0.9367	306.4425	-0.9354	844.0801	-0.9339	1650.0527	-0.9323	3049.0688	-0.9327	6103.8152	-0.9246	9976.7160	NaN	NaN
-0.9357	132.5396	-0.9357	311.6743	-0.9343	849.2185	-0.9328	1661.3039	-0.9313	3068.3545	-0.9317	6159.9787	-0.9236	10048.2612	NaN	NaN
-0.9346	134.0531	-0.9346	314.8802	-0.9333	859.5129	-0.9318	1679.4128	-0.9303	3084.9779	-0.9308	6190.6586	-0.9226	10135.7857	NaN	NaN
-0.9336	136.9323	-0.9336	319.9026	-0.9323	866.4965	-0.9308	1686.0693	-0.9293	3112.3819	-0.9298	6230.2213	-0.9216	10205.7539	NaN	NaN
-0.9326	137.9859	-0.9327	322.1321	-0.9313	873.1377	-0.9298	1698.2708	-0.9283	3135.6306	-0.9287	6287.1291	-0.9206	10310.8871	NaN	NaN
-0.9316	140.3400	-0.9317	326.1903	-0.9304	877.5852	-0.9288	1716.8680	-0.9273	3150.3149	-0.9278	6319.6596	-0.9196	10373.6222	NaN	NaN
-0.9306	141.2429	-0.9306	328.1600	-0.9294	887.2821	-0.9279	1725.5606	-0.9263	3174.7753	-0.9268	6359.8725	-0.9186	10452.1427	NaN	NaN
-0.9296	143.1646	-0.9297	331.1332	-0.9283	894.5225	-0.9269	1735.4086	-0.9253	3205.3983	-0.9258	6414.6809	-0.9176	10513.5410	NaN	NaN
-0.9286	146.9701	-0.9287	337.6864	-0.9273	899.1296	-0.9259	1755.3362	-0.9243	3220.1053	-0.9248	6453.7930	-0.9166	10591.7045	NaN	NaN
-0.9277	147.2230	-0.9277	338.4296	-0.9263	907.0431	-0.9249	1765.9553	-0.9233	3245.2312	-0.9237	6494.8720	-0.9156	10686.8790	NaN	NaN
-0.9266	148.8825	-0.9266	341.6318	-0.9253	919.3717	-0.9238	1777.5528	-0.9222	3278.4445	-0.9227	6545.4637	-0.9146	10741.4460	NaN	NaN
-0.9256	152.3589	-0.9257	347.9762	-0.9243	923.4064	-0.9229	1794.0620	-0.9213	3302.0932	-0.9217	6590.6621	-0.9136	10819.2138	NaN	NaN
-0.9246	153.4981	-0.9246	349.6676	-0.9233	929.9807	-0.9218	1807.8579	-0.9203	3325.9577	-0.9207	6650.5991	-0.9126	10920.6876	NaN	NaN
-0.9236	154.9287	-0.9237	352.7089	-0.9223	942.0870	-0.9208	1827.7123	-0.9192	3354.5991	-0.9197	6692.6240	-0.9117	10979.9145	NaN	NaN
-0.9226	158.3698	-0.9227	358.2566	-0.9213	950.1597	-0.9198	1837.4130	-0.9183	3371.7676	-0.9187	6741.9282	-0.9107	11064.1393	NaN	NaN
-0.9216	159.8029	-0.9216	360.7529	-0.9203	957.7871	-0.9188	1854.1963	-0.9173	3393.0987	-0.9177	6776.6467	-0.9096	11149.9337	NaN	NaN
-0.9206	163.7432	-0.9206	367.8258	-0.9193	968.0100	-0.9178	1862.9171	-0.9162	3423.3881	-0.9167	6819.3396	-0.9086	11229.4269	NaN	NaN
-0.9196	164.9360	-0.9196	370.4658	-0.9183	972.7705	-0.9168	1875.6677	-0.9152	3444.8598	-0.9157	6882.0466	-0.9076	11315.3332	NaN	NaN
-0.9186	166.5008	-0.9186	373.1337	-0.9173	978.1358	-0.9158	1896.8060	-0.9143	3463.2118	-0.9148	6913.7435	-0.9066	11400.0528	NaN	NaN
-0.9176	167.3001	-0.9176	374.9708	-0.9163	989.1736	-0.9148	1903.7429	-0.9133	3492.3760	-0.9137	6956.7887	-0.9056	11486.7894	NaN	NaN
-0.9166	169.8038	-0.9166	379.3378	-0.9153	996.4153	-0.9139	1917.5138	-0.9123	3520.1010	-0.9128	7021.1896	-0.9046	11543.7487	NaN	NaN
-0.9156	172.5528	-0.9156	384.0846	-0.9143	1001.1785	-0.9129	1937.8682	-0.9113	3540.6479	-0.9118	7059.0167	-0.9036	11639.8056	NaN	NaN
-0.9146	173.1502	-0.9147	385.6358	-0.9134	1012.4060	-0.9119	1949.8769	-0.9103	3565.7507	-0.9108	7103.0135	-0.9026	11721.7205	NaN	NaN
-0.9136	175.4359	-0.9136	389.1420	-0.9124	1020.4493	-0.9109	1960.4900	-0.9093	3598.5589	-0.9098	7160.8176	-0.9016	11784.7000	NaN	NaN
-0.9126	179.2312	-0.9127	395.9929	-0.9114	1026.7661	-0.9099	1981.6235	-0.9083	3623.9005	-0.9088	7206.9343	-0.9007	11880.2050	NaN	NaN
-0.9116	180.1482	-0.9117	397.5058	-0.9104	1033.6812	-0.9088	1994.3018	-0.9073	3646.3295	-0.9078	7267.2236	-0.8996	11967.0456	NaN	NaN
-0.9107	181.7673	-0.9107	401.1505	-0.9094	1047.2016	-0.9079	2014.5837	-0.9062	3682.4586	-0.9067	7318.7716	-0.8986	12046.7503	NaN	NaN
-0.9097	185.6288	-0.9097	407.2473	-0.9084	1055.1445	-0.9068	2028.1032	-0.9053	3697.7009	-0.9057	7367.2722	-0.8976	12125.6156	NaN	NaN
-0.9086	186.9306	-0.9086	410.0288	-0.9073	1062.0167	-0.9059	2042.1175	-0.9043	3721.2950	-0.9047	7404.5927	-0.8966	12232.5199	NaN	NaN
-0.9076	189.2630	-0.9076	414.5075	-0.9063	1073.5856	-0.9048	2052.5497	-0.9033	3756.9207	-0.9037	7457.1363	-0.8956	12318.6058	NaN	NaN
-0.9067	192.2106	-0.9066	419.5725	-0.9053	1078.0564	-0.9038	2068.6196	-0.9023	3778.5703	-0.9027	7514.6113	-0.8946	12403.9202	NaN	NaN
-0.9056	193.1872	-0.9057	421.9326	-0.9043	1085.4119	-0.9028	2089.6767	-0.9013	3799.1433	-0.9018	7554.8037	-0.8936	12505.2880	NaN	NaN
-0.9047	194.6496	-0.9046	424.6976	-0.9034	1098.0929	-0.9018	2097.9941	-0.9003	3833.8601	-0.9008	7604.6151	-0.8926	12579.0427	NaN	NaN
-0.9036	197.8118	-0.9037	430.4986	-0.9023	1104.2540	-0.9009	2113.2776	-0.8993	3860.1551	-0.8997	7670.4965	-0.8916	12655.9791	NaN	NaN
-0.9026	199.7563	-0.9027	433.7198	-0.9014	1110.4214	-0.8999	2136.2487	-0.8983	3881.8707	-0.8988	7711.4856	-0.8906	12761.3099	NaN	NaN
-0.9017	200.5018	-0.9016	435.4232	-0.9003	1122.4838	-0.8989	2145.7867	-0.8973	3914.1680	-0.8978	7761.0847	-0.8896	12835.2380	NaN	NaN
-0.9007	203.3486	-0.9006	440.3821	-0.8993	1130.1181	-0.8978	2161.8700	-0.8963	3944.3645	-0.8968	7830.9716	-0.8886	12915.2321	NaN	NaN
-0.8996	206.4538	-0.8996	445.9282	-0.8984	1136.9755	-0.8969	2183.4529	-0.8953	3977.8040	-0.8958	7880.3157	-0.8876	13011.2415	NaN	NaN
-0.8986	207.6827	-0.8986	448.2652	-0.8974	1148.0326	-0.8959	2197.5149	-0.8942	4002.9377	-0.8947	7936.4724	-0.8866	13101.9963	NaN	NaN
-0.8977	209.6312	-0.8977	452.2634	-0.8963	1157.9286	-0.8949	2217.7367	-0.8932	4034.7522	-0.8937	7996.3360	-0.8856	13190.1822	NaN	NaN
-0.8967	211.4756	-0.8966	459.5457	-0.8954	1169.9981	-0.8938	2235.6320	-0.8923	4055.5178	-0.8927	8042.6214	-0.8846	13271.1759	NaN	NaN
-0.8956	217.1918	-0.8957	463.0431	-0.8944	1175.8715	-0.8928	2248.1073	-0.8913	4082.0590	-0.8917	8090.3762	-0.8836	13383.7303	NaN	NaN
-0.8946	219.0374	-0.8946	466.7070	-0.8933	1188.2243	-0.8919	2260.4528	-0.8903	4122.1875	-0.8908	8152.7922	-0.8826	13476.1508	NaN	NaN
-0.8936	222.2313	-0.8936	472.8605	-0.8924	1192.1876	-0.8908	2280.8369	-0.8893	4140.0054	-0.8897	8207.9349	-0.8816	13561.5398	NaN	NaN
-0.8926	223.1418	-0.8926	474.4688	-0.8913	1200.7459	-0.8898	2297.6449	-0.8883	4166.5961	-0.8888	8251.9737	-0.8806	13684.2971	NaN	NaN
-0.8916	224.6187	-0.8916	477.2650	-0.8903	1214.4771	-0.8889	2308.2889	-0.8873	4205.4997	-0.8878	8312.3072	-0.8796	13746.2545	NaN	NaN
-0.8906	228.4445	-0.8907	483.5867	-0.8893	1219.9495	-0.8878	2327.6554	-0.8863	4230.2261	-0.8868	8374.6305	-0.8786	13835.9929	NaN	NaN
-0.8896	229.7581	-0.8896	486.4848	-0.8883	1227.3152	-0.8869	2349.1576	-0.8853	4256.6140	-0.8857	8421.9483	-0.8776	13950.7932	NaN	NaN
-0.8887	230.8590	-0.8886	489.1609	-0.8873	1241.6631	-0.8858	2360.8973	-0.8843	4295.3754	-0.8847	8474.1571	-0.8766	14028.9892	NaN	NaN
-0.8877	234.7376	-0.8876	495.0982	-0.8863	1248.9479	-0.8849	2376.6184	-0.8833	4322.2589	-0.8837	8549.4092	-0.8756	14117.7130	NaN	NaN
-0.8867	236.7998	-0.8866	499.3078	-0.8853	1256.5997	-0.8838	2403.7760	-0.8822	4360.1459	-0.8827	8604.6418	-0.8746	14221.0937	NaN	NaN
-0.8856	238.1207	-0.8856	502.2645	-0.8843	1269.8554	-0.8828	2418.7062	-0.8812	4389.6223	-0.8818	8662.1147	-0.8736	14321.8395	NaN	NaN
-0.8847	240.9143	-0.8846	507.3951	-0.8833	1278.4346	-0.8818	2436.6216	-0.8802	4418.8845	-0.8807	8733.4339	-0.8726	14411.1489	NaN	NaN
-0.8836	244.1777	-0.8836	512.1602	-0.8823	1291.6159	-0.8808	2457.3378	-0.8792	4444.2814	-0.8798	8781.6747	-0.8716	14509.9589	NaN	NaN
-0.8826	246.9753	-0.8826	517.8517	-0.8814	1300.6172	-0.8798	2471.6041	-0.8782	4475.8102	-0.8787	8828.6041	-0.8706	14623.9628	NaN	NaN
-0.8817	248.4126	-0.8816	520.8513	-0.8803	1310.3864	-0.8788	2486.0376	-0.8772	4512.5239	-0.8777	8903.9754	-0.8696	14723.4595	NaN	NaN
-0.8806	252.5695	-0.8806	530.2628	-0.8793	1316.2168	-0.8778	2508.9039	-0.8763	4535.0161	-0.8767	8957.6275	-0.8686	14817.4354	NaN	NaN
-0.8796	252.9501	-0.8796	531.0501	-0.8783	1325.8239	-0.8768	2524.8305	-0.8753	4566.1516	-0.8758	9004.7493	-0.8676	14929.8809	NaN	NaN
-0.8786	255.0817	-0.8786	534.1534	-0.8773	1341.5292	-0.8759	2535.8653	-0.8743	4609.8041	-0.8748	9078.4671	-0.8666	15008.2748	NaN	NaN
-0.8777	259.3879	-0.8776	541.0887	-0.8763	1345.9980	-0.8749	2560.2134	-0.8733	4632.6888	-0.8737	9140.6542	-0.8656	15115.2510	NaN	NaN
-0.8766	260.3928	-0.8766	543.2694	-0.8753	1354.9869	-0.8739	2579.2752	-0.8723	4662.9062	-0.8728	9191.3327	-0.8646	15224.0699	NaN	NaN
-0.8757	261.8121	-0.8756	546.3141	-0.8743	1370.8085	-0.8728	2594.0063	-0.8713	4705.6070	-0.8718	9260.1693	-0.8636	15321.5033	NaN	NaN
-0.8747	266.0343	-0.8746	554.0316	-0.8734	1377.2849	-0.8717	2605.7665	-0.8703	4735.1603	-0.8708	9328.9913	-0.8627	15409.6572	NaN	NaN
-0.8737	267.5994	-0.8736	556.9800	-0.8723	1385.8180	-0.8706	2644.7172	-0.8693	4772.5977	-0.8698	9405.6952	-0.8617	15527.5354	NaN	NaN
-0.8727	269.3642	-0.8727	560.2045	-0.8713	1401.3423	-0.8696	2673.3702	-0.8682	4809.3470	-0.8688	9458.3585	-0.8606	15635.0046	NaN	NaN
-0.8716	273.1891	-0.8717	567.1957	-0.8704	1408.6120	-0.8686	2690.7927	-0.8673	4839.0599	-0.8677	9533.8074	-0.8596	15715.6401	NaN	NaN
-0.8707	275.3690	-0.8707	571.3021	-0.8694	1423.3011	-0.8676	2712.3434	-0.8663	4866.1722	-0.8668	9583.6298	-0.8587	15842.3444	NaN	NaN
-0.8697	279.0459	-0.8697	578.0168	-0.8683	1433.8895	-0.8666	2725.5885	-0.8653	4904.8559	-0.8658	9641.6845	-0.8577	15944.4782	NaN	NaN
-0.8687	280.8534	-0.8686	581.2904	-0.8673	1442.7073	-0.8656	2744.3862	-0.8643	4939.7855	-0.8647	9723.7602	-0.8566	16062.8331	NaN	NaN
-0.8676	284.0744	-0.8676	587.1938	-0.8664	1450.1045	-0.8645	2771.9924	-0.8633	4966.5126	-0.8637	9772.1206	-0.8556	16178.9811	NaN	NaN
-0.8667	285.1456	-0.8667	589.7020	-0.8653	1463.1798	-0.8636	2782.6885	-0.8623	5001.7630	-0.8627	9831.2095	-0.8546	16277.4529	NaN	NaN
-0.8657	287.3844	-0.8656	593.8241	-0.8643	1474.9050	-0.8626	2801.9347	-0.8612	5044.4505	-0.8618	9913.4576	-0.8536	16376.1928	NaN	NaN
-0.8646	292.1924	-0.8646	602.4294	-0.8633	1481.3120	-0.8616	2829.7361	-0.8603	5071.4188	-0.8608	9973.6749	-0.8526	16478.5371	NaN	NaN
-0.8637	292.4045	-0.8636	603.6289	-0.8624	1491.9446	-0.8606	2843.8792	-0.8593	5105.7217	-0.8598	10033.4326	-0.8516	16607.7720	NaN	NaN
-0.8627	294.5951	-0.8627	607.7139	-0.8613	1509.0689	-0.8596	2861.8556	-0.8583	5152.7330	-0.8588	10108.8958	-0.8506	16711.5655	NaN	NaN
-0.8617	299.3104	-0.8616	616.0279	-0.8603	1515.3490	-0.8586	2889.0140	-0.8573	5184.9404	-0.8577	10175.6385	-0.8497	16795.9163	NaN	NaN
-0.8607	300.7890	-0.8606	619.0189	-0.8594	1524.9234	-0.8575	2905.5621	-0.8562	5222.9899	-0.8567	10255.1842	-0.8486	16945.6922	NaN	NaN
-0.8597	302.7350	-0.8596	622.5854	-0.8584	1542.0468	-0.8566	2932.7959	-0.8552	5268.2128	-0.8558	10321.5569	-0.8476	17038.9747	NaN	NaN
-0.8587	306.9989	-0.8586	629.9880	-0.8573	1552.4635	-0.8556	2954.4644	-0.8543	5297.1034	-0.8548	10391.9145	-0.8466	17140.5778	NaN	NaN
-0.8577	308.5814	-0.8576	633.7635	-0.8563	1562.9760	-0.8546	2972.4008	-0.8532	5327.1017	-0.8537	10451.7719	-0.8456	17278.4609	NaN	NaN
-0.8567	313.0743	-0.8566	641.7230	-0.8553	1578.0037	-0.8535	2989.2967	-0.8523	5373.8428	-0.8528	10516.4024	-0.8446	17375.4227	NaN	NaN
-0.8557	315.4896	-0.8556	646.1401	-0.8543	1585.7114	-0.8526	3012.5187	-0.8513	5405.5593	-0.8518	10605.2508	-0.8436	17519.4148	NaN	NaN
-0.8546	317.6264	-0.8547	650.0745	-0.8534	1595.2520	-0.8515	3034.8601	-0.8503	5432.5046	-0.8508	10659.0605	-0.8426	17637.7283	NaN	NaN
-0.8536	318.8791	-0.8536	653.7646	-0.8523	1609.5064	-0.8506	3050.2961	-0.8493	5477.3690	-0.8498	10726.5609	-0.8416	17740.6816	NaN	NaN
-0.8526	322.0148	-0.8526	658.7955	-0.8513	1620.1066	-0.8496	3070.5819	-0.8483	5517.4465	-0.8487	10816.5901	-0.8406	17854.1376	NaN	NaN
-0.8517	326.0038	-0.8517	665.8904	-0.8503	1626.6271	-0.8486	3101.2945	-0.8473	5547.6745	-0.8478	10877.2586	-0.8396	17965.9075	NaN	NaN
-0.8507	327.0270	-0.8506	668.2518	-0.8493	1642.7705	-0.8476	3115.3348	-0.8463	5588.2708	-0.8468	10945.2839	-0.8386	18097.2133	NaN	NaN
-0.8496	329.6423	-0.8497	672.9043	-0.8483	1655.8219	-0.8466	3135.7665	-0.8452	5635.4969	-0.8457	11031.2255	-0.8376	18195.7936	NaN	NaN
-0.8487	335.0872	-0.8486	682.9651	-0.8474	1663.9320	-0.8455	3166.8781	-0.8443	5678.2392	-0.8447	11102.0947	-0.8366	18304.9887	NaN	NaN
-0.8477	335.6853	-0.8476	684.6249	-0.8463	1675.5680	-0.8446	3188.0986	-0.8433	5713.7538	-0.8437	11190.6111	-0.8356	18460.1428	NaN	NaN
-0.8467	338.1110	-0.8467	689.0926	-0.8453	1693.4850	-0.8435	3210.9676	-0.8422	5761.6506	-0.8427	11263.5838	-0.8346	18549.1699	NaN	NaN
-0.8457	343.2706	-0.8456	698.4443	-0.8444	1706.3849	-0.8426	3236.9662	-0.8412	5789.3564	-0.8417	11337.9354	-0.8336	18678.9093	NaN	NaN
-0.8447	345.1509	-0.8446	702.1963	-0.8433	1716.5891	-0.8415	3256.7971	-0.8402	5827.3258	-0.8407	11398.5904	-0.8326	18818.7714	NaN	NaN
-0.8437	349.0061	-0.8436	709.5735	-0.8423	1733.4323	-0.8406	3273.9897	-0.8392	5875.3177	-0.8398	11479.2621	-0.8317	18941.2207	NaN	NaN
-0.8427	352.7166	-0.8426	715.6094	-0.8413	1741.2505	-0.8395	3300.4564	-0.8383	5909.4125	-0.8387	11562.5801	-0.8307	19069.6847	NaN	NaN
-0.8417	354.1705	-0.8416	718.8526	-0.8403	1750.7211	-0.8385	3322.5427	-0.8373	5942.2285	-0.8377	11624.8752	-0.8296	19196.5795	NaN	NaN
-0.8407	356.0462	-0.8406	723.2390	-0.8393	1767.4031	-0.8375	3338.3970	-0.8362	5992.7180	-0.8368	11699.4562	-0.8286	19317.2376	NaN	NaN
-0.8396	360.4093	-0.8396	730.3971	-0.8383	1777.3847	-0.8366	3366.0721	-0.8353	6030.4954	-0.8357	11798.7259	-0.8277	19429.3412	NaN	NaN
-0.8386	362.9645	-0.8386	735.7814	-0.8374	1785.4128	-0.8356	3392.2876	-0.8343	6067.4368	-0.8348	11861.6759	-0.8266	19565.1695	NaN	NaN
-0.8377	364.0683	-0.8376	737.9142	-0.8363	1803.0162	-0.8345	3409.3308	-0.8333	6114.3283	-0.8337	11936.0462	-0.8256	19697.1431	NaN	NaN
-0.8367	367.7836	-0.8366	744.6886	-0.8353	1814.9746	-0.8336	3431.4173	-0.8323	6155.7873	-0.8328	12031.4219	-0.8246	19798.2731	NaN	NaN
-0.8357	372.0271	-0.8356	752.7676	-0.8343	1824.4130	-0.8326	3464.3313	-0.8313	6203.4183	-0.8318	12109.5387	-0.8236	19941.9633	NaN	NaN
-0.8347	373.4011	-0.8347	755.7665	-0.8334	1839.6165	-0.8316	3488.6871	-0.8303	6242.9663	-0.8307	12193.0528	-0.8226	20077.0250	NaN	NaN
-0.8337	376.0911	-0.8337	761.1009	-0.8323	1853.7768	-0.8306	3509.2822	-0.8292	6292.1012	-0.8298	12283.2560	-0.8216	20188.3967	NaN	NaN
-0.8327	381.9068	-0.8327	771.4133	-0.8314	1869.5912	-0.8296	3540.6711	-0.8283	6327.4728	-0.8287	12353.9324	-0.8206	20332.1653	NaN	NaN
-0.8317	384.5377	-0.8317	775.9898	-0.8304	1879.1779	-0.8286	3558.6299	-0.8273	6366.3887	-0.8277	12423.8530	-0.8197	20467.5271	NaN	NaN
-0.8307	386.6969	-0.8306	781.1962	-0.8293	1898.1488	-0.8276	3579.2080	-0.8262	6422.1176	-0.8268	12519.7829	-0.8186	20637.0901	NaN	NaN
-0.8296	391.6086	-0.8297	789.6006	-0.8284	1905.1625	-0.8266	3610.9580	-0.8253	6452.1801	-0.8257	12601.4477	-0.8176	20768.5052	NaN	NaN
-0.8286	393.3381	-0.8286	793.0647	-0.8273	1917.2003	-0.8256	3631.7582	-0.8243	6491.1603	-0.8247	12667.4588	-0.8166	20912.2989	NaN	NaN
-0.8277	395.1739	-0.8277	796.5433	-0.8263	1936.0017	-0.8245	3648.9240	-0.8233	6547.3319	-0.8238	12758.0467	-0.8156	21029.6181	NaN	NaN
-0.8267	400.3765	-0.8266	805.9973	-0.8253	1943.9399	-0.8236	3680.4689	-0.8222	6585.0720	-0.8228	12851.2732	-0.8146	21138.8192	NaN	NaN
-0.8257	402.2804	-0.8256	809.8987	-0.8244	1954.6885	-0.8226	3703.9734	-0.8213	6623.7320	-0.8218	12923.1733	-0.8136	21304.9440	NaN	NaN
-0.8247	403.6082	-0.8246	813.1174	-0.8233	1974.9320	-0.8216	3724.3653	-0.8203	6677.6797	-0.8208	13006.2490	-0.8126	21405.5047	NaN	NaN
-0.8237	408.8552	-0.8236	822.2245	-0.8223	1984.6417	-0.8206	3753.3198	-0.8193	6719.1543	-0.8197	13111.4201	-0.8116	21541.5771	NaN	NaN
-0.8227	411.7437	-0.8226	828.2447	-0.8214	1996.3436	-0.8196	3780.7763	-0.8183	6795.7291	-0.8188	13210.6664	-0.8106	21711.0885	NaN	NaN
-0.8217	413.5994	-0.8217	832.3088	-0.8203	2014.1923	-0.8185	3822.8874	-0.8172	6829.5851	-0.8177	13306.0839	-0.8096	21832.2108	NaN	NaN
-0.8207	417.4299	-0.8207	838.7330	-0.8193	2026.2741	-0.8176	3839.2787	-0.8163	6872.5927	-0.8167	13398.8818	-0.8086	21966.1972	NaN	NaN
-0.8197	422.2428	-0.8196	847.3685	-0.8183	2055.2105	-0.8165	3869.6320	-0.8152	6906.7923	-0.8157	13469.1819	-0.8076	22111.6901	NaN	NaN
-0.8187	429.4677	-0.8186	859.8955	-0.8173	2062.3956	-0.8155	3885.6879	-0.8143	6950.2914	-0.8147	13543.6090	-0.8066	22254.8398	NaN	NaN
-0.8176	430.2076	-0.8176	862.7830	-0.8163	2075.5060	-0.8146	3908.6375	-0.8132	7005.1470	-0.8137	13648.7988	-0.8056	22414.0521	NaN	NaN
-0.8166	434.9151	-0.8166	870.8197	-0.8154	2083.1850	-0.8135	3944.8586	-0.8122	7038.2801	-0.8127	13729.0239	-0.8046	22542.0896	NaN	NaN
-0.8156	435.4551	-0.8156	872.1955	-0.8143	2095.2919	-0.8126	3961.7095	-0.8113	7084.5584	-0.8117	13803.0328	-0.8036	22699.5648	NaN	NaN
-0.8147	437.9238	-0.8146	876.9773	-0.8133	2116.3908	-0.8116	3983.4476	-0.8103	7143.9222	-0.8108	13906.5690	-0.8026	22819.3791	NaN	NaN
-0.8136	443.7794	-0.8136	887.1628	-0.8123	2122.4279	-0.8105	4016.5727	-0.8092	7180.4379	-0.8097	13999.7677	-0.8016	22950.2753	NaN	NaN
-0.8126	444.7786	-0.8126	890.4373	-0.8114	2135.2951	-0.8096	4039.3707	-0.8083	7222.4868	-0.8087	14074.1510	-0.8006	23129.7897	NaN	NaN
-0.8117	446.4323	-0.8116	893.8879	-0.8103	2157.2436	-0.8086	4060.9084	-0.8072	7279.5298	-0.8077	14170.2304	-0.7996	23281.7540	NaN	NaN
-0.8107	452.5279	-0.8107	903.8984	-0.8093	2165.7344	-0.8076	4093.1570	-0.8062	7324.0209	-0.8067	14268.4007	-0.7986	23407.7481	NaN	NaN
-0.8096	454.6057	-0.8096	908.7911	-0.8084	2177.0556	-0.8066	4119.9889	-0.8052	7379.3073	-0.8057	14373.3481	-0.7976	23558.2401	NaN	NaN
-0.8087	456.6502	-0.8086	913.1576	-0.8073	2198.2334	-0.8055	4151.2055	-0.8042	7427.7217	-0.8047	14456.7289	-0.7967	23701.3717	NaN	NaN
-0.8077	462.1422	-0.8076	922.0899	-0.8063	2208.8465	-0.8046	4176.4550	-0.8032	7471.2066	-0.8037	14563.7839	-0.7957	23837.5172	NaN	NaN
-0.8066	465.1199	-0.8066	928.8712	-0.8053	2228.8262	-0.8035	4203.4558	-0.8022	7513.6212	-0.8027	14640.4824	-0.7946	23985.9616	NaN	NaN
-0.8056	470.0022	-0.8056	937.1492	-0.8043	2243.0531	-0.8025	4223.4983	-0.8012	7565.5515	-0.8018	14728.9892	-0.7936	24143.4827	NaN	NaN
-0.8046	472.4272	-0.8046	941.8417	-0.8033	2255.7668	-0.8016	4248.0059	-0.8002	7616.0002	-0.8007	14836.1385	-0.7926	24311.9478	NaN	NaN
-0.8036	476.7303	-0.8036	949.8175	-0.8024	2264.9949	-0.8005	4285.4371	-0.7992	7656.4201	-0.7997	14935.6528	-0.7916	24458.7373	NaN	NaN
-0.8027	478.0200	-0.8026	952.5633	-0.8013	2282.1793	-0.7995	4303.1619	-0.7983	7702.2533	-0.7987	15012.5134	-0.7906	24615.0583	NaN	NaN
-0.8016	481.2076	-0.8016	958.2044	-0.8003	2297.9972	-0.7985	4326.3092	-0.7973	7763.3488	-0.7978	15121.9675	-0.7896	24741.2030	NaN	NaN
-0.8006	487.5293	-0.8006	969.6091	-0.7993	2306.9799	-0.7975	4363.2893	-0.7962	7801.0457	-0.7968	15207.7956	-0.7886	24898.1162	NaN	NaN
-0.7996	487.6457	-0.7996	971.0469	-0.7983	2319.7921	-0.7966	4383.7400	-0.7953	7846.8641	-0.7958	15296.7356	-0.7876	25054.9033	NaN	NaN
-0.7987	490.6448	-0.7986	976.1684	-0.7973	2342.0210	-0.7956	4406.7489	-0.7942	7913.5289	-0.7948	15401.3113	-0.7866	25189.2659	NaN	NaN
-0.7976	497.3211	-0.7976	987.6350	-0.7964	2351.1078	-0.7946	4443.1642	-0.7933	7958.6112	-0.7938	15500.2699	-0.7856	25337.4337	NaN	NaN
-0.7967	499.1566	-0.7966	991.8732	-0.7953	2363.6479	-0.7936	4466.1350	-0.7922	8012.8383	-0.7927	15612.7384	-0.7846	25509.6860	NaN	NaN
-0.7957	501.4016	-0.7956	996.3186	-0.7943	2385.0163	-0.7926	4502.6959	-0.7912	8066.0486	-0.7917	15704.4893	-0.7836	25653.0132	NaN	NaN
-0.7947	506.9337	-0.7946	1006.5398	-0.7933	2398.8379	-0.7916	4529.7220	-0.7902	8107.9353	-0.7907	15806.0072	-0.7826	25793.3788	NaN	NaN
-0.7937	509.2125	-0.7936	1010.9042	-0.7923	2415.2352	-0.7906	4553.4416	-0.7893	8150.1503	-0.7897	15890.1374	-0.7816	25971.8173	NaN	NaN
-0.7926	516.3768	-0.7926	1022.3799	-0.7913	2432.3725	-0.7896	4573.0780	-0.7882	8207.4583	-0.7887	15982.8345	-0.7806	26125.1657	NaN	NaN
-0.7916	518.5311	-0.7916	1027.3444	-0.7903	2441.8843	-0.7885	4603.8951	-0.7872	8255.4467	-0.7877	16102.5137	-0.7796	26284.8810	NaN	NaN
-0.7906	520.8911	-0.7906	1032.8334	-0.7893	2452.4203	-0.7875	4632.9407	-0.7862	8290.9544	-0.7867	16181.2082	-0.7786	26454.7945	NaN	NaN
-0.7897	522.5834	-0.7896	1036.0541	-0.7883	2470.6901	-0.7865	4651.4340	-0.7852	8351.1604	-0.7857	16273.6845	-0.7776	26598.4532	NaN	NaN
-0.7886	526.1582	-0.7886	1042.5874	-0.7873	2484.9168	-0.7856	4676.7450	-0.7843	8401.6834	-0.7847	16393.5593	-0.7751	26918.2372	NaN	NaN
-0.7876	531.7014	-0.7876	1051.2986	-0.7863	2492.5288	-0.7846	4715.7187	-0.7832	8442.4463	-0.7837	16480.3184	-0.7727	27342.5698	NaN	NaN
-0.7866	532.1802	-0.7866	1053.9437	-0.7853	2511.2721	-0.7836	4732.4385	-0.7822	8492.2484	-0.7827	16573.4147	-0.7716	27529.0916	NaN	NaN
-0.7856	535.5393	-0.7856	1059.2541	-0.7843	2526.2706	-0.7826	4757.0971	-0.7812	8553.7221	-0.7818	16689.1106	-0.7707	27672.8653	NaN	NaN
-0.7846	542.3450	-0.7846	1071.5030	-0.7833	2536.4449	-0.7816	4795.3717	-0.7803	8604.0291	-0.7807	16784.1481	-0.7697	27822.6479	NaN	NaN
-0.7836	542.9355	-0.7836	1073.3897	-0.7823	2549.7609	-0.7805	4818.9344	-0.7792	8651.0606	-0.7797	16901.9131	-0.7686	28019.0031	NaN	NaN
-0.7826	545.7849	-0.7827	1078.1763	-0.7813	2571.7487	-0.7796	4845.9780	-0.7783	8713.4973	-0.7787	17002.8122	-0.7676	28176.2301	NaN	NaN
-0.7817	552.1548	-0.7816	1089.1134	-0.7803	2569.6609	-0.7786	4878.4483	-0.7773	8750.2697	-0.7777	17095.8785	-0.7666	28341.6223	NaN	NaN
-0.7807	554.0968	-0.7806	1093.2281	-0.7792	2606.7398	-0.7776	4898.4634	-0.7762	8793.5281	-0.7767	17181.5651	-0.7656	28525.5614	NaN	NaN
-0.7797	558.1824	-0.7797	1101.4344	-0.7782	2628.9582	-0.7766	4919.9318	-0.7753	8854.0120	-0.7758	17288.7165	-0.7647	28656.5125	NaN	NaN
-0.7787	562.9046	-0.7786	1109.2516	-0.7773	2636.1354	-0.7756	4950.9575	-0.7742	8894.9695	-0.7747	17402.7133	-0.7636	28811.7551	NaN	NaN
-0.7777	564.5531	-0.7776	1112.8021	-0.7762	2646.4368	-0.7746	4976.8064	-0.7733	8935.9548	-0.7737	17484.3698	-0.7626	28987.5260	NaN	NaN
-0.7767	565.7930	-0.7766	1115.8804	-0.7752	2667.7562	-0.7735	4992.6107	-0.7723	8997.7998	-0.7728	17582.0965	-0.7616	29147.9735	NaN	NaN
-0.7757	570.6593	-0.7756	1124.7084	-0.7742	2675.2690	-0.7726	5025.0250	-0.7713	9046.1932	-0.7717	17709.6166	-0.7606	29281.5965	NaN	NaN
-0.7746	573.5898	-0.7746	1130.2554	-0.7732	2684.2845	-0.7716	5054.3834	-0.7703	9086.0292	-0.7707	17790.7392	-0.7596	29456.5349	NaN	NaN
-0.7737	574.0015	-0.7736	1131.9567	-0.7722	2704.6902	-0.7705	5073.1744	-0.7692	9141.5209	-0.7698	17887.0495	-0.7586	29635.0345	NaN	NaN
-0.7727	578.4663	-0.7726	1139.0815	-0.7712	2715.8404	-0.7695	5096.5084	-0.7683	9190.8924	-0.7687	18009.7905	-0.7577	29767.8272	NaN	NaN
-0.7717	583.7193	-0.7716	1148.1159	-0.7702	2725.2958	-0.7686	5132.5651	-0.7673	9248.1079	-0.7677	18108.3464	-0.7567	29924.0514	NaN	NaN
-0.7707	584.7353	-0.7707	1149.9229	-0.7693	2742.0175	-0.7676	5158.2196	-0.7663	9290.4198	-0.7667	18217.4170	-0.7557	30117.0705	NaN	NaN
-0.7697	587.5356	-0.7696	1155.5211	-0.7683	2755.3343	-0.7665	5180.6599	-0.7652	9347.5049	-0.7657	18325.3217	-0.7547	30272.8579	NaN	NaN
-0.7686	594.3872	-0.7686	1166.7972	-0.7672	2772.1622	-0.7656	5212.6986	-0.7642	9381.0570	-0.7647	18415.7132	-0.7536	30448.5146	NaN	NaN
-0.7676	596.4841	-0.7677	1170.5372	-0.7662	2781.5970	-0.7645	5227.7163	-0.7632	9424.3899	-0.7637	18508.3445	-0.7526	30622.0452	NaN	NaN
-0.7666	598.6009	-0.7666	1175.4346	-0.7652	2798.9894	-0.7636	5247.5035	-0.7623	9489.0359	-0.7627	18619.2729	-0.7516	30762.8553	NaN	NaN
-0.7657	603.9916	-0.7656	1184.4062	-0.7642	2804.0050	-0.7626	5280.5193	-0.7612	9521.9858	-0.7617	18722.0171	-0.7506	30913.6436	NaN	NaN
-0.7646	604.4354	-0.7646	1185.9589	-0.7632	2815.0480	-0.7615	5299.0971	-0.7603	9561.1930	-0.7608	18804.6937	-0.7496	31082.6909	NaN	NaN
-0.7636	605.9521	-0.7636	1188.0935	-0.7622	2835.6265	-0.7606	5314.9711	-0.7592	9622.9694	-0.7597	18912.2422	-0.7486	31255.5282	NaN	NaN
-0.7626	611.5907	-0.7626	1197.8229	-0.7612	2838.2922	-0.7595	5344.6818	-0.7583	9660.6812	-0.7587	19022.2055	-0.7476	31386.7360	NaN	NaN
-0.7616	613.0002	-0.7616	1200.8047	-0.7603	2848.2016	-0.7586	5368.4436	-0.7573	9700.8198	-0.7578	19115.3088	-0.7467	31565.3555	NaN	NaN
-0.7606	612.6637	-0.7606	1201.6707	-0.7592	2866.7950	-0.7576	5386.5871	-0.7563	9755.0018	-0.7568	19211.3415	-0.7456	31726.3768	NaN	NaN
-0.7596	618.5112	-0.7596	1211.1457	-0.7583	2875.2452	-0.7566	5411.9407	-0.7553	9800.7056	-0.7558	19337.6153	-0.7447	31862.8777	NaN	NaN
-0.7586	620.8824	-0.7587	1215.7767	-0.7572	2883.0177	-0.7555	5438.1298	-0.7542	9857.0003	-0.7547	19433.7967	-0.7436	32044.1962	NaN	NaN
-0.7576	621.7222	-0.7577	1218.0046	-0.7562	2900.7872	-0.7545	5463.1051	-0.7533	9899.7132	-0.7537	19532.6253	-0.7427	32213.2391	NaN	NaN
-0.7566	624.8800	-0.7566	1223.4168	-0.7552	2909.2453	-0.7536	5480.7254	-0.7522	9944.8030	-0.7527	19649.3747	-0.7417	32378.0858	NaN	NaN
-0.7557	629.7407	-0.7556	1231.7375	-0.7542	2925.6534	-0.7525	5512.6601	-0.7513	9976.7973	-0.7517	19733.0578	-0.7406	32547.7627	NaN	NaN
-0.7547	633.1447	-0.7546	1236.8105	-0.7533	2935.4158	-0.7516	5522.6491	-0.7503	10021.2788	-0.7508	19820.4231	-0.7396	32709.1283	NaN	NaN
-0.7537	633.8696	-0.7536	1239.3948	-0.7522	2944.7878	-0.7506	5539.4912	-0.7493	10072.8612	-0.7498	19937.7574	-0.7387	32854.1987	NaN	NaN
-0.7527	639.5204	-0.7526	1248.6458	-0.7513	2950.3023	-0.7496	5571.3673	-0.7482	10100.8676	-0.7487	20029.7366	-0.7377	33005.3879	NaN	NaN
-0.7516	638.3868	-0.7516	1247.0552	-0.7503	2961.1190	-0.7486	5582.6598	-0.7472	10143.0019	-0.7477	20113.8113	-0.7367	33194.0668	NaN	NaN
-0.7507	639.6035	-0.7506	1250.4750	-0.7493	2976.2058	-0.7476	5597.0512	-0.7462	10203.3305	-0.7467	20225.2706	-0.7356	33329.5036	NaN	NaN
-0.7496	645.6090	-0.7496	1259.1479	-0.7482	2978.7516	-0.7465	5627.1090	-0.7453	10230.3591	-0.7457	20320.1885	-0.7346	33461.0295	NaN	NaN
-0.7486	644.8939	-0.7486	1259.8551	-0.7472	2987.0201	-0.7455	5641.7074	-0.7442	10266.4033	-0.7447	20415.0803	-0.7336	33654.5648	NaN	NaN
-0.7477	645.5151	-0.7476	1261.4493	-0.7462	3005.8320	-0.7445	5654.8258	-0.7433	10326.2935	-0.7437	20512.7417	-0.7327	33805.8443	NaN	NaN
-0.7466	651.0085	-0.7466	1269.7548	-0.7452	3007.8633	-0.7436	5681.6152	-0.7422	10359.3048	-0.7427	20617.6884	-0.7316	33950.2806	NaN	NaN
-0.7456	651.8567	-0.7456	1272.1161	-0.7443	3013.8873	-0.7425	5700.1143	-0.7412	10409.2033	-0.7417	20731.0244	-0.7306	34126.8536	NaN	NaN
-0.7446	652.7064	-0.7447	1273.5009	-0.7432	3031.3624	-0.7415	5729.3426	-0.7403	10448.9090	-0.7407	20821.5112	-0.7297	34268.8152	NaN	NaN
-0.7437	656.3674	-0.7437	1280.2252	-0.7422	3037.7925	-0.7405	5742.2128	-0.7392	10482.5179	-0.7397	20935.5471	-0.7286	34458.7867	NaN	NaN
-0.7427	658.4236	-0.7426	1284.5476	-0.7412	3051.1731	-0.7395	5760.4430	-0.7382	10509.7698	-0.7387	21007.7408	-0.7276	34603.9979	NaN	NaN
-0.7416	663.7390	-0.7417	1292.5520	-0.7402	3061.0268	-0.7386	5769.6765	-0.7373	10554.1099	-0.7378	21095.9539	-0.7266	34762.6061	NaN	NaN
-0.7406	663.2417	-0.7406	1292.6986	-0.7392	3064.7208	-0.7375	5782.8771	-0.7362	10593.7585	-0.7367	21212.4740	-0.7256	34898.3299	NaN	NaN
-0.7396	666.6565	-0.7396	1298.4050	-0.7382	3067.1798	-0.7365	5811.6446	-0.7353	10616.9394	-0.7357	21286.3010	-0.7246	35039.4884	NaN	NaN
-0.7386	665.8413	-0.7386	1297.0986	-0.7372	3079.1917	-0.7356	5814.4454	-0.7343	10654.8154	-0.7347	21370.7126	-0.7236	35226.3846	NaN	NaN
-0.7376	666.8380	-0.7376	1299.7991	-0.7362	3087.3377	-0.7345	5827.7069	-0.7332	10700.3353	-0.7337	21481.0145	-0.7226	35352.2761	NaN	NaN
-0.7366	672.5654	-0.7366	1308.9680	-0.7352	3087.7279	-0.7335	5855.9759	-0.7323	10726.6297	-0.7327	21564.5788	-0.7216	35483.4841	NaN	NaN
-0.7356	670.5232	-0.7356	1305.5826	-0.7342	3096.3084	-0.7326	5863.4218	-0.7313	10755.5845	-0.7318	21646.8001	-0.7207	35674.6351	NaN	NaN
-0.7347	671.4696	-0.7347	1307.0279	-0.7332	3108.2222	-0.7316	5872.1466	-0.7303	10809.1777	-0.7307	21750.4650	-0.7196	35791.1830	NaN	NaN
-0.7337	677.0072	-0.7336	1315.9222	-0.7322	3109.2367	-0.7305	5896.7997	-0.7293	10837.9804	-0.7297	21854.3554	-0.7186	35947.2060	NaN	NaN
-0.7326	676.4169	-0.7326	1316.0957	-0.7312	3113.9313	-0.7295	5906.9052	-0.7283	10870.3567	-0.7287	21954.1582	-0.7177	36115.5006	NaN	NaN
-0.7317	676.7946	-0.7316	1317.0118	-0.7302	3130.3528	-0.7285	5928.2968	-0.7272	10910.7278	-0.7277	22035.0802	-0.7166	36251.6828	NaN	NaN
-0.7306	681.2740	-0.7306	1324.1083	-0.7292	3134.9242	-0.7275	5940.8420	-0.7263	10932.9341	-0.7267	22131.5181	-0.7156	36434.1551	NaN	NaN
-0.7297	681.8076	-0.7296	1324.5586	-0.7282	3139.4603	-0.7265	5952.1806	-0.7253	10955.8835	-0.7257	22199.9456	-0.7146	36589.6010	NaN	NaN
-0.7286	685.5511	-0.7286	1331.8613	-0.7272	3150.3521	-0.7256	5955.1523	-0.7243	10994.9143	-0.7248	22280.8705	-0.7136	36736.0742	NaN	NaN
-0.7276	686.5008	-0.7276	1333.3278	-0.7262	3150.8138	-0.7245	5971.3624	-0.7233	11020.1059	-0.7237	22387.9629	-0.7127	36844.9160	NaN	NaN
-0.7266	687.0636	-0.7266	1334.6995	-0.7252	3152.9695	-0.7235	5983.5879	-0.7223	11036.3675	-0.7227	22453.6607	-0.7116	37000.9380	NaN	NaN
-0.7256	686.5487	-0.7256	1333.0272	-0.7242	3163.7579	-0.7225	5986.8620	-0.7213	11071.3026	-0.7217	22526.1923	-0.7107	37160.0052	NaN	NaN
-0.7246	687.7282	-0.7246	1335.3252	-0.7232	3165.7427	-0.7216	5995.0806	-0.7202	11102.4182	-0.7207	22632.2971	-0.7096	37266.9512	NaN	NaN
-0.7236	690.7511	-0.7236	1340.8388	-0.7222	3163.8072	-0.7206	6018.6310	-0.7192	11121.0196	-0.7198	22704.2019	-0.7086	37413.5995	NaN	NaN
-0.7226	688.9283	-0.7227	1338.5240	-0.7212	3172.9646	-0.7195	6017.9779	-0.7183	11146.3538	-0.7188	22776.1497	-0.7076	37574.0771	NaN	NaN
-0.7216	689.9083	-0.7216	1339.4103	-0.7202	3179.0845	-0.7186	6024.2363	-0.7173	11182.4118	-0.7178	22878.3126	-0.7066	37695.0271	NaN	NaN
-0.7206	695.8005	-0.7206	1349.1072	-0.7192	3177.6905	-0.7176	6045.9939	-0.7163	11217.1677	-0.7168	22947.9112	-0.7056	37830.8905	NaN	NaN
-0.7196	692.9702	-0.7197	1345.6443	-0.7182	3182.0292	-0.7165	6054.6970	-0.7152	11242.1852	-0.7157	23060.9374	-0.7047	37986.6511	NaN	NaN
-0.7187	693.4597	-0.7187	1344.9744	-0.7173	3190.8234	-0.7156	6067.3433	-0.7142	11276.7110	-0.7147	23135.2281	-0.7036	38131.3144	NaN	NaN
-0.7176	697.8723	-0.7176	1352.2645	-0.7163	3200.2694	-0.7145	6080.8559	-0.7132	11284.4667	-0.7137	23209.3890	-0.7027	38265.4309	NaN	NaN
-0.7167	697.6659	-0.7166	1351.9610	-0.7153	3201.3149	-0.7136	6081.0277	-0.7122	11296.1210	-0.7127	23265.0550	-0.7016	38418.8065	NaN	NaN
-0.7156	700.9537	-0.7156	1356.9475	-0.7142	3212.2156	-0.7126	6080.1950	-0.7112	11331.1175	-0.7117	23347.8507	-0.7007	38555.6502	NaN	NaN
-0.7147	701.8881	-0.7146	1358.3291	-0.7132	3205.6360	-0.7116	6093.9948	-0.7102	11341.9509	-0.7107	23435.7182	-0.6997	38659.5809	NaN	NaN
-0.7136	700.3968	-0.7137	1355.9630	-0.7122	3204.9340	-0.7106	6098.1534	-0.7093	11349.2562	-0.7097	23482.9838	-0.6986	38809.1885	NaN	NaN
-0.7127	699.0963	-0.7126	1352.7481	-0.7112	3213.9210	-0.7096	6092.3461	-0.7082	11381.1896	-0.7087	23554.4026	-0.6976	38942.7537	NaN	NaN
-0.7117	701.1518	-0.7116	1356.2423	-0.7103	3208.8058	-0.7085	6101.4460	-0.7073	11395.4291	-0.7077	23652.2825	-0.6967	39032.2789	NaN	NaN
-0.7106	701.7446	-0.7107	1357.7280	-0.7092	3204.6963	-0.7075	6112.1722	-0.7062	11403.6388	-0.7067	23701.9596	-0.6957	39190.2819	NaN	NaN
-0.7096	698.3715	-0.7096	1351.8350	-0.7083	3215.0172	-0.7066	6106.8187	-0.7052	11430.0368	-0.7058	23764.6580	-0.6946	39317.4951	NaN	NaN
-0.7087	699.8498	-0.7086	1354.2012	-0.7072	3211.8824	-0.7056	6108.5284	-0.7042	11446.3992	-0.7047	23861.1550	-0.6936	39434.7908	NaN	NaN
-0.7076	702.2858	-0.7076	1357.5992	-0.7062	3208.1225	-0.7045	6126.9161	-0.7032	11468.8682	-0.7037	23920.0977	-0.6927	39544.6114	NaN	NaN
-0.7066	699.9918	-0.7066	1353.0206	-0.7052	3214.3516	-0.7035	6128.7722	-0.7023	11477.4839	-0.7027	23994.4311	-0.6916	39709.4569	NaN	NaN
-0.7056	699.6035	-0.7057	1351.8776	-0.7042	3220.3910	-0.7026	6127.4565	-0.7012	11498.3049	-0.7017	24067.3011	-0.6907	39838.8312	NaN	NaN
-0.7046	703.2655	-0.7046	1358.5489	-0.7033	3223.3320	-0.7015	6140.0015	-0.7003	11499.0411	-0.7007	24125.1599	-0.6896	39954.0541	NaN	NaN
-0.7036	701.8093	-0.7036	1355.4089	-0.7022	3218.4737	-0.7006	6131.7404	-0.6992	11505.1785	-0.6997	24173.2354	-0.6886	40103.8082	NaN	NaN
-0.7027	700.6611	-0.7026	1354.3943	-0.7012	3222.1869	-0.6996	6125.0903	-0.6982	11533.4991	-0.6987	24248.1685	-0.6876	40184.3320	NaN	NaN
-0.7016	702.0599	-0.7016	1356.2917	-0.7002	3212.4148	-0.6985	6136.6109	-0.6972	11527.0859	-0.6977	24310.7995	-0.6867	40296.1381	NaN	NaN
-0.7006	698.6209	-0.7006	1350.2602	-0.6992	3208.3559	-0.6975	6130.6563	-0.6962	11528.4025	-0.6968	24345.7826	-0.6856	40439.8528	NaN	NaN
-0.6996	695.5057	-0.6996	1346.0298	-0.6982	3216.5817	-0.6965	6120.9418	-0.6953	11554.0697	-0.6957	24413.5235	-0.6846	40526.8476	NaN	NaN
-0.6986	697.4041	-0.6986	1348.0842	-0.6973	3204.6983	-0.6955	6128.1990	-0.6942	11554.4992	-0.6947	24480.6512	-0.6836	40635.3177	NaN	NaN
-0.6976	694.5491	-0.6977	1344.7097	-0.6962	3199.1631	-0.6945	6125.9008	-0.6932	11550.8470	-0.6937	24518.0601	-0.6826	40755.2873	NaN	NaN
-0.6966	689.9765	-0.6966	1337.2257	-0.6953	3205.4164	-0.6936	6116.4970	-0.6922	11568.1215	-0.6928	24564.6446	-0.6817	40871.9526	NaN	NaN
-0.6956	691.7006	-0.6956	1339.0501	-0.6943	3197.9074	-0.6926	6117.3666	-0.6912	11570.5173	-0.6917	24648.4757	-0.6807	40960.8992	NaN	NaN
-0.6946	689.3677	-0.6946	1336.2552	-0.6933	3190.8321	-0.6915	6119.5296	-0.6902	11591.9619	-0.6907	24705.1792	-0.6796	41076.6128	NaN	NaN
-0.6936	685.4414	-0.6936	1329.5161	-0.6923	3193.3123	-0.6906	6121.9599	-0.6892	11590.6372	-0.6897	24753.2685	-0.6787	41199.7150	NaN	NaN
-0.6927	684.3214	-0.6926	1326.9592	-0.6912	3187.1875	-0.6895	6113.2197	-0.6882	11592.6481	-0.6887	24818.1925	-0.6776	41320.0015	NaN	NaN
-0.6916	683.7545	-0.6916	1327.0975	-0.6902	3192.3706	-0.6885	6118.1226	-0.6872	11587.4606	-0.6877	24849.4522	-0.6767	41413.0891	NaN	NaN
-0.6906	682.8194	-0.6906	1326.1708	-0.6892	3184.2796	-0.6875	6100.9423	-0.6862	11584.2579	-0.6867	24886.3636	-0.6756	41542.1446	NaN	NaN
-0.6896	678.1858	-0.6897	1318.7234	-0.6882	3178.2803	-0.6865	6090.3159	-0.6852	11595.5389	-0.6857	24946.9226	-0.6747	41601.8299	NaN	NaN
-0.6886	678.2509	-0.6886	1319.4566	-0.6872	3166.7394	-0.6855	6096.1085	-0.6842	11578.4120	-0.6847	24982.2424	-0.6737	41698.3942	NaN	NaN
-0.6877	670.9943	-0.6876	1308.5627	-0.6862	3161.3507	-0.6845	6079.5941	-0.6832	11568.9422	-0.6837	25008.5040	-0.6726	41828.9426	NaN	NaN
-0.6866	666.6135	-0.6866	1301.3571	-0.6852	3159.8098	-0.6836	6065.4036	-0.6822	11585.2280	-0.6828	25062.8179	-0.6717	41896.3028	NaN	NaN
-0.6856	666.7208	-0.6856	1302.2536	-0.6842	3145.0882	-0.6826	6066.5765	-0.6812	11569.0916	-0.6817	25105.2645	-0.6706	41985.2222	NaN	NaN
-0.6846	660.3948	-0.6846	1292.7273	-0.6832	3136.7632	-0.6815	6055.6395	-0.6802	11555.1351	-0.6807	25127.6635	-0.6696	42085.3810	NaN	NaN
-0.6836	655.4925	-0.6836	1283.9534	-0.6822	3139.4900	-0.6806	6040.5065	-0.6792	11567.1613	-0.6797	25168.1555	-0.6687	42175.8571	NaN	NaN
-0.6826	654.4610	-0.6826	1283.9010	-0.6812	3124.5079	-0.6796	6037.2062	-0.6782	11555.0877	-0.6787	25215.9658	-0.6677	42253.5927	NaN	NaN
-0.6817	648.9280	-0.6816	1275.9348	-0.6802	3114.3025	-0.6786	6026.3713	-0.6772	11553.3159	-0.6777	25261.8801	-0.6666	42366.6048	NaN	NaN
-0.6807	643.4748	-0.6806	1267.3386	-0.6792	3115.2316	-0.6775	6024.8766	-0.6763	11550.6504	-0.6767	25284.7557	-0.6657	42454.2640	NaN	NaN
-0.6797	641.4294	-0.6796	1264.2805	-0.6782	3102.7187	-0.6765	6011.8094	-0.6752	11533.4206	-0.6757	25338.2768	-0.6647	42544.4452	NaN	NaN
-0.6786	636.9602	-0.6787	1258.6304	-0.6772	3097.0475	-0.6756	6001.0131	-0.6743	11513.9495	-0.6747	25344.7091	-0.6637	42645.8443	NaN	NaN
-0.6776	634.1978	-0.6777	1253.7572	-0.6762	3091.2822	-0.6746	5980.9523	-0.6733	11506.1031	-0.6737	25366.5389	-0.6626	42726.1946	NaN	NaN
-0.6767	627.8837	-0.6766	1245.1871	-0.6752	3077.6313	-0.6735	5967.3739	-0.6722	11498.0780	-0.6727	25414.3293	-0.6617	42781.5082	NaN	NaN
-0.6756	624.8765	-0.6756	1239.7538	-0.6742	3062.5146	-0.6726	5965.4984	-0.6713	11470.7276	-0.6718	25425.5565	-0.6607	42868.7920	NaN	NaN
-0.6746	617.0745	-0.6746	1228.4291	-0.6733	3056.6711	-0.6716	5938.8791	-0.6702	11457.4888	-0.6707	25433.8662	-0.6596	42982.3201	NaN	NaN
-0.6736	611.5462	-0.6736	1220.0348	-0.6722	3047.3297	-0.6706	5919.9872	-0.6692	11457.4101	-0.6697	25472.3318	-0.6587	43035.5639	NaN	NaN
-0.6727	610.9899	-0.6726	1219.0921	-0.6712	3028.8946	-0.6695	5920.8593	-0.6682	11429.4475	-0.6687	25490.7367	-0.6576	43090.8473	NaN	NaN
-0.6716	601.7492	-0.6716	1205.2385	-0.6702	3023.1911	-0.6685	5897.6708	-0.6673	11409.9153	-0.6678	25494.6100	-0.6566	43198.5437	NaN	NaN
-0.6707	595.6024	-0.6706	1194.9292	-0.6692	3018.2300	-0.6676	5876.1629	-0.6663	11468.2843	-0.6667	25525.8995	-0.6557	43246.6944	NaN	NaN
-0.6696	594.6276	-0.6696	1194.1066	-0.6682	2998.4131	-0.6665	5871.7107	-0.6652	11472.8478	-0.6657	25541.9199	-0.6546	43295.3127	NaN	NaN
-0.6686	587.3303	-0.6686	1183.3244	-0.6672	2984.2198	-0.6655	5852.0190	-0.6642	11442.6243	-0.6647	25573.9010	-0.6537	43395.1547	NaN	NaN
-0.6676	580.8358	-0.6677	1172.4094	-0.6662	2984.2374	-0.6645	5843.6331	-0.6632	11415.9610	-0.6637	25578.4795	-0.6526	43446.5891	NaN	NaN
-0.6666	578.7302	-0.6666	1169.3129	-0.6652	2967.8305	-0.6635	5828.1811	-0.6622	11375.8062	-0.6627	25602.3052	-0.6516	43519.0904	NaN	NaN
-0.6657	571.8037	-0.6656	1158.9035	-0.6643	2954.9278	-0.6625	5807.4243	-0.6613	11337.8462	-0.6617	25593.4163	-0.6506	43590.1865	NaN	NaN
-0.6647	569.8291	-0.6646	1155.3966	-0.6632	2947.9077	-0.6615	5782.2111	-0.6602	11319.0694	-0.6608	25596.4011	-0.6496	43634.6888	NaN	NaN
-0.6637	563.4504	-0.6637	1145.9280	-0.6622	2928.2489	-0.6605	5766.5113	-0.6592	11294.5198	-0.6597	25635.2131	-0.6486	43685.2588	NaN	NaN
-0.6626	557.6100	-0.6626	1136.0744	-0.6612	2910.5563	-0.6595	5754.1515	-0.6583	11249.0571	-0.6588	25625.1739	-0.6477	43744.8022	NaN	NaN
-0.6616	550.0988	-0.6616	1123.8930	-0.6602	2903.9416	-0.6586	5724.5300	-0.6572	11230.6275	-0.6577	25616.2467	-0.6466	43810.8374	NaN	NaN
-0.6607	545.6155	-0.6606	1116.9434	-0.6592	2888.5656	-0.6575	5702.6211	-0.6562	11206.5759	-0.6568	25635.3123	-0.6456	43833.2303	NaN	NaN
-0.6596	542.8831	-0.6596	1111.5008	-0.6582	2867.3261	-0.6565	5697.3299	-0.6553	11170.9775	-0.6557	25625.7287	-0.6446	43869.3107	NaN	NaN
-0.6587	534.2307	-0.6586	1097.9200	-0.6573	2860.0232	-0.6556	5667.5380	-0.6542	11141.9990	-0.6547	25612.3853	-0.6437	43960.6731	NaN	NaN
-0.6577	529.3707	-0.6576	1089.1916	-0.6562	2847.4325	-0.6545	5645.0333	-0.6533	11126.5278	-0.6538	25631.8818	-0.6426	43977.5774	NaN	NaN
-0.6566	528.8617	-0.6566	1087.9509	-0.6552	2828.4005	-0.6535	5636.9702	-0.6523	11102.3385	-0.6527	25617.5551	-0.6417	44013.1123	NaN	NaN
-0.6557	520.5112	-0.6557	1074.0804	-0.6543	2816.4258	-0.6525	5614.9383	-0.6513	11068.8077	-0.6517	25632.3096	-0.6407	44089.9896	NaN	NaN
-0.6546	515.4254	-0.6546	1064.6277	-0.6532	2807.3425	-0.6515	5595.9037	-0.6502	11055.6424	-0.6507	25623.7651	-0.6397	44119.9440	NaN	NaN
-0.6537	514.3790	-0.6536	1062.1285	-0.6522	2796.5342	-0.6505	5581.2970	-0.6492	11011.3349	-0.6497	25614.7585	-0.6387	44179.4553	NaN	NaN
-0.6527	507.9644	-0.6527	1052.0483	-0.6513	2778.7295	-0.6495	5554.4449	-0.6482	10973.1175	-0.6487	25589.0176	-0.6376	44229.6194	NaN	NaN
-0.6516	504.2420	-0.6516	1046.2869	-0.6502	2771.6802	-0.6485	5526.1386	-0.6472	10957.4958	-0.6477	25582.2937	-0.6367	44247.0684	NaN	NaN
-0.6507	501.2206	-0.6506	1039.7732	-0.6492	2748.1569	-0.6475	5511.9270	-0.6463	10919.8895	-0.6467	25580.5150	-0.6357	44270.5014	NaN	NaN
-0.6496	494.9541	-0.6496	1029.3734	-0.6482	2731.3417	-0.6465	5488.9378	-0.6453	10875.9981	-0.6457	25545.5653	-0.6347	44300.9171	NaN	NaN
-0.6486	488.6948	-0.6486	1018.7924	-0.6472	2725.5237	-0.6455	5457.4640	-0.6442	10860.9007	-0.6447	25521.6785	-0.6336	44337.0551	NaN	NaN
-0.6476	487.3653	-0.6476	1014.5090	-0.6462	2705.0258	-0.6445	5443.5474	-0.6433	10826.5358	-0.6437	25536.0657	-0.6327	44341.1345	NaN	NaN
-0.6466	482.8047	-0.6466	1006.6915	-0.6452	2685.6533	-0.6435	5426.0322	-0.6422	10786.3062	-0.6427	25501.4250	-0.6316	44386.3619	NaN	NaN
-0.6456	475.4787	-0.6456	994.3561	-0.6442	2680.4441	-0.6426	5395.1651	-0.6413	10760.0655	-0.6417	25471.1554	-0.6306	44424.5970	NaN	NaN
-0.6446	473.1498	-0.6446	989.0905	-0.6433	2662.9118	-0.6416	5371.1713	-0.6403	10732.1500	-0.6408	25475.4523	-0.6296	44407.7520	NaN	NaN
-0.6436	471.4742	-0.6436	986.4254	-0.6422	2644.3799	-0.6406	5364.5113	-0.6393	10713.3189	-0.6397	25451.3814	-0.6286	44443.3100	NaN	NaN
-0.6426	465.3728	-0.6426	975.0693	-0.6413	2635.6013	-0.6396	5343.5882	-0.6383	10673.1999	-0.6388	25437.3578	-0.6276	44488.7648	NaN	NaN
-0.6417	461.7852	-0.6417	967.4316	-0.6403	2622.7361	-0.6386	5318.7811	-0.6372	10648.5171	-0.6377	25423.7572	-0.6266	44501.9894	NaN	NaN
-0.6407	462.4185	-0.6406	968.1524	-0.6392	2614.8372	-0.6376	5306.9641	-0.6362	10601.1250	-0.6367	25386.8706	-0.6256	44527.2595	NaN	NaN
-0.6397	458.0814	-0.6396	960.5287	-0.6382	2596.1950	-0.6365	5273.1310	-0.6352	10564.6311	-0.6357	25349.6154	-0.6247	44548.7905	NaN	NaN
-0.6387	454.1778	-0.6386	952.8202	-0.6372	2586.3313	-0.6356	5245.5305	-0.6343	10548.6284	-0.6347	25319.1653	-0.6236	44552.8721	NaN	NaN
-0.6377	453.1126	-0.6376	950.5562	-0.6362	2564.8924	-0.6345	5234.6324	-0.6333	10496.0393	-0.6337	25290.3523	-0.6226	44540.5989	NaN	NaN
-0.6366	447.0187	-0.6366	939.5508	-0.6353	2549.5473	-0.6336	5205.9621	-0.6323	10457.7663	-0.6327	25241.3819	-0.6216	44559.2558	NaN	NaN
-0.6357	442.2781	-0.6356	930.9812	-0.6343	2546.0190	-0.6326	5174.8145	-0.6312	10444.8182	-0.6318	25214.1906	-0.6206	44576.3311	NaN	NaN
-0.6347	442.8719	-0.6346	930.0719	-0.6332	2522.4536	-0.6315	5163.0262	-0.6303	10398.7670	-0.6307	25198.6841	-0.6197	44540.4526	NaN	NaN
-0.6337	438.1088	-0.6336	922.4277	-0.6323	2506.2979	-0.6306	5143.2289	-0.6293	10358.3809	-0.6297	25150.4178	-0.6187	44583.1161	NaN	NaN
-0.6326	433.1819	-0.6326	912.8138	-0.6312	2503.8602	-0.6295	5112.3611	-0.6283	10339.7980	-0.6287	25105.5142	-0.6176	44581.9950	NaN	NaN
-0.6317	433.1109	-0.6316	912.0352	-0.6302	2485.2708	-0.6286	5094.7869	-0.6272	10300.1201	-0.6278	25099.5653	-0.6166	44570.6692	NaN	NaN
-0.6306	430.4793	-0.6306	906.5328	-0.6292	2467.6045	-0.6276	5078.4606	-0.6263	10278.1303	-0.6268	25061.4859	-0.6157	44574.6089	NaN	NaN
-0.6297	425.4840	-0.6297	898.2798	-0.6282	2462.3896	-0.6266	5061.0471	-0.6253	10242.7528	-0.6257	25022.0969	-0.6146	44577.4260	NaN	NaN
-0.6286	424.3896	-0.6286	894.5282	-0.6272	2447.1535	-0.6255	5035.6667	-0.6243	10209.9704	-0.6248	25001.2606	-0.6137	44575.3867	NaN	NaN
-0.6276	423.7693	-0.6276	893.1944	-0.6262	2441.1978	-0.6245	5025.7175	-0.6233	10160.5106	-0.6238	24947.2211	-0.6127	44549.7389	NaN	NaN
-0.6267	421.7751	-0.6266	889.3542	-0.6252	2428.0493	-0.6235	4991.5228	-0.6222	10127.2953	-0.6227	24898.8543	-0.6116	44580.7599	NaN	NaN
-0.6256	418.1056	-0.6256	882.3471	-0.6242	2415.1733	-0.6225	4966.7280	-0.6212	10105.5171	-0.6217	24872.7357	-0.6106	44554.6858	NaN	NaN
-0.6246	419.1236	-0.6246	883.6714	-0.6232	2395.9980	-0.6215	4958.7552	-0.6202	10056.8844	-0.6207	24821.9646	-0.6097	44532.6319	NaN	NaN
-0.6237	413.0254	-0.6236	872.7803	-0.6223	2385.1550	-0.6206	4929.2391	-0.6193	10017.6733	-0.6197	24766.6745	-0.6086	44561.6985	NaN	NaN
-0.6227	410.2365	-0.6226	866.9971	-0.6212	2378.5966	-0.6196	4901.4799	-0.6182	10006.1635	-0.6187	24731.3225	-0.6076	44513.5444	NaN	NaN
-0.6217	411.6663	-0.6216	869.0451	-0.6202	2358.7823	-0.6185	4893.6888	-0.6173	9958.4590	-0.6177	24696.6420	-0.6066	44493.5669	NaN	NaN
-0.6206	407.1076	-0.6206	861.0547	-0.6192	2345.2980	-0.6176	4868.7404	-0.6163	9919.4999	-0.6168	24635.3029	-0.6056	44504.9202	NaN	NaN
-0.6197	403.7679	-0.6197	855.0886	-0.6182	2346.0824	-0.6166	4845.7796	-0.6153	9900.7799	-0.6157	24595.7873	-0.6047	44471.5457	NaN	NaN
-0.6186	405.8826	-0.6186	857.0847	-0.6172	2327.5812	-0.6155	4832.4297	-0.6142	9861.1617	-0.6147	24562.1978	-0.6037	44461.6249	NaN	NaN
-0.6176	402.2944	-0.6177	850.6939	-0.6162	2313.7926	-0.6146	4813.1552	-0.6133	9825.1535	-0.6137	24510.5582	-0.6027	44436.9599	NaN	NaN
-0.6167	399.0456	-0.6166	845.1957	-0.6152	2311.9359	-0.6136	4789.0072	-0.6123	9800.6991	-0.6127	24452.5696	-0.6017	44423.2741	NaN	NaN
-0.6157	399.8727	-0.6156	845.2986	-0.6142	2297.3814	-0.6126	4772.6695	-0.6113	9767.6481	-0.6117	24436.6141	-0.6007	44424.0203	NaN	NaN
-0.6147	397.9669	-0.6146	842.2625	-0.6133	2284.9054	-0.6116	4758.8394	-0.6102	9723.4171	-0.6107	24365.7672	-0.5997	44391.5322	NaN	NaN
-0.6136	395.6967	-0.6136	837.1212	-0.6123	2281.8391	-0.6105	4731.5015	-0.6093	9700.7001	-0.6097	24312.3598	-0.5986	44388.6888	NaN	NaN
-0.6127	394.5859	-0.6127	834.3737	-0.6112	2269.3605	-0.6095	4708.3880	-0.6082	9672.8158	-0.6087	24284.5989	-0.5977	44330.7894	NaN	NaN
-0.6116	394.5242	-0.6116	834.5401	-0.6102	2254.4513	-0.6085	4706.1871	-0.6073	9620.9915	-0.6077	24223.6830	-0.5967	44310.9222	NaN	NaN
-0.6106	390.6787	-0.6106	827.5740	-0.6092	2250.7051	-0.6076	4673.0610	-0.6062	9594.8652	-0.6068	24158.5612	-0.5956	44303.1593	NaN	NaN
-0.6097	389.3905	-0.6096	824.3639	-0.6082	2241.7343	-0.6066	4652.9848	-0.6053	9577.1085	-0.6057	24129.2982	-0.5947	44247.1841	NaN	NaN
-0.6087	392.1419	-0.6086	827.8597	-0.6072	2223.9763	-0.6055	4650.4487	-0.6043	9529.8228	-0.6047	24075.3086	-0.5937	44208.4025	NaN	NaN
-0.6076	386.7071	-0.6076	819.7708	-0.6062	2218.2300	-0.6045	4623.4139	-0.6033	9503.2808	-0.6037	24014.4947	-0.5927	44203.9456	NaN	NaN
-0.6066	385.0196	-0.6066	815.5731	-0.6053	2215.7826	-0.6035	4604.4910	-0.6023	9490.3705	-0.6028	23972.7881	-0.5916	44152.8608	NaN	NaN
-0.6057	388.4590	-0.6056	819.1402	-0.6043	2201.8551	-0.6026	4597.4754	-0.6013	9455.8938	-0.6018	23926.4648	-0.5907	44119.7144	NaN	NaN
-0.6047	384.1593	-0.6047	813.1475	-0.6033	2191.7387	-0.6015	4575.8522	-0.6003	9424.8948	-0.6008	23889.1312	-0.5897	44102.1200	NaN	NaN
-0.6037	382.7110	-0.6036	808.7243	-0.6022	2194.8256	-0.6006	4568.5737	-0.5992	9404.0721	-0.5998	23833.3142	-0.5886	44078.1170	NaN	NaN
-0.6027	384.6558	-0.6026	810.7557	-0.6013	2185.4073	-0.5996	4551.9657	-0.5982	9362.6868	-0.5987	23789.5517	-0.5876	44053.3316	NaN	NaN
-0.6017	382.2473	-0.6017	806.6497	-0.6002	2175.9797	-0.5985	4533.4193	-0.5973	9326.0204	-0.5977	23721.2440	-0.5866	44021.3331	NaN	NaN
-0.6007	383.8638	-0.6006	809.3572	-0.5992	2174.8201	-0.5976	4508.2385	-0.5963	9308.8268	-0.5967	23664.3066	-0.5856	43979.4470	NaN	NaN
-0.5997	382.2071	-0.5997	805.8237	-0.5983	2160.0175	-0.5965	4495.5852	-0.5953	9274.8210	-0.5957	23638.8084	-0.5847	43913.6716	NaN	NaN
-0.5987	380.2096	-0.5987	802.4488	-0.5973	2148.5214	-0.5956	4482.7922	-0.5943	9232.9560	-0.5947	23559.0450	-0.5837	43895.3281	NaN	NaN
-0.5977	377.1203	-0.5976	796.4097	-0.5962	2150.7958	-0.5946	4457.1468	-0.5933	9211.0794	-0.5937	23503.2347	-0.5827	43856.2845	NaN	NaN
-0.5967	377.2333	-0.5966	795.1400	-0.5952	2139.9817	-0.5936	4440.2551	-0.5923	9188.3636	-0.5927	23471.2162	-0.5817	43777.6315	NaN	NaN
-0.5957	378.5270	-0.5957	796.7173	-0.5943	2125.6050	-0.5926	4439.4660	-0.5912	9147.6202	-0.5917	23408.7540	-0.5807	43739.7397	NaN	NaN
-0.5947	374.3146	-0.5946	788.9402	-0.5933	2125.1014	-0.5915	4414.3020	-0.5902	9119.7471	-0.5907	23347.9890	-0.5796	43725.0239	NaN	NaN
-0.5937	374.1998	-0.5936	787.5523	-0.5922	2120.8266	-0.5905	4398.2220	-0.5892	9107.2571	-0.5897	23322.4561	-0.5787	43662.5187	NaN	NaN
-0.5927	377.3428	-0.5926	792.7739	-0.5912	2107.8797	-0.5896	4396.6213	-0.5883	9086.2047	-0.5888	23267.9815	-0.5777	43608.8476	NaN	NaN
-0.5917	373.0320	-0.5916	785.6174	-0.5902	2103.6825	-0.5886	4380.6638	-0.5872	9053.6133	-0.5878	23241.1678	-0.5767	43589.9282	NaN	NaN
-0.5907	372.2055	-0.5906	782.5987	-0.5892	2104.0027	-0.5875	4372.2097	-0.5862	9041.6942	-0.5867	23182.3957	-0.5756	43546.3430	NaN	NaN
-0.5897	375.2413	-0.5897	786.3174	-0.5883	2102.2360	-0.5865	4361.3682	-0.5852	8996.4587	-0.5857	23130.6434	-0.5746	43488.8178	NaN	NaN
-0.5887	373.3218	-0.5887	782.6030	-0.5872	2092.3046	-0.5856	4339.6061	-0.5843	8961.5474	-0.5847	23058.0011	-0.5736	43467.5717	NaN	NaN
-0.5876	374.0231	-0.5877	783.5072	-0.5862	2094.1031	-0.5845	4318.7907	-0.5832	8951.8356	-0.5837	23006.5974	-0.5726	43388.6899	NaN	NaN
-0.5866	373.6697	-0.5866	782.3070	-0.5852	2078.5161	-0.5835	4312.3170	-0.5822	8912.6924	-0.5827	22970.4553	-0.5717	43338.4040	NaN	NaN
-0.5857	370.7583	-0.5856	778.1046	-0.5842	2069.4113	-0.5826	4298.2657	-0.5813	8875.6719	-0.5818	22893.6003	-0.5706	43300.7706	NaN	NaN
-0.5847	368.5973	-0.5847	772.6088	-0.5833	2072.6590	-0.5816	4273.2534	-0.5802	8863.3441	-0.5807	22836.5475	-0.5696	43237.1480	NaN	NaN
-0.5837	369.9912	-0.5836	774.7566	-0.5822	2062.2891	-0.5806	4266.8905	-0.5792	8834.7414	-0.5797	22813.8220	-0.5686	43166.2835	NaN	NaN
-0.5827	369.1678	-0.5826	772.3094	-0.5812	2050.4252	-0.5795	4257.3243	-0.5782	8799.5532	-0.5787	22742.8516	-0.5677	43113.9602	NaN	NaN
-0.5817	365.8720	-0.5816	765.6449	-0.5802	2053.5343	-0.5785	4236.3389	-0.5773	8779.4210	-0.5777	22682.7142	-0.5667	43067.0986	NaN	NaN
-0.5807	366.3068	-0.5807	766.1469	-0.5792	2046.4847	-0.5776	4222.5727	-0.5762	8759.9931	-0.5768	22655.3870	-0.5657	43005.9534	NaN	NaN
-0.5797	367.5837	-0.5796	768.0606	-0.5783	2035.8790	-0.5766	4224.4429	-0.5752	8749.1977	-0.5757	22600.5496	-0.5647	42938.2782	NaN	NaN
-0.5787	364.8943	-0.5786	762.5095	-0.5772	2036.0190	-0.5756	4211.1532	-0.5742	8714.8390	-0.5747	22559.7206	-0.5637	42917.1772	NaN	NaN
-0.5778	363.9433	-0.5776	759.8370	-0.5763	2031.2414	-0.5745	4198.0133	-0.5733	8697.6119	-0.5737	22518.5456	-0.5627	42865.8295	NaN	NaN
-0.5767	367.5914	-0.5766	764.9460	-0.5752	2030.6813	-0.5736	4193.0911	-0.5723	8660.0426	-0.5727	22456.5330	-0.5617	42808.4461	NaN	NaN
-0.5757	365.4490	-0.5756	760.8768	-0.5742	2020.7741	-0.5725	4170.0830	-0.5712	8628.2082	-0.5717	22394.1271	-0.5607	42782.9466	NaN	NaN
-0.5747	363.6178	-0.5747	757.6621	-0.5732	2020.1244	-0.5715	4152.3311	-0.5702	8620.3467	-0.5707	22353.1719	-0.5596	42686.0349	NaN	NaN
-0.5736	365.1138	-0.5736	759.9937	-0.5722	2006.8484	-0.5705	4148.5923	-0.5693	8579.5687	-0.5697	22303.2724	-0.5587	42628.1620	NaN	NaN
-0.5726	361.2532	-0.5726	752.9077	-0.5713	1998.4198	-0.5695	4131.6813	-0.5682	8548.6780	-0.5687	22231.3264	-0.5576	42586.7620	NaN	NaN
-0.5717	359.4054	-0.5716	748.4645	-0.5702	2003.3862	-0.5685	4109.6589	-0.5672	8538.3391	-0.5678	22185.9755	-0.5567	42506.7583	NaN	NaN
-0.5706	361.6834	-0.5706	751.7207	-0.5692	1987.4752	-0.5676	4105.4670	-0.5663	8506.7169	-0.5667	22148.1484	-0.5557	42441.7829	NaN	NaN
-0.5697	359.0620	-0.5696	747.2612	-0.5682	1979.5237	-0.5665	4091.9943	-0.5653	8472.1849	-0.5657	22084.8070	-0.5546	42392.5699	NaN	NaN
-0.5686	355.7451	-0.5686	739.7360	-0.5672	1982.5721	-0.5655	4073.3716	-0.5643	8459.9702	-0.5647	22027.0352	-0.5537	42329.0873	NaN	NaN
-0.5677	357.8070	-0.5676	742.3910	-0.5663	1970.9446	-0.5645	4064.6821	-0.5633	8433.5765	-0.5637	22003.4334	-0.5527	42252.7035	NaN	NaN
-0.5667	356.4876	-0.5666	740.0033	-0.5652	1960.9152	-0.5636	4055.3240	-0.5623	8419.7521	-0.5627	21948.3483	-0.5517	42188.8799	NaN	NaN
-0.5656	353.8047	-0.5656	734.7058	-0.5642	1961.4987	-0.5626	4048.1758	-0.5613	8392.2911	-0.5617	21901.9573	-0.5506	42149.4372	NaN	NaN
-0.5646	353.5428	-0.5647	733.2372	-0.5632	1952.0689	-0.5616	4030.1525	-0.5602	8368.2495	-0.5608	21867.7306	-0.5497	42082.6502	NaN	NaN
-0.5637	354.4439	-0.5636	733.8149	-0.5622	1952.8126	-0.5606	4026.7436	-0.5593	8329.0491	-0.5597	21801.3214	-0.5487	42026.4467	NaN	NaN
-0.5627	353.8305	-0.5626	732.0382	-0.5612	1943.6421	-0.5596	4001.1871	-0.5582	8299.9342	-0.5587	21740.3001	-0.5476	41979.4741	NaN	NaN
-0.5617	350.4671	-0.5617	726.2599	-0.5602	1933.5578	-0.5585	3981.3958	-0.5573	8285.1917	-0.5577	21707.8585	-0.5467	41898.7747	NaN	NaN
-0.5606	352.5839	-0.5606	728.3988	-0.5593	1920.1714	-0.5576	3979.4939	-0.5562	8245.1252	-0.5567	21645.5373	-0.5456	41814.5686	NaN	NaN
-0.5597	347.5691	-0.5596	719.7670	-0.5583	1912.2789	-0.5565	3954.9126	-0.5553	8214.8931	-0.5558	21575.4603	-0.5446	41777.0804	NaN	NaN
-0.5587	346.1525	-0.5586	714.8651	-0.5572	1909.6877	-0.5556	3932.8828	-0.5543	8205.8290	-0.5548	21539.5937	-0.5437	41703.5399	NaN	NaN
-0.5576	347.9095	-0.5576	717.5463	-0.5563	1892.9630	-0.5545	3929.3819	-0.5533	8160.6542	-0.5537	21487.2618	-0.5427	41600.9069	NaN	NaN
-0.5567	343.9301	-0.5566	709.7876	-0.5553	1883.0936	-0.5536	3909.4731	-0.5523	8130.2210	-0.5527	21422.0062	-0.5417	41568.6783	NaN	NaN
-0.5557	341.0019	-0.5557	703.4902	-0.5542	1885.4577	-0.5525	3887.9503	-0.5513	8117.6429	-0.5517	21376.3798	-0.5407	41481.8300	NaN	NaN
-0.5546	342.8332	-0.5547	705.8925	-0.5532	1868.8764	-0.5516	3878.6535	-0.5503	8080.8489	-0.5507	21336.0584	-0.5397	41402.7703	NaN	NaN
-0.5537	339.9835	-0.5536	700.4535	-0.5522	1857.5662	-0.5505	3861.3660	-0.5493	8061.0956	-0.5497	21289.3829	-0.5387	41350.6509	NaN	NaN
-0.5527	336.9276	-0.5527	693.4059	-0.5513	1855.5900	-0.5495	3851.3061	-0.5482	8034.0556	-0.5487	21228.7812	-0.5377	41271.0145	NaN	NaN
-0.5517	337.9682	-0.5517	693.7849	-0.5502	1843.3209	-0.5486	3829.9324	-0.5473	8001.9107	-0.5477	21196.6026	-0.5366	41225.7025	NaN	NaN
-0.5507	335.7329	-0.5507	690.3088	-0.5492	1835.7946	-0.5476	3814.2763	-0.5463	7961.0100	-0.5468	21120.4757	-0.5357	41154.8383	NaN	NaN
-0.5497	336.0287	-0.5496	688.8310	-0.5482	1827.6198	-0.5466	3788.2987	-0.5453	7935.3372	-0.5457	21058.6812	-0.5347	41072.6472	NaN	NaN
-0.5487	332.6762	-0.5486	681.7892	-0.5472	1813.3463	-0.5455	3763.9337	-0.5443	7903.1994	-0.5447	21019.1651	-0.5337	40995.1388	NaN	NaN
-0.5477	332.0964	-0.5476	679.5395	-0.5462	1797.4787	-0.5446	3758.2497	-0.5432	7857.3472	-0.5437	20948.1439	-0.5327	40891.7579	NaN	NaN
-0.5467	327.6967	-0.5466	671.2460	-0.5452	1790.4036	-0.5436	3725.8446	-0.5423	7820.6551	-0.5427	20878.1972	-0.5316	40840.9920	NaN	NaN
-0.5456	325.8692	-0.5457	666.4356	-0.5442	1779.5563	-0.5425	3701.3355	-0.5413	7800.5058	-0.5417	20841.9004	-0.5306	40747.1238	NaN	NaN
-0.5447	327.5705	-0.5446	668.4288	-0.5432	1761.8791	-0.5416	3692.8956	-0.5402	7753.9106	-0.5407	20776.1346	-0.5296	40640.6393	NaN	NaN
-0.5437	321.5726	-0.5436	658.5689	-0.5422	1751.7193	-0.5406	3663.4110	-0.5393	7715.7843	-0.5397	20709.6112	-0.5286	40615.4504	NaN	NaN
-0.5427	319.5892	-0.5426	653.0168	-0.5412	1745.9494	-0.5396	3637.0868	-0.5383	7696.2005	-0.5387	20657.5926	-0.5277	40499.8853	NaN	NaN
-0.5416	321.5816	-0.5416	653.9477	-0.5402	1728.0008	-0.5386	3624.4068	-0.5372	7658.3172	-0.5378	20604.9117	-0.5266	40410.2126	NaN	NaN
-0.5406	316.9432	-0.5406	646.3133	-0.5393	1714.3466	-0.5376	3600.1808	-0.5363	7622.2164	-0.5367	20562.0473	-0.5257	40352.3710	NaN	NaN
-0.5397	314.2681	-0.5396	640.5089	-0.5383	1712.7427	-0.5365	3588.9144	-0.5352	7592.2644	-0.5358	20496.0254	-0.5246	40254.3919	NaN	NaN
-0.5387	315.2289	-0.5387	639.7657	-0.5373	1698.8135	-0.5355	3562.9083	-0.5342	7541.4724	-0.5348	20435.2923	-0.5236	40192.0948	NaN	NaN
-0.5377	311.3863	-0.5376	633.7565	-0.5362	1685.4552	-0.5345	3534.4693	-0.5332	7490.8070	-0.5337	20356.6648	-0.5226	40093.3155	NaN	NaN
-0.5367	312.6844	-0.5367	634.6963	-0.5352	1676.5410	-0.5336	3502.4916	-0.5323	7461.1926	-0.5327	20280.0426	-0.5216	40010.9212	NaN	NaN
-0.5357	309.2162	-0.5357	627.1853	-0.5342	1657.7483	-0.5326	3481.3010	-0.5312	7415.4628	-0.5317	20244.9909	-0.5207	39908.9176	NaN	NaN
-0.5346	305.8064	-0.5346	621.3542	-0.5332	1641.6063	-0.5316	3459.8719	-0.5302	7359.1855	-0.5308	20150.5332	-0.5196	39818.7374	NaN	NaN
-0.5336	301.9940	-0.5337	613.0008	-0.5322	1634.3165	-0.5306	3424.6680	-0.5292	7322.3203	-0.5297	20076.0849	-0.5186	39789.3419	NaN	NaN
-0.5327	300.8993	-0.5326	609.7028	-0.5312	1618.4646	-0.5296	3395.9931	-0.5282	7283.1142	-0.5287	20032.7025	-0.5177	39648.4826	NaN	NaN
-0.5317	300.1444	-0.5316	607.9469	-0.5302	1599.4701	-0.5286	3384.6585	-0.5272	7229.6445	-0.5277	19947.9979	-0.5167	39544.2976	NaN	NaN
-0.5307	294.9879	-0.5306	598.1921	-0.5292	1590.8204	-0.5276	3347.5386	-0.5263	7183.2653	-0.5267	19867.0263	-0.5157	39472.0219	NaN	NaN
-0.5296	293.2253	-0.5296	593.8503	-0.5282	1580.3673	-0.5265	3318.9210	-0.5252	7149.7514	-0.5257	19812.0857	-0.5147	39334.2876	NaN	NaN
-0.5286	295.0634	-0.5286	595.5537	-0.5272	1561.6033	-0.5255	3304.6811	-0.5243	7105.9696	-0.5248	19735.8993	-0.5136	39251.6650	NaN	NaN
-0.5277	289.6803	-0.5276	586.2178	-0.5262	1549.9583	-0.5246	3275.5780	-0.5233	7055.0927	-0.5238	19673.8787	-0.5127	39161.7646	NaN	NaN
-0.5267	287.0948	-0.5266	580.0222	-0.5252	1541.2485	-0.5236	3250.8983	-0.5223	7019.9492	-0.5228	19599.2259	-0.5117	39061.8900	NaN	NaN
-0.5257	288.2966	-0.5256	581.3001	-0.5242	1530.4463	-0.5226	3229.2800	-0.5213	6956.6186	-0.5218	19525.1180	-0.5106	38979.7539	NaN	NaN
-0.5247	284.0855	-0.5247	573.3991	-0.5233	1513.4930	-0.5216	3196.3106	-0.5202	6899.9464	-0.5207	19426.7090	-0.5097	38861.7975	NaN	NaN
-0.5237	282.7328	-0.5236	570.8259	-0.5222	1507.5759	-0.5206	3162.1661	-0.5193	6865.7771	-0.5198	19349.3626	-0.5087	38750.5411	NaN	NaN
-0.5227	281.6918	-0.5226	568.1379	-0.5213	1485.4042	-0.5196	3140.8635	-0.5183	6810.6596	-0.5187	19293.0418	-0.5076	38617.6034	NaN	NaN
-0.5217	277.7434	-0.5216	560.0579	-0.5202	1469.4098	-0.5186	3114.2929	-0.5173	6744.8673	-0.5178	19188.3370	-0.5067	38523.5407	NaN	NaN
-0.5207	274.5383	-0.5206	553.7955	-0.5192	1465.5933	-0.5175	3076.5082	-0.5163	6706.3345	-0.5168	19094.1054	-0.5056	38409.9797	NaN	NaN
-0.5197	274.4238	-0.5196	552.4405	-0.5183	1448.6096	-0.5166	3054.0176	-0.5153	6650.8220	-0.5158	19033.6221	-0.5046	38251.2321	NaN	NaN
-0.5187	271.7264	-0.5187	547.5994	-0.5173	1430.1645	-0.5155	3032.2413	-0.5143	6591.3090	-0.5147	18930.6480	-0.5036	38165.9325	NaN	NaN
-0.5177	267.4093	-0.5176	539.0546	-0.5162	1425.4445	-0.5146	2999.4650	-0.5133	6543.9779	-0.5138	18834.2191	-0.5026	38053.5498	NaN	NaN
-0.5167	266.8600	-0.5167	536.8494	-0.5152	1409.6650	-0.5135	2968.3007	-0.5122	6494.7974	-0.5127	18768.0575	-0.5016	37914.5782	NaN	NaN
-0.5157	265.8128	-0.5156	535.3850	-0.5142	1393.3055	-0.5126	2955.4347	-0.5113	6459.9877	-0.5118	18677.6953	-0.5007	37791.8783	NaN	NaN
-0.5147	262.0749	-0.5146	527.8781	-0.5132	1386.7345	-0.5115	2931.9326	-0.5102	6397.6262	-0.5107	18593.8479	-0.4997	37673.7207	NaN	NaN
-0.5136	260.3266	-0.5137	523.3983	-0.5122	1375.0625	-0.5105	2904.1214	-0.5092	6350.5043	-0.5097	18509.0371	-0.4986	37567.1753	NaN	NaN
-0.5126	261.7590	-0.5126	525.1273	-0.5112	1370.4216	-0.5096	2882.8906	-0.5082	6283.9176	-0.5087	18404.9970	-0.4977	37425.9653	NaN	NaN
-0.5117	259.3820	-0.5116	520.7789	-0.5103	1351.9964	-0.5085	2846.7933	-0.5072	6225.8250	-0.5077	18299.4569	-0.4966	37321.3163	NaN	NaN
-0.5107	255.9007	-0.5106	514.8283	-0.5093	1343.3335	-0.5076	2816.5210	-0.5062	6189.3908	-0.5068	18209.2189	-0.4956	37182.6021	NaN	NaN
-0.5096	255.8195	-0.5096	512.9461	-0.5083	1324.7047	-0.5065	2799.2285	-0.5053	6121.2074	-0.5058	18107.2794	-0.4947	37012.3800	NaN	NaN
-0.5087	251.1315	-0.5086	505.0327	-0.5072	1310.9829	-0.5055	2767.9178	-0.5043	6061.1518	-0.5048	17992.0890	-0.4936	36914.3769	NaN	NaN
-0.5077	248.8152	-0.5076	499.2635	-0.5062	1309.3019	-0.5045	2734.9968	-0.5033	6022.0417	-0.5038	17895.6433	-0.4926	36761.3735	NaN	NaN
-0.5066	249.0820	-0.5066	499.6567	-0.5052	1289.2576	-0.5036	2717.7051	-0.5022	5959.1326	-0.5027	17803.8868	-0.4916	36603.3691	NaN	NaN
-0.5057	245.4191	-0.5056	493.0326	-0.5042	1275.8140	-0.5026	2692.4533	-0.5013	5900.6104	-0.5017	17686.8196	-0.4906	36484.6084	NaN	NaN
-0.5047	242.1352	-0.5047	486.5693	-0.5033	1272.7611	-0.5015	2660.5290	-0.5003	5857.8199	-0.5007	17577.7424	-0.4896	36338.7076	NaN	NaN
-0.5037	243.2850	-0.5037	487.1860	-0.5022	1257.8620	-0.5006	2641.1049	-0.4993	5801.0361	-0.4997	17499.6408	-0.4886	36190.3649	NaN	NaN
-0.5026	240.4357	-0.5026	482.8311	-0.5012	1244.3869	-0.4996	2620.8808	-0.4982	5761.8295	-0.4987	17387.2582	-0.4877	36037.1592	NaN	NaN
-0.5017	237.6278	-0.5016	476.2981	-0.5003	1240.2177	-0.4986	2600.8671	-0.4972	5705.4276	-0.4978	17282.0562	-0.4867	35899.4234	NaN	NaN
-0.5007	236.4990	-0.5007	474.3654	-0.4992	1226.8241	-0.4975	2571.3784	-0.4962	5655.7721	-0.4967	17184.7840	-0.4856	35768.9329	NaN	NaN
-0.4997	235.7011	-0.4997	472.9744	-0.4983	1223.9580	-0.4965	2557.3682	-0.4952	5590.9297	-0.4957	17064.2720	-0.4846	35620.5321	NaN	NaN
-0.4987	234.9826	-0.4987	470.5178	-0.4973	1212.1365	-0.4955	2523.5277	-0.4942	5539.3755	-0.4947	16942.2719	-0.4837	35479.0592	NaN	NaN
-0.4977	231.2640	-0.4976	464.3736	-0.4962	1200.9412	-0.4946	2497.2814	-0.4932	5497.7754	-0.4937	16846.9011	-0.4826	35309.8999	NaN	NaN
-0.4966	232.3596	-0.4966	465.3329	-0.4952	1184.9101	-0.4935	2486.9507	-0.4923	5433.2772	-0.4927	16728.1700	-0.4817	35129.0694	NaN	NaN
-0.4957	227.7487	-0.4957	456.8292	-0.4942	1175.9745	-0.4926	2456.1799	-0.4912	5385.3889	-0.4917	16597.6625	-0.4807	35001.9141	NaN	NaN
-0.4947	225.6285	-0.4946	452.3837	-0.4932	1171.5067	-0.4915	2428.0027	-0.4903	5349.9190	-0.4907	16500.7824	-0.4796	34817.0579	NaN	NaN
-0.4936	227.0900	-0.4936	453.8558	-0.4922	1154.9322	-0.4906	2418.3235	-0.4893	5287.9923	-0.4897	16384.1744	-0.4787	34640.0222	NaN	NaN
-0.4926	222.7769	-0.4926	447.6035	-0.4912	1145.9042	-0.4895	2391.8256	-0.4883	5234.3086	-0.4887	16260.4279	-0.4777	34505.3021	NaN	NaN
-0.4916	220.8652	-0.4916	442.3944	-0.4902	1146.0568	-0.4886	2367.7386	-0.4873	5197.3332	-0.4878	16149.8149	-0.4766	34326.2839	NaN	NaN
-0.4907	221.9424	-0.4906	443.8078	-0.4891	1127.0689	-0.4876	2353.0295	-0.4863	5146.7122	-0.4867	16046.2313	-0.4757	34147.1501	NaN	NaN
-0.4897	218.5296	-0.4896	438.3467	-0.4880	1107.6929	-0.4865	2330.9888	-0.4853	5107.7910	-0.4857	15943.8821	-0.4747	33997.5703	NaN	NaN
-0.4887	216.5561	-0.4886	433.4992	-0.4870	1106.8964	-0.4855	2321.4873	-0.4843	5064.8792	-0.4847	15814.4566	-0.4737	33822.6586	NaN	NaN
-0.4877	216.8788	-0.4877	433.6109	-0.4860	1097.1276	-0.4846	2296.8743	-0.4833	5010.3713	-0.4837	15722.1207	-0.4727	33668.6536	NaN	NaN
-0.4867	214.7116	-0.4866	430.7589	-0.4851	1087.6822	-0.4836	2277.7821	-0.4823	4956.8950	-0.4828	15583.7656	-0.4717	33490.5833	NaN	NaN
-0.4856	215.1625	-0.4856	430.4515	-0.4840	1083.4744	-0.4826	2251.3188	-0.4812	4915.1909	-0.4818	15460.7780	-0.4707	33317.4566	NaN	NaN
-0.4846	211.9195	-0.4847	424.3894	-0.4830	1068.7321	-0.4816	2230.6037	-0.4802	4871.5381	-0.4807	15360.7580	-0.4696	33120.2098	NaN	NaN
-0.4836	211.3393	-0.4836	423.0674	-0.4820	1057.9731	-0.4806	2222.8598	-0.4793	4815.4952	-0.4798	15233.2839	-0.4687	32943.9524	NaN	NaN
-0.4827	207.9530	-0.4827	416.8150	-0.4811	1055.3124	-0.4796	2193.5265	-0.4783	4773.3707	-0.4787	15104.7794	-0.4676	32780.1961	NaN	NaN
-0.4817	206.6976	-0.4816	413.8760	-0.4800	1044.9059	-0.4786	2172.1725	-0.4773	4739.5492	-0.4778	15002.8491	-0.4667	32572.3418	NaN	NaN
-0.4807	208.1031	-0.4806	415.8636	-0.4791	1031.5745	-0.4776	2167.6833	-0.4763	4689.3454	-0.4768	14880.5418	-0.4657	32387.1974	NaN	NaN
-0.4797	203.3839	-0.4797	408.1754	-0.4780	1030.8793	-0.4766	2142.9951	-0.4753	4641.7646	-0.4758	14759.2031	-0.4647	32234.8876	NaN	NaN
-0.4787	202.3624	-0.4787	405.5456	-0.4771	1024.1133	-0.4756	2122.0379	-0.4742	4618.3647	-0.4747	14646.6045	-0.4636	32039.6830	NaN	NaN
-0.4777	203.5937	-0.4776	407.5574	-0.4760	1012.2088	-0.4746	2114.7794	-0.4733	4572.4142	-0.4738	14537.6227	-0.4627	31842.7227	NaN	NaN
-0.4767	200.4742	-0.4766	401.3388	-0.4750	1006.2245	-0.4735	2092.9209	-0.4722	4532.2788	-0.4727	14433.6413	-0.4617	31679.2260	NaN	NaN
-0.4756	198.7600	-0.4756	397.9653	-0.4740	1004.0620	-0.4725	2083.5186	-0.4713	4501.5499	-0.4717	14314.8345	-0.4607	31485.2590	NaN	NaN
-0.4746	199.8011	-0.4746	399.0917	-0.4731	998.5207	-0.4716	2067.7274	-0.4703	4451.9648	-0.4707	14207.7090	-0.4597	31313.6277	NaN	NaN
-0.4737	196.5599	-0.4737	394.3109	-0.4720	988.0697	-0.4706	2049.3232	-0.4693	4408.7512	-0.4697	14074.4739	-0.4586	31135.1529	NaN	NaN
-0.4727	197.3818	-0.4726	395.3653	-0.4710	987.2609	-0.4696	2026.3817	-0.4682	4379.1924	-0.4688	13955.6654	-0.4576	30949.9269	NaN	NaN
-0.4716	195.8873	-0.4716	391.8089	-0.4700	973.2512	-0.4685	2015.7048	-0.4672	4336.6534	-0.4678	13865.8140	-0.4566	30724.3339	NaN	NaN
-0.4706	193.4886	-0.4706	388.2459	-0.4690	964.5406	-0.4675	2002.7604	-0.4663	4287.1342	-0.4667	13730.1961	-0.4556	30557.1603	NaN	NaN
-0.4696	191.0490	-0.4696	383.6949	-0.4680	964.9513	-0.4665	1978.5387	-0.4653	4260.2093	-0.4657	13610.1102	-0.4546	30374.4315	NaN	NaN
-0.4687	191.0838	-0.4686	382.0980	-0.4670	953.7727	-0.4656	1964.5307	-0.4643	4227.0968	-0.4647	13520.3192	-0.4536	30161.9476	NaN	NaN
-0.4677	190.5922	-0.4676	381.8001	-0.4660	944.1293	-0.4646	1961.1682	-0.4633	4188.1741	-0.4637	13398.4512	-0.4527	29965.7916	NaN	NaN
-0.4666	187.5189	-0.4666	375.9828	-0.4650	944.4950	-0.4636	1939.3852	-0.4623	4152.5194	-0.4627	13279.2991	-0.4516	29797.7831	NaN	NaN
-0.4657	186.6820	-0.4656	374.2203	-0.4640	935.8054	-0.4626	1924.5640	-0.4612	4127.2233	-0.4617	13186.8129	-0.4506	29593.9827	NaN	NaN
-0.4646	188.3029	-0.4646	376.9428	-0.4630	927.3096	-0.4616	1919.5662	-0.4603	4096.0519	-0.4607	13072.0788	-0.4496	29403.2903	NaN	NaN
-0.4637	184.7128	-0.4636	370.6953	-0.4620	925.3081	-0.4606	1904.8719	-0.4592	4057.6750	-0.4597	12980.2358	-0.4487	29233.9316	NaN	NaN
-0.4627	183.4894	-0.4626	367.9996	-0.4611	919.2693	-0.4595	1890.6610	-0.4583	4035.8722	-0.4588	12868.1163	-0.4476	29041.1713	NaN	NaN
-0.4617	184.9592	-0.4616	369.6147	-0.4600	917.0375	-0.4586	1883.5553	-0.4572	3991.1943	-0.4577	12758.8248	-0.4466	28859.2178	NaN	NaN
-0.4607	182.2544	-0.4606	365.5109	-0.4590	908.3419	-0.4576	1863.0643	-0.4563	3953.3578	-0.4567	12645.0993	-0.4457	28676.9205	NaN	NaN
-0.4597	181.6417	-0.4596	364.4912	-0.4580	904.9807	-0.4566	1846.0363	-0.4552	3932.5768	-0.4557	12544.6470	-0.4446	28479.1301	NaN	NaN
-0.4587	181.5415	-0.4586	363.7831	-0.4570	893.3302	-0.4555	1837.8861	-0.4543	3896.3617	-0.4547	12446.7116	-0.4437	28274.4381	NaN	NaN
-0.4577	179.1592	-0.4576	358.9923	-0.4561	887.8551	-0.4545	1826.7781	-0.4532	3857.3212	-0.4537	12328.0104	-0.4426	28093.3769	NaN	NaN
-0.4567	177.2202	-0.4567	355.5742	-0.4550	890.2146	-0.4536	1805.1530	-0.4522	3838.7830	-0.4528	12220.8164	-0.4417	27909.1821	NaN	NaN
-0.4556	178.1521	-0.4557	356.5502	-0.4540	876.9738	-0.4525	1798.6350	-0.4513	3805.4357	-0.4517	12140.1459	-0.4407	27700.9242	NaN	NaN
-0.4546	176.4536	-0.4546	353.8511	-0.4530	870.3606	-0.4515	1789.4512	-0.4503	3772.3709	-0.4507	12023.9131	-0.4396	27519.7205	NaN	NaN
-0.4537	173.7962	-0.4536	348.8182	-0.4521	873.3424	-0.4506	1772.7019	-0.4492	3747.5473	-0.4498	11918.9360	-0.4387	27348.7542	NaN	NaN
-0.4527	174.1482	-0.4526	348.6125	-0.4510	863.2132	-0.4496	1760.7898	-0.4483	3722.1888	-0.4488	11853.0868	-0.4377	27146.7621	NaN	NaN
-0.4517	174.0176	-0.4516	348.5721	-0.4501	856.4921	-0.4485	1760.8905	-0.4472	3702.2131	-0.4477	11750.6117	-0.4367	26957.1329	NaN	NaN
-0.4506	171.5464	-0.4507	344.3062	-0.4491	857.4402	-0.4475	1747.1702	-0.4463	3668.4158	-0.4467	11652.3636	-0.4356	26796.2254	NaN	NaN
-0.4497	171.0044	-0.4496	342.4479	-0.4480	849.3213	-0.4466	1734.3549	-0.4453	3647.7265	-0.4457	11565.8619	-0.4347	26619.5078	NaN	NaN
-0.4487	172.2411	-0.4486	344.8514	-0.4470	849.1591	-0.4455	1729.6668	-0.4443	3612.3951	-0.4448	11458.8464	-0.4337	26437.8430	NaN	NaN
-0.4476	170.8772	-0.4477	341.6691	-0.4461	842.5790	-0.4445	1711.4981	-0.4433	3581.7190	-0.4438	11355.4723	-0.4326	26274.7212	NaN	NaN
-0.4467	168.9753	-0.4466	338.1618	-0.4450	837.1824	-0.4436	1697.4396	-0.4423	3572.6780	-0.4428	11273.0196	-0.4317	26069.3106	NaN	NaN
-0.4457	169.3528	-0.4456	339.3481	-0.4440	828.2764	-0.4426	1693.2162	-0.4413	3533.5571	-0.4417	11180.4546	-0.4307	25887.9352	NaN	NaN
-0.4447	166.7441	-0.4446	334.7417	-0.4430	823.9621	-0.4415	1681.5606	-0.4403	3504.1112	-0.4408	11072.6907	-0.4297	25719.0058	NaN	NaN
-0.4437	165.7451	-0.4437	331.9174	-0.4420	824.8266	-0.4406	1662.9610	-0.4393	3491.2606	-0.4398	10989.1212	-0.4287	25536.2482	NaN	NaN
-0.4427	166.8157	-0.4426	333.6364	-0.4411	813.2934	-0.4396	1661.0994	-0.4383	3462.1384	-0.4387	10904.9794	-0.4277	25331.4669	NaN	NaN
-0.4417	164.2005	-0.4417	329.6019	-0.4401	808.7770	-0.4386	1650.3777	-0.4373	3435.5175	-0.4378	10807.7382	-0.4267	25176.8574	NaN	NaN
-0.4407	162.5998	-0.4406	325.7538	-0.4390	812.3207	-0.4376	1636.3550	-0.4363	3420.0201	-0.4368	10716.4037	-0.4256	24999.9668	NaN	NaN
-0.4397	163.7510	-0.4397	327.6461	-0.4381	801.9063	-0.4366	1630.1103	-0.4352	3395.6353	-0.4357	10651.2767	-0.4247	24815.8562	NaN	NaN
-0.4387	162.0810	-0.4386	325.0331	-0.4370	796.6606	-0.4356	1624.2351	-0.4343	3387.1837	-0.4348	10567.0292	-0.4237	24656.5014	NaN	NaN
-0.4377	160.5584	-0.4377	321.6619	-0.4361	798.4024	-0.4346	1621.0886	-0.4332	3358.7847	-0.4338	10479.8477	-0.4226	24485.3320	NaN	NaN
-0.4367	160.5931	-0.4367	321.7200	-0.4351	792.3650	-0.4336	1606.2551	-0.4323	3335.4462	-0.4327	10408.1396	-0.4216	24323.4213	NaN	NaN
-0.4357	160.2375	-0.4356	321.3110	-0.4340	790.9529	-0.4326	1604.1798	-0.4312	3305.4486	-0.4317	10314.0810	-0.4206	24149.6321	NaN	NaN
-0.4347	160.6855	-0.4347	321.6160	-0.4331	787.9571	-0.4315	1585.3698	-0.4303	3284.2294	-0.4307	10221.0780	-0.4197	23997.8102	NaN	NaN
-0.4337	157.9975	-0.4336	317.0515	-0.4320	780.7038	-0.4306	1573.5833	-0.4293	3271.4510	-0.4297	10154.3020	-0.4186	23810.8281	NaN	NaN
-0.4327	159.1679	-0.4326	318.8267	-0.4311	772.5519	-0.4296	1573.7449	-0.4283	3239.0131	-0.4287	10065.5512	-0.4177	23640.4913	NaN	NaN
-0.4317	156.3057	-0.4316	313.3488	-0.4300	772.9049	-0.4286	1558.6331	-0.4273	3215.8324	-0.4278	9975.1636	-0.4166	23490.3061	NaN	NaN
-0.4306	155.3268	-0.4306	311.8637	-0.4290	768.3280	-0.4276	1546.2252	-0.4262	3211.1604	-0.4268	9908.4796	-0.4157	23307.2908	NaN	NaN
-0.4297	156.6315	-0.4296	313.5631	-0.4280	760.0602	-0.4266	1545.7433	-0.4253	3179.5552	-0.4258	9830.1204	-0.4147	23139.8292	NaN	NaN
-0.4287	153.9479	-0.4286	309.3493	-0.4271	758.5104	-0.4256	1536.3717	-0.4243	3156.5490	-0.4248	9745.2815	-0.4136	22987.5759	NaN	NaN
-0.4277	153.1209	-0.4276	306.9683	-0.4260	758.8277	-0.4245	1522.5639	-0.4233	3150.0266	-0.4237	9673.2254	-0.4126	22821.2337	NaN	NaN
-0.4266	154.3198	-0.4266	309.0163	-0.4251	750.9080	-0.4236	1519.7915	-0.4223	3127.8708	-0.4227	9605.3162	-0.4116	22653.7416	NaN	NaN
-0.4257	152.1715	-0.4257	305.6454	-0.4241	747.1856	-0.4225	1511.6676	-0.4213	3115.2716	-0.4217	9538.4188	-0.4106	22513.9931	NaN	NaN
-0.4247	150.9027	-0.4246	303.1008	-0.4230	750.0418	-0.4215	1511.0963	-0.4203	3098.6813	-0.4207	9459.4941	-0.4096	22356.3070	NaN	NaN
-0.4237	151.9184	-0.4236	303.9618	-0.4220	744.5849	-0.4206	1501.5093	-0.4193	3075.6519	-0.4197	9400.3987	-0.4086	22197.9855	NaN	NaN
-0.4227	150.4514	-0.4227	301.8973	-0.4210	740.4101	-0.4196	1493.1178	-0.4183	3049.6048	-0.4187	9315.6527	-0.4077	22045.8755	NaN	NaN
-0.4216	150.9737	-0.4216	302.6693	-0.4200	739.9132	-0.4186	1479.9849	-0.4172	3039.7921	-0.4177	9239.9417	-0.4067	21898.2220	NaN	NaN
-0.4207	149.3983	-0.4206	299.5163	-0.4190	731.5411	-0.4176	1469.8307	-0.4163	3022.5793	-0.4167	9182.3119	-0.4057	21739.4122	NaN	NaN
-0.4197	148.9621	-0.4196	299.3853	-0.4180	726.2161	-0.4165	1472.9911	-0.4152	2995.8006	-0.4157	9104.3433	-0.4047	21589.7464	NaN	NaN
-0.4187	147.1775	-0.4187	295.3598	-0.4170	728.4635	-0.4156	1456.0001	-0.4143	2981.5263	-0.4148	9025.0902	-0.4037	21453.2165	NaN	NaN
-0.4177	146.8997	-0.4177	294.1050	-0.4160	722.4065	-0.4146	1447.3392	-0.4133	2973.4716	-0.4137	8973.8196	-0.4026	21289.9225	NaN	NaN
-0.4166	148.2069	-0.4166	296.5309	-0.4150	714.8673	-0.4136	1450.1974	-0.4122	2947.8433	-0.4127	8897.3067	-0.4017	21138.0426	NaN	NaN
-0.4156	145.1462	-0.4156	291.4632	-0.4140	717.1549	-0.4126	1437.8422	-0.4112	2929.8948	-0.4118	8828.2162	-0.4007	21017.0380	NaN	NaN
-0.4147	144.9001	-0.4147	289.9825	-0.4130	713.4083	-0.4115	1428.0426	-0.4102	2928.6666	-0.4107	8771.1370	-0.3997	20851.3869	NaN	NaN
-0.4137	145.8887	-0.4136	292.9036	-0.4120	706.7338	-0.4105	1428.7650	-0.4093	2904.1701	-0.4097	8709.1914	-0.3987	20697.9540	NaN	NaN
-0.4127	143.8968	-0.4127	288.8023	-0.4110	705.4598	-0.4096	1418.6363	-0.4083	2887.6261	-0.4088	8640.0675	-0.3977	20581.8965	NaN	NaN
-0.4117	142.9197	-0.4116	286.6889	-0.4100	705.8604	-0.4086	1411.1948	-0.4073	2884.9944	-0.4077	8583.4243	-0.3967	20434.6722	NaN	NaN
-0.4106	144.1136	-0.4106	288.6060	-0.4090	699.4384	-0.4076	1408.7345	-0.4063	2862.2506	-0.4068	8525.8934	-0.3957	20308.8667	NaN	NaN
-0.4097	142.1595	-0.4096	285.6141	-0.4080	696.3985	-0.4066	1401.5537	-0.4053	2842.2861	-0.4057	8449.9633	-0.3947	20175.9025	NaN	NaN
-0.4087	141.7248	-0.4086	284.3283	-0.4070	699.4937	-0.4056	1391.0353	-0.4043	2835.4208	-0.4047	8387.6242	-0.3937	20034.4316	NaN	NaN
-0.4077	142.2548	-0.4076	284.9598	-0.4060	690.4118	-0.4046	1387.2155	-0.4033	2817.3357	-0.4037	8348.1945	-0.3927	19888.1560	NaN	NaN
-0.4067	140.6342	-0.4067	282.7013	-0.4050	686.7491	-0.4036	1384.1809	-0.4023	2795.4871	-0.4028	8272.8092	-0.3917	19763.6721	NaN	NaN
-0.4057	139.4967	-0.4056	280.1669	-0.4041	689.6848	-0.4026	1371.0373	-0.4013	2788.3940	-0.4018	8207.8229	-0.3907	19630.5071	NaN	NaN
-0.4047	139.6259	-0.4047	280.2667	-0.4030	682.7416	-0.4016	1364.2557	-0.4003	2778.0199	-0.4008	8172.6180	-0.3896	19483.0249	NaN	NaN
-0.4037	139.3026	-0.4037	279.8531	-0.4021	677.8288	-0.4006	1368.7667	-0.3993	2758.0604	-0.3998	8104.0723	-0.3887	19361.6208	NaN	NaN
-0.4027	137.3634	-0.4027	276.3931	-0.4011	680.5756	-0.3996	1355.9871	-0.3983	2746.3096	-0.3988	8039.7158	-0.3877	19245.2442	NaN	NaN
-0.4017	137.4471	-0.4017	276.1780	-0.4001	675.5855	-0.3986	1348.3888	-0.3973	2740.7688	-0.3978	7998.0485	-0.3867	19100.0321	NaN	NaN
-0.4007	138.7735	-0.4007	278.5096	-0.3991	669.8692	-0.3976	1352.4259	-0.3963	2729.0539	-0.3968	7938.1538	-0.3857	18971.5540	NaN	NaN
-0.3997	136.4435	-0.3997	274.2103	-0.3981	671.8505	-0.3966	1344.7011	-0.3953	2713.3689	-0.3958	7897.6183	-0.3847	18868.8046	NaN	NaN
-0.3987	135.9643	-0.3987	273.1712	-0.3971	668.5525	-0.3956	1339.0223	-0.3943	2712.0236	-0.3947	7842.7682	-0.3836	18747.1682	NaN	NaN
-0.3977	137.1206	-0.3977	275.2074	-0.3960	668.7144	-0.3946	1337.5633	-0.3933	2688.1168	-0.3938	7789.8107	-0.3827	18628.7226	NaN	NaN
-0.3967	135.5775	-0.3967	272.1033	-0.3950	663.3186	-0.3936	1326.9496	-0.3923	2671.5730	-0.3927	7724.1622	-0.3817	18512.4636	NaN	NaN
-0.3957	135.2639	-0.3956	272.1253	-0.3940	662.6713	-0.3925	1319.0314	-0.3913	2669.7727	-0.3918	7678.2265	-0.3807	18375.7617	NaN	NaN
-0.3947	135.6962	-0.3946	272.0522	-0.3931	656.2790	-0.3915	1318.0029	-0.3903	2651.4725	-0.3908	7632.8607	-0.3796	18255.4606	NaN	NaN
-0.3937	133.8291	-0.3937	269.1841	-0.3920	653.5756	-0.3906	1312.0912	-0.3893	2632.2602	-0.3898	7570.4978	-0.3787	18183.7765	NaN	NaN
-0.3927	133.1077	-0.3927	266.9982	-0.3910	657.2929	-0.3896	1299.0967	-0.3883	2631.1417	-0.3887	7516.6117	-0.3777	18044.8035	NaN	NaN
-0.3917	133.5812	-0.3917	268.6791	-0.3900	648.4943	-0.3886	1299.5361	-0.3873	2618.3854	-0.3878	7486.5486	-0.3767	17905.9761	NaN	NaN
-0.3907	132.5636	-0.3907	267.0339	-0.3891	646.3918	-0.3875	1297.4473	-0.3863	2601.6115	-0.3868	7420.7643	-0.3757	17802.7676	NaN	NaN
-0.3897	131.0381	-0.3897	263.3480	-0.3880	649.5980	-0.3866	1287.3041	-0.3853	2596.6646	-0.3857	7372.1704	-0.3747	17690.5035	NaN	NaN
-0.3887	131.8552	-0.3886	264.5583	-0.3871	643.2742	-0.3856	1282.7378	-0.3843	2586.7435	-0.3848	7341.5407	-0.3737	17575.3057	NaN	NaN
-0.3877	131.5586	-0.3877	264.6223	-0.3861	640.0770	-0.3846	1286.0420	-0.3833	2584.2817	-0.3838	7294.0291	-0.3726	17454.9916	NaN	NaN
-0.3867	130.1840	-0.3867	261.8704	-0.3850	642.4012	-0.3836	1281.8025	-0.3823	2569.4760	-0.3828	7257.8999	-0.3716	17359.8329	NaN	NaN
-0.3857	129.9645	-0.3856	261.2827	-0.3840	637.4260	-0.3826	1274.4033	-0.3813	2562.7108	-0.3817	7215.2196	-0.3707	17253.2337	NaN	NaN
-0.3846	131.2430	-0.3846	263.3316	-0.3831	641.4823	-0.3816	1275.4472	-0.3802	2543.9922	-0.3808	7164.5893	-0.3696	17145.1947	NaN	NaN
-0.3837	130.6381	-0.3836	262.3011	-0.3820	635.9358	-0.3806	1264.1143	-0.3793	2532.2808	-0.3798	7109.0054	-0.3686	17054.7487	NaN	NaN
-0.3827	129.1204	-0.3826	260.0118	-0.3810	632.2770	-0.3796	1256.1451	-0.3783	2535.0707	-0.3787	7091.8397	-0.3677	16931.0420	NaN	NaN
-0.3817	129.8877	-0.3817	260.8937	-0.3801	627.4819	-0.3786	1259.8035	-0.3773	2512.8476	-0.3777	7037.4361	-0.3666	16810.4701	NaN	NaN
-0.3807	128.0114	-0.3807	257.6901	-0.3791	626.9609	-0.3776	1251.3506	-0.3763	2499.7625	-0.3768	6978.7503	-0.3657	16734.4285	NaN	NaN
-0.3797	127.5211	-0.3797	256.3479	-0.3780	628.3806	-0.3766	1242.5645	-0.3753	2501.1766	-0.3758	6949.1572	-0.3646	16620.4980	NaN	NaN
-0.3787	128.4203	-0.3786	258.3366	-0.3770	620.9154	-0.3756	1243.9924	-0.3743	2486.9673	-0.3747	6910.6199	-0.3637	16509.5850	NaN	NaN
-0.3777	126.8023	-0.3777	255.5190	-0.3761	619.6383	-0.3745	1239.1628	-0.3733	2472.7280	-0.3737	6862.5410	-0.3627	16424.0857	NaN	NaN
-0.3766	125.8982	-0.3766	253.2310	-0.3751	623.7510	-0.3736	1230.7109	-0.3723	2472.6069	-0.3728	6815.9237	-0.3617	16324.0095	NaN	NaN
-0.3757	127.0018	-0.3757	255.0124	-0.3740	616.0739	-0.3726	1230.7154	-0.3712	2462.6482	-0.3717	6798.5980	-0.3607	16222.6119	NaN	NaN
-0.3747	125.8584	-0.3746	253.7351	-0.3730	614.5039	-0.3716	1228.7494	-0.3702	2460.1869	-0.3708	6761.5223	-0.3597	16131.9387	NaN	NaN
-0.3736	124.9645	-0.3736	251.2974	-0.3720	617.8829	-0.3706	1227.6771	-0.3692	2450.1481	-0.3697	6715.5846	-0.3587	16042.9594	NaN	NaN
-0.3727	125.2138	-0.3727	251.6513	-0.3710	612.8804	-0.3696	1219.8778	-0.3683	2440.4052	-0.3687	6692.7422	-0.3577	15945.9897	NaN	NaN
-0.3717	125.0690	-0.3717	252.6204	-0.3700	612.8354	-0.3686	1223.3991	-0.3673	2424.8924	-0.3678	6643.0712	-0.3566	15853.4473	NaN	NaN
-0.3707	125.4075	-0.3707	252.0788	-0.3690	612.3393	-0.3676	1210.7337	-0.3662	2418.3442	-0.3668	6601.1162	-0.3557	15775.5961	NaN	NaN
-0.3697	123.9744	-0.3696	249.7496	-0.3681	607.9746	-0.3666	1206.4375	-0.3652	2416.1974	-0.3658	6577.3412	-0.3547	15668.7936	NaN	NaN
-0.3687	124.9950	-0.3687	251.4168	-0.3671	603.7281	-0.3656	1210.9251	-0.3643	2398.8977	-0.3648	6536.6127	-0.3536	15577.3143	NaN	NaN
-0.3677	122.8052	-0.3677	247.9059	-0.3660	605.2433	-0.3646	1201.6161	-0.3633	2390.2136	-0.3638	6490.8007	-0.3527	15513.2035	NaN	NaN
-0.3667	122.6972	-0.3666	247.1600	-0.3651	603.4657	-0.3636	1194.7622	-0.3623	2395.8737	-0.3628	6468.5410	-0.3517	15402.5778	NaN	NaN
-0.3657	123.8284	-0.3657	249.2792	-0.3641	598.0285	-0.3626	1198.0070	-0.3613	2378.7464	-0.3618	6436.1314	-0.3507	15302.3309	NaN	NaN
-0.3647	121.9183	-0.3647	246.2464	-0.3631	598.6833	-0.3616	1192.6605	-0.3602	2368.7366	-0.3608	6394.4646	-0.3496	15236.2661	NaN	NaN
-0.3637	121.4869	-0.3636	244.7601	-0.3621	599.6970	-0.3606	1185.8724	-0.3593	2370.5572	-0.3598	6368.7809	-0.3487	15146.6267	NaN	NaN
-0.3627	122.7277	-0.3627	247.0463	-0.3610	594.9264	-0.3596	1188.7849	-0.3583	2360.2053	-0.3588	6345.4617	-0.3477	15055.3201	NaN	NaN
-0.3617	121.3551	-0.3617	244.3192	-0.3601	592.9584	-0.3586	1183.0750	-0.3573	2358.4161	-0.3578	6319.0354	-0.3467	14981.6363	NaN	NaN
-0.3607	120.5564	-0.3607	243.0791	-0.3591	596.8089	-0.3576	1184.4011	-0.3562	2355.3004	-0.3568	6283.8006	-0.3457	14899.9906	NaN	NaN
-0.3597	121.5531	-0.3597	244.6205	-0.3581	594.2778	-0.3566	1180.9819	-0.3552	2343.1497	-0.3558	6269.3217	-0.3447	14827.5136	NaN	NaN
-0.3587	120.4260	-0.3587	243.2289	-0.3570	592.3840	-0.3556	1177.5980	-0.3543	2329.6048	-0.3547	6221.7331	-0.3437	14749.4887	NaN	NaN
-0.3577	121.1317	-0.3576	244.0098	-0.3560	593.2750	-0.3546	1168.7261	-0.3533	2328.9752	-0.3538	6190.8780	-0.3426	14679.9740	NaN	NaN
-0.3567	120.0446	-0.3567	242.0750	-0.3551	587.4367	-0.3536	1165.8956	-0.3522	2322.9240	-0.3528	6181.3462	-0.3417	14582.0554	NaN	NaN
-0.3557	119.8336	-0.3556	242.2685	-0.3540	584.7399	-0.3526	1170.5583	-0.3513	2309.3453	-0.3518	6140.2156	-0.3407	14495.0617	NaN	NaN
-0.3547	118.8530	-0.3546	240.1319	-0.3530	587.9556	-0.3516	1159.7072	-0.3503	2306.9935	-0.3508	6104.3570	-0.3396	14445.1815	NaN	NaN
-0.3537	118.5278	-0.3537	239.3252	-0.3521	584.2871	-0.3506	1157.5816	-0.3493	2306.5523	-0.3498	6093.5527	-0.3387	14353.9334	NaN	NaN
-0.3527	120.0397	-0.3526	241.8940	-0.3511	579.0138	-0.3496	1162.0429	-0.3483	2292.6933	-0.3487	6062.2197	-0.3377	14271.9406	NaN	NaN
-0.3517	117.7171	-0.3517	237.8350	-0.3501	582.3795	-0.3486	1153.7783	-0.3473	2286.5285	-0.3478	6028.7785	-0.3367	14220.1931	NaN	NaN
-0.3507	117.6126	-0.3507	237.7782	-0.3491	580.9779	-0.3476	1149.6235	-0.3463	2291.8187	-0.3468	6011.2155	-0.3357	14133.7452	NaN	NaN
-0.3497	119.0258	-0.3497	239.9602	-0.3480	576.4947	-0.3466	1153.9606	-0.3453	2283.6249	-0.3458	5990.3847	-0.3347	14052.0128	NaN	NaN
-0.3487	117.2096	-0.3487	237.2614	-0.3470	576.9953	-0.3456	1147.5257	-0.3443	2277.0325	-0.3447	5974.4030	-0.3337	14000.2932	NaN	NaN
-0.3477	117.0390	-0.3477	236.1091	-0.3461	578.2324	-0.3446	1150.0984	-0.3433	2276.9074	-0.3438	5950.4718	-0.3327	13929.1673	NaN	NaN
-0.3467	117.9347	-0.3467	238.4225	-0.3451	578.2122	-0.3436	1148.0408	-0.3423	2266.0954	-0.3428	5929.8031	-0.3316	13876.0109	NaN	NaN
-0.3457	116.5490	-0.3457	235.9081	-0.3440	574.4613	-0.3426	1142.6946	-0.3413	2256.0618	-0.3418	5897.2002	-0.3306	13804.9157	NaN	NaN
-0.3447	117.6351	-0.3447	237.4326	-0.3430	577.6816	-0.3416	1136.3722	-0.3403	2256.7293	-0.3407	5870.9486	-0.3296	13736.9533	NaN	NaN
-0.3437	117.0819	-0.3437	236.6682	-0.3421	571.2322	-0.3406	1137.8431	-0.3393	2250.3989	-0.3398	5864.1386	-0.3287	13660.7399	NaN	NaN
-0.3427	116.0754	-0.3426	234.8291	-0.3411	569.3141	-0.3396	1135.9042	-0.3382	2237.9525	-0.3387	5829.2457	-0.3277	13594.4165	NaN	NaN
-0.3417	115.2150	-0.3417	233.2205	-0.3401	573.0782	-0.3386	1127.3546	-0.3373	2239.7809	-0.3377	5802.2893	-0.3267	13539.1891	NaN	NaN
-0.3407	115.8562	-0.3407	233.6445	-0.3391	568.5470	-0.3376	1127.3629	-0.3363	2236.1089	-0.3367	5798.4993	-0.3257	13455.4438	NaN	NaN
-0.3396	115.5627	-0.3397	234.1975	-0.3381	565.1686	-0.3366	1132.8085	-0.3353	2225.7205	-0.3357	5770.6168	-0.3247	13388.2005	NaN	NaN
-0.3387	114.5059	-0.3387	231.5434	-0.3371	569.2272	-0.3356	1123.4852	-0.3342	2221.4529	-0.3348	5746.8824	-0.3237	13341.1952	NaN	NaN
-0.3377	114.4975	-0.3377	231.5864	-0.3360	565.7471	-0.3346	1121.0680	-0.3333	2224.1468	-0.3338	5739.7185	-0.3227	13272.9450	NaN	NaN
-0.3367	116.0522	-0.3367	234.3615	-0.3351	563.3329	-0.3336	1126.3162	-0.3323	2226.0829	-0.3328	5714.2908	-0.3217	13205.3572	NaN	NaN
-0.3357	114.0431	-0.3357	231.0633	-0.3341	565.2753	-0.3326	1123.5982	-0.3313	2216.7190	-0.3317	5715.4460	-0.3207	13166.8045	NaN	NaN
-0.3347	113.9411	-0.3347	230.7384	-0.3330	563.9119	-0.3316	1121.5319	-0.3302	2220.9375	-0.3307	5692.7798	-0.3197	13110.4279	NaN	NaN
-0.3337	115.0060	-0.3336	232.8440	-0.3321	566.5566	-0.3305	1122.7362	-0.3292	2206.2409	-0.3297	5674.6140	-0.3187	13063.0209	NaN	NaN
-0.3327	114.1410	-0.3327	230.9139	-0.3310	562.7540	-0.3295	1115.7212	-0.3282	2198.5500	-0.3287	5645.3819	-0.3176	13006.7016	NaN	NaN
-0.3317	114.0788	-0.3316	230.9668	-0.3300	562.9551	-0.3286	1111.3598	-0.3273	2203.6943	-0.3278	5632.5853	-0.3167	12940.8957	NaN	NaN
-0.3307	114.4654	-0.3307	231.6254	-0.3291	558.4024	-0.3276	1114.4572	-0.3263	2193.2920	-0.3267	5621.6546	-0.3157	12882.0181	NaN	NaN
-0.3296	112.9594	-0.3296	229.1718	-0.3281	557.3107	-0.3266	1110.4764	-0.3253	2183.9738	-0.3257	5593.8128	-0.3147	12825.8426	NaN	NaN
-0.3287	112.5399	-0.3286	228.2216	-0.3271	561.9420	-0.3256	1103.8695	-0.3243	2188.1530	-0.3248	5576.2284	-0.3136	12775.8200	NaN	NaN
-0.3277	113.8241	-0.3276	230.0615	-0.3261	555.2205	-0.3246	1106.7851	-0.3233	2184.0634	-0.3238	5575.6241	-0.3127	12704.8388	NaN	NaN
-0.3267	112.6737	-0.3267	228.4795	-0.3251	554.3795	-0.3236	1106.8174	-0.3223	2176.9815	-0.3228	5551.1523	-0.3117	12663.0942	NaN	NaN
-0.3257	111.6882	-0.3257	226.6082	-0.3241	559.1189	-0.3226	1102.5629	-0.3213	2178.2394	-0.3218	5533.2575	-0.3107	12622.7892	NaN	NaN
-0.3247	112.3976	-0.3247	227.6915	-0.3231	554.8030	-0.3216	1099.3050	-0.3203	2176.9447	-0.3208	5532.5836	-0.3097	12551.8949	NaN	NaN
-0.3237	112.3269	-0.3237	228.0429	-0.3221	552.6657	-0.3206	1105.3971	-0.3193	2176.5104	-0.3198	5517.5352	-0.3087	12511.5299	NaN	NaN
-0.3227	111.6436	-0.3227	226.2199	-0.3211	555.8379	-0.3196	1102.9066	-0.3183	2170.2567	-0.3187	5509.1849	-0.3077	12469.0683	NaN	NaN
-0.3217	111.4049	-0.3217	226.2643	-0.3201	553.1228	-0.3186	1098.5358	-0.3172	2171.8848	-0.3178	5499.4975	-0.3067	12437.2432	NaN	NaN
-0.3207	112.8614	-0.3207	228.5050	-0.3191	556.1710	-0.3175	1101.6807	-0.3163	2159.7256	-0.3168	5479.8645	-0.3056	12381.3844	NaN	NaN
-0.3197	112.2474	-0.3197	227.2215	-0.3181	554.4100	-0.3163	1085.0726	-0.3153	2156.1409	-0.3158	5458.9655	-0.3047	12344.9029	NaN	NaN
-0.3187	111.2430	-0.3187	225.7441	-0.3170	551.8206	-0.3153	1081.7145	-0.3143	2164.5135	-0.3148	5454.7703	-0.3037	12284.6450	NaN	NaN
-0.3177	112.2736	-0.3177	227.8174	-0.3161	548.9468	-0.3143	1087.9006	-0.3133	2151.3606	-0.3138	5444.5604	-0.3027	12233.6440	NaN	NaN
-0.3167	110.8381	-0.3167	225.0836	-0.3150	549.7289	-0.3133	1079.9163	-0.3123	2146.7413	-0.3128	5421.4105	-0.3016	12196.4995	NaN	NaN
-0.3157	110.6141	-0.3157	224.6831	-0.3141	551.0738	-0.3123	1077.5271	-0.3113	2153.7291	-0.3117	5413.2817	-0.3006	12155.3611	NaN	NaN
-0.3147	111.6570	-0.3147	226.1935	-0.3131	546.6239	-0.3113	1083.4490	-0.3103	2145.8889	-0.3107	5407.6239	-0.2997	12087.5142	NaN	NaN
-0.3137	110.4462	-0.3137	224.3700	-0.3120	546.2396	-0.3102	1078.7405	-0.3093	2140.1688	-0.3098	5391.3042	-0.2987	12063.7392	NaN	NaN
-0.3127	109.8186	-0.3127	223.0644	-0.3111	551.2675	-0.3093	1075.5284	-0.3083	2145.1456	-0.3088	5385.6101	-0.2976	12016.0442	NaN	NaN
-0.3117	111.1529	-0.3117	225.0129	-0.3101	545.9345	-0.3083	1079.9389	-0.3073	2140.9339	-0.3078	5390.7876	-0.2967	11962.8306	NaN	NaN
-0.3107	110.2456	-0.3107	224.2730	-0.3090	545.2081	-0.3072	1076.8636	-0.3062	2152.1132	-0.3068	5380.4923	-0.2956	11941.9590	NaN	NaN
-0.3097	109.6451	-0.3097	222.5803	-0.3081	549.0322	-0.3063	1084.8539	-0.3053	2144.9304	-0.3057	5371.9775	-0.2947	11893.8624	NaN	NaN
-0.3087	110.1462	-0.3087	223.5838	-0.3071	547.0824	-0.3053	1078.9155	-0.3043	2140.2077	-0.3048	5369.9171	-0.2936	11864.5958	NaN	NaN
-0.3077	110.2637	-0.3077	224.0471	-0.3061	548.4524	-0.3042	1076.2435	-0.3033	2130.9533	-0.3037	5349.8649	-0.2926	11827.8544	NaN	NaN
-0.3067	111.0941	-0.3067	225.2640	-0.3050	548.2740	-0.3033	1070.9788	-0.3023	2128.7165	-0.3027	5333.1358	-0.2916	11795.4833	NaN	NaN
-0.3056	109.6191	-0.3057	223.1993	-0.3040	544.8310	-0.3023	1071.3431	-0.3013	2134.2965	-0.3018	5332.3589	-0.2907	11742.5568	NaN	NaN
-0.3047	110.7398	-0.3047	224.5854	-0.3031	542.4869	-0.3012	1074.7809	-0.3003	2123.0880	-0.3007	5318.9276	-0.2897	11701.5318	NaN	NaN
-0.3037	109.0794	-0.3037	221.8778	-0.3020	545.4467	-0.3002	1066.7273	-0.2993	2120.5209	-0.2997	5299.6621	-0.2887	11687.0432	NaN	NaN
-0.3027	109.1385	-0.3027	221.6486	-0.3010	543.9462	-0.2993	1065.9895	-0.2983	2132.1977	-0.2988	5304.4236	-0.2877	11630.7520	NaN	NaN
-0.3017	110.2684	-0.3017	223.7301	-0.3001	540.0704	-0.2982	1074.3939	-0.2973	2120.7162	-0.2978	5294.1167	-0.2867	11579.6655	NaN	NaN
-0.3007	108.9909	-0.3007	221.6227	-0.2990	541.4565	-0.2973	1067.3687	-0.2963	2117.0165	-0.2968	5281.7103	-0.2857	11568.3955	NaN	NaN
-0.2997	108.6442	-0.2997	220.9013	-0.2980	544.3297	-0.2963	1065.3358	-0.2953	2127.6458	-0.2958	5279.6337	-0.2847	11527.5149	NaN	NaN
-0.2987	109.9739	-0.2986	223.2163	-0.2970	540.4387	-0.2952	1071.4650	-0.2943	2122.3310	-0.2948	5275.2984	-0.2837	11488.2151	NaN	NaN
-0.2977	108.8082	-0.2977	221.6015	-0.2960	540.1255	-0.2943	1068.3043	-0.2932	2124.1572	-0.2937	5275.0815	-0.2827	11462.1975	NaN	NaN
-0.2967	108.3535	-0.2967	220.4726	-0.2951	544.8180	-0.2932	1070.4489	-0.2922	2125.7103	-0.2928	5262.2160	-0.2817	11429.1932	NaN	NaN
-0.2957	109.5109	-0.2957	222.5038	-0.2941	543.1481	-0.2922	1071.8422	-0.2912	2120.0352	-0.2917	5273.7440	-0.2807	11423.5014	NaN	NaN
-0.2947	108.6114	-0.2947	221.2391	-0.2930	541.7763	-0.2912	1066.9312	-0.2902	2112.9997	-0.2908	5251.1625	-0.2797	11383.5987	NaN	NaN
-0.2937	109.5155	-0.2936	222.3179	-0.2920	544.2937	-0.2902	1062.9261	-0.2893	2117.0950	-0.2898	5240.1542	-0.2786	11353.2392	NaN	NaN
-0.2927	108.7693	-0.2927	221.2534	-0.2910	540.2973	-0.2892	1066.7469	-0.2883	2117.0851	-0.2888	5250.8037	-0.2777	11315.5491	NaN	NaN
-0.2917	108.7906	-0.2917	221.3434	-0.2901	538.8485	-0.2882	1065.6313	-0.2873	2108.2373	-0.2878	5236.6289	-0.2767	11282.4875	NaN	NaN
-0.2907	108.0825	-0.2907	220.0838	-0.2891	542.4228	-0.2873	1059.9989	-0.2863	2108.8288	-0.2868	5219.1223	-0.2756	11271.2470	NaN	NaN
-0.2897	108.1510	-0.2897	219.7162	-0.2880	540.2313	-0.2863	1062.6474	-0.2853	2114.7720	-0.2858	5229.8289	-0.2747	11222.9488	NaN	NaN
-0.2887	109.5413	-0.2887	222.5501	-0.2870	536.3956	-0.2853	1066.1771	-0.2843	2109.8847	-0.2847	5222.6373	-0.2737	11184.7994	NaN	NaN
-0.2877	107.6780	-0.2877	219.3032	-0.2860	540.8438	-0.2842	1060.6038	-0.2833	2106.8512	-0.2838	5211.2605	-0.2727	11186.0350	NaN	NaN
-0.2867	107.8479	-0.2867	219.4636	-0.2851	540.1427	-0.2833	1061.1736	-0.2823	2116.5836	-0.2828	5214.7471	-0.2717	11145.3271	NaN	NaN
-0.2857	109.2027	-0.2857	221.9835	-0.2841	537.4105	-0.2822	1068.2850	-0.2813	2115.4599	-0.2818	5211.9214	-0.2707	11117.5563	NaN	NaN
-0.2847	107.9072	-0.2847	219.5050	-0.2831	538.3197	-0.2813	1067.2962	-0.2803	2114.2131	-0.2808	5219.8518	-0.2697	11104.9634	NaN	NaN
-0.2837	107.9452	-0.2837	219.2851	-0.2821	540.4009	-0.2802	1066.5711	-0.2792	2119.5614	-0.2798	5213.4191	-0.2687	11072.3335	NaN	NaN
-0.2827	109.0365	-0.2827	221.5958	-0.2811	542.8845	-0.2792	1069.5519	-0.2783	2112.1360	-0.2787	5210.6646	-0.2677	11060.4310	NaN	NaN
-0.2817	107.9392	-0.2817	219.6815	-0.2801	539.4434	-0.2783	1063.2229	-0.2772	2105.5947	-0.2777	5196.6751	-0.2667	11044.3894	NaN	NaN
-0.2807	109.2775	-0.2806	222.1432	-0.2791	543.4546	-0.2772	1061.2956	-0.2763	2114.0023	-0.2767	5190.0850	-0.2657	11012.6511	NaN	NaN
-0.2797	108.8686	-0.2796	221.3547	-0.2781	537.7960	-0.2762	1066.2579	-0.2753	2111.2260	-0.2757	5203.8932	-0.2647	10975.1043	NaN	NaN
-0.2787	108.1582	-0.2786	220.2331	-0.2770	537.7877	-0.2753	1063.5980	-0.2743	2103.3221	-0.2747	5187.4426	-0.2637	10964.1518	NaN	NaN
-0.2777	107.4720	-0.2776	218.8585	-0.2761	541.3862	-0.2743	1058.6793	-0.2733	2110.7417	-0.2738	5180.8973	-0.2627	10949.0297	NaN	NaN
-0.2767	108.1830	-0.2766	219.9041	-0.2751	538.2526	-0.2733	1064.1250	-0.2723	2111.1593	-0.2728	5194.5101	-0.2617	10905.4462	NaN	NaN
-0.2757	108.3421	-0.2756	220.2387	-0.2741	536.4991	-0.2723	1064.5399	-0.2713	2104.9301	-0.2718	5183.5705	-0.2607	10892.4229	NaN	NaN
-0.2747	107.1736	-0.2747	218.4910	-0.2731	540.9748	-0.2713	1061.0031	-0.2703	2106.8504	-0.2708	5175.2379	-0.2596	10886.9035	NaN	NaN
-0.2737	107.7056	-0.2736	218.9832	-0.2720	538.6655	-0.2703	1062.3005	-0.2692	2114.6847	-0.2697	5187.8018	-0.2587	10863.4155	NaN	NaN
-0.2727	109.1758	-0.2727	221.3646	-0.2710	536.6494	-0.2692	1066.1045	-0.2683	2115.9970	-0.2688	5180.7505	-0.2576	10833.7464	NaN	NaN
-0.2717	107.8162	-0.2716	219.0078	-0.2700	540.2059	-0.2683	1067.5634	-0.2673	2113.1263	-0.2678	5191.8588	-0.2566	10832.7396	NaN	NaN
-0.2707	107.7203	-0.2707	218.7906	-0.2691	539.5336	-0.2673	1065.4423	-0.2662	2125.2778	-0.2667	5187.0211	-0.2557	10812.2711	NaN	NaN
-0.2697	108.9673	-0.2697	221.2829	-0.2681	541.2782	-0.2662	1072.0704	-0.2653	2111.5667	-0.2657	5186.0835	-0.2546	10799.1622	NaN	NaN
-0.2687	108.3023	-0.2686	220.0373	-0.2671	539.9409	-0.2653	1064.6490	-0.2643	2110.0785	-0.2648	5175.3631	-0.2537	10794.2168	NaN	NaN
-0.2677	108.3059	-0.2677	220.4704	-0.2660	541.0376	-0.2643	1062.5142	-0.2632	2119.8774	-0.2638	5178.4517	-0.2526	10770.0963	NaN	NaN
-0.2667	109.1486	-0.2667	221.1442	-0.2650	537.7366	-0.2632	1069.3021	-0.2623	2113.0837	-0.2627	5185.3045	-0.2487	10664.0718	NaN	NaN
-0.2657	107.9033	-0.2656	219.4905	-0.2640	537.3934	-0.2622	1064.9264	-0.2613	2109.3026	-0.2617	5169.9147	-0.2477	10652.4438	NaN	NaN
-0.2647	107.7502	-0.2647	218.9858	-0.2630	542.8585	-0.2612	1060.8362	-0.2603	2117.6190	-0.2608	5169.0686	-0.2467	10635.4913	NaN	NaN
-0.2637	108.8773	-0.2637	220.9658	-0.2620	537.5066	-0.2603	1068.7786	-0.2592	2115.9449	-0.2597	5185.1287	-0.2457	10612.2317	NaN	NaN
-0.2627	108.3439	-0.2626	220.0739	-0.2611	537.3440	-0.2592	1066.6749	-0.2582	2111.8602	-0.2587	5174.0676	-0.2446	10594.0974	NaN	NaN
-0.2617	107.4175	-0.2617	218.3468	-0.2601	542.6360	-0.2583	1063.1833	-0.2573	2119.3300	-0.2577	5174.2552	-0.2436	10606.1990	NaN	NaN
-0.2606	108.3881	-0.2607	219.8431	-0.2590	539.8113	-0.2573	1069.1324	-0.2563	2118.9729	-0.2567	5186.2541	-0.2427	10591.6718	NaN	NaN
-0.2597	108.4875	-0.2596	221.2020	-0.2580	538.5316	-0.2562	1069.3385	-0.2553	2126.3851	-0.2557	5184.2119	-0.2416	10575.0675	NaN	NaN
-0.2587	108.1142	-0.2587	219.1639	-0.2571	542.3825	-0.2552	1073.0436	-0.2543	2123.6326	-0.2548	5187.5376	-0.2406	10581.0414	NaN	NaN
-0.2577	108.2623	-0.2576	219.6397	-0.2561	540.1473	-0.2542	1070.3184	-0.2532	2128.7255	-0.2537	5196.5191	-0.2396	10557.9160	NaN	NaN
-0.2566	109.6018	-0.2566	222.2845	-0.2551	544.3346	-0.2532	1074.3180	-0.2523	2122.7757	-0.2527	5188.4651	-0.2386	10568.9669	NaN	NaN
-0.2557	109.1642	-0.2557	221.4253	-0.2540	543.1931	-0.2522	1069.0189	-0.2513	2121.1424	-0.2517	5184.1028	-0.2376	10562.4023	NaN	NaN
-0.2546	108.6683	-0.2546	220.6571	-0.2530	542.6254	-0.2512	1068.0158	-0.2503	2132.5467	-0.2508	5194.1576	-0.2366	10547.6806	NaN	NaN
-0.2537	109.6857	-0.2537	222.3191	-0.2521	539.8489	-0.2503	1076.8142	-0.2493	2123.4556	-0.2498	5196.8798	-0.2357	10524.6402	NaN	NaN
-0.2527	108.6772	-0.2527	220.2369	-0.2511	541.0237	-0.2493	1069.2387	-0.2483	2122.6587	-0.2488	5180.9531	-0.2347	10529.6150	NaN	NaN
-0.2517	108.3898	-0.2517	220.2351	-0.2501	543.3930	-0.2483	1068.3370	-0.2473	2133.3047	-0.2478	5190.2544	-0.2336	10520.3407	NaN	NaN
-0.2507	109.9123	-0.2507	222.1902	-0.2491	539.8175	-0.2473	1076.1046	-0.2463	2128.3991	-0.2468	5198.7874	-0.2326	10499.8482	NaN	NaN
-0.2497	108.9049	-0.2497	220.8889	-0.2481	540.4654	-0.2463	1073.8475	-0.2453	2127.1017	-0.2457	5192.4022	-0.2317	10502.7762	NaN	NaN
-0.2487	108.1813	-0.2487	219.8582	-0.2471	545.7835	-0.2453	1070.8130	-0.2443	2136.6186	-0.2448	5191.4314	-0.2306	10504.1764	NaN	NaN
-0.2477	110.0083	-0.2477	222.3953	-0.2461	542.4777	-0.2443	1077.3559	-0.2433	2133.7339	-0.2438	5211.3308	-0.2296	10513.4991	NaN	NaN
-0.2467	109.2528	-0.2467	221.2911	-0.2451	541.4684	-0.2432	1075.7459	-0.2423	2142.7998	-0.2427	5211.4649	-0.2286	10501.1588	NaN	NaN
-0.2457	108.7762	-0.2456	220.6828	-0.2441	546.6175	-0.2423	1081.3859	-0.2413	2142.5258	-0.2418	5211.1988	-0.2276	10505.1338	NaN	NaN
-0.2447	109.4462	-0.2447	221.6082	-0.2431	544.0206	-0.2413	1080.1446	-0.2403	2145.0984	-0.2408	5225.8047	-0.2266	10486.0105	NaN	NaN
-0.2437	109.8374	-0.2437	222.4641	-0.2421	545.9813	-0.2402	1079.6876	-0.2393	2138.1332	-0.2398	5217.8785	-0.2257	10477.7797	NaN	NaN
-0.2427	110.4078	-0.2427	223.4557	-0.2411	547.7248	-0.2393	1075.9719	-0.2383	2141.1959	-0.2388	5222.3402	-0.2246	10493.6149	NaN	NaN
-0.2417	109.4776	-0.2417	221.8104	-0.2400	545.1640	-0.2382	1078.6157	-0.2373	2149.3117	-0.2377	5238.1653	-0.2236	10478.0045	NaN	NaN
-0.2407	110.6382	-0.2407	224.0866	-0.2390	543.7667	-0.2373	1083.2391	-0.2363	2140.1999	-0.2368	5229.9617	-0.2227	10466.0261	NaN	NaN
-0.2397	109.7838	-0.2397	221.9532	-0.2380	547.0839	-0.2362	1077.5948	-0.2353	2141.6191	-0.2358	5221.6052	-0.2216	10478.0786	NaN	NaN
-0.2387	109.6084	-0.2387	222.0877	-0.2371	547.0153	-0.2353	1077.6720	-0.2343	2154.9447	-0.2348	5232.4647	-0.2206	10473.0990	NaN	NaN
-0.2377	111.1348	-0.2377	224.2580	-0.2360	543.6985	-0.2343	1086.7408	-0.2333	2146.8175	-0.2338	5236.7073	-0.2196	10461.7966	NaN	NaN
-0.2367	110.0137	-0.2367	222.5175	-0.2351	546.3391	-0.2333	1081.5061	-0.2323	2146.4606	-0.2328	5232.6189	-0.2187	10474.7429	NaN	NaN
-0.2357	109.8082	-0.2356	222.0033	-0.2341	548.6072	-0.2323	1080.7833	-0.2313	2158.2554	-0.2317	5240.9609	-0.2177	10473.8774	NaN	NaN
-0.2347	111.3862	-0.2346	224.9329	-0.2331	546.0234	-0.2313	1088.1905	-0.2303	2157.1433	-0.2308	5249.8627	-0.2166	10489.1267	NaN	NaN
-0.2337	110.2937	-0.2336	222.9963	-0.2321	546.4312	-0.2303	1086.9379	-0.2293	2163.9515	-0.2298	5263.6928	-0.2156	10481.9675	NaN	NaN
-0.2327	110.2624	-0.2327	222.7594	-0.2311	552.4211	-0.2293	1091.5040	-0.2283	2168.1277	-0.2287	5260.7183	-0.2147	10487.0025	NaN	NaN
-0.2317	111.5435	-0.2317	224.9809	-0.2301	551.6300	-0.2282	1093.0683	-0.2273	2164.1333	-0.2277	5277.2206	-0.2137	10476.6559	NaN	NaN
-0.2307	110.8124	-0.2307	224.0874	-0.2291	550.5576	-0.2272	1089.6645	-0.2262	2161.3566	-0.2268	5263.5903	-0.2126	10475.4124	NaN	NaN
-0.2296	112.2052	-0.2296	226.2579	-0.2281	553.2460	-0.2263	1087.5112	-0.2253	2167.3153	-0.2257	5264.5254	-0.2116	10493.7049	NaN	NaN
-0.2287	111.4350	-0.2286	224.6982	-0.2271	550.5123	-0.2253	1091.3617	-0.2243	2168.9898	-0.2248	5282.2728	-0.2107	10475.4524	NaN	NaN
-0.2277	111.6858	-0.2276	225.3293	-0.2260	549.0820	-0.2243	1093.5352	-0.2233	2162.0375	-0.2237	5274.9088	-0.2097	10473.1764	NaN	NaN
-0.2266	110.9271	-0.2267	224.0432	-0.2250	553.8700	-0.2233	1088.2410	-0.2222	2166.0765	-0.2228	5270.8216	-0.2087	10495.6893	NaN	NaN
-0.2257	111.2164	-0.2257	224.3200	-0.2240	551.5894	-0.2223	1091.6175	-0.2213	2176.6370	-0.2218	5290.2738	-0.2077	10490.9622	NaN	NaN
-0.2247	112.8202	-0.2247	227.2836	-0.2230	548.8121	-0.2212	1096.9603	-0.2203	2171.4780	-0.2208	5288.2592	-0.2067	10485.2834	NaN	NaN
-0.2237	111.0852	-0.2236	224.4488	-0.2221	554.1134	-0.2203	1093.4796	-0.2193	2171.9806	-0.2198	5288.3758	-0.2057	10505.1588	NaN	NaN
-0.2227	111.7845	-0.2227	224.7004	-0.2210	553.7446	-0.2193	1092.7964	-0.2183	2184.7449	-0.2187	5299.4437	-0.2046	10507.4243	NaN	NaN
-0.2217	113.0362	-0.2217	227.6418	-0.2201	551.5843	-0.2183	1101.3222	-0.2173	2184.1445	-0.2178	5304.6375	-0.2037	10500.8775	NaN	NaN
-0.2207	112.0699	-0.2206	225.7766	-0.2190	553.3244	-0.2172	1101.4658	-0.2163	2187.0385	-0.2167	5319.3716	-0.2027	10517.1085	NaN	NaN
-0.2197	112.0608	-0.2196	225.6863	-0.2180	556.6251	-0.2162	1100.7155	-0.2152	2193.6909	-0.2158	5321.4883	-0.2016	10520.7696	NaN	NaN
-0.2187	113.4503	-0.2186	227.9141	-0.2170	557.5122	-0.2152	1105.5529	-0.2143	2188.1346	-0.2147	5329.7619	-0.2006	10513.7605	NaN	NaN
-0.2177	112.6251	-0.2176	226.8296	-0.2160	555.5346	-0.2142	1102.1742	-0.2133	2186.7537	-0.2137	5321.6889	-0.1996	10530.7327	NaN	NaN
-0.2167	113.8496	-0.2166	228.8954	-0.2151	560.3236	-0.2133	1100.2188	-0.2123	2196.3362	-0.2128	5322.5336	-0.1986	10537.0523	NaN	NaN
-0.2157	113.9877	-0.2156	228.6516	-0.2141	555.3567	-0.2123	1106.6254	-0.2113	2193.8954	-0.2117	5343.6101	-0.1977	10529.8134	NaN	NaN
-0.2147	113.3769	-0.2146	227.8528	-0.2131	555.9764	-0.2113	1104.8847	-0.2103	2191.6337	-0.2108	5335.3195	-0.1967	10534.0429	NaN	NaN
-0.2137	112.7180	-0.2136	227.1933	-0.2121	561.0011	-0.2103	1101.1814	-0.2093	2199.1671	-0.2098	5333.9322	-0.1957	10556.1608	NaN	NaN
-0.2127	113.8467	-0.2127	228.0978	-0.2110	557.6491	-0.2093	1107.4506	-0.2083	2201.6772	-0.2088	5357.3607	-0.1947	10552.9594	NaN	NaN
-0.2117	113.9977	-0.2117	229.3624	-0.2101	556.9393	-0.2083	1108.1154	-0.2073	2197.9063	-0.2078	5351.4233	-0.1937	10556.5686	NaN	NaN
-0.2107	113.2819	-0.2107	227.4238	-0.2091	561.8587	-0.2073	1105.6391	-0.2063	2201.0858	-0.2068	5354.8446	-0.1926	10580.8458	NaN	NaN
-0.2097	113.8681	-0.2097	228.4902	-0.2081	560.0644	-0.2063	1108.0902	-0.2052	2211.9796	-0.2058	5370.4087	-0.1916	10585.3556	NaN	NaN
-0.2087	115.2809	-0.2087	231.1623	-0.2071	558.4426	-0.2053	1113.3839	-0.2043	2207.1923	-0.2048	5368.1412	-0.1907	10595.1574	NaN	NaN
-0.2077	114.0606	-0.2076	228.8586	-0.2060	562.4468	-0.2043	1110.7250	-0.2033	2207.6411	-0.2038	5373.7862	-0.1896	10616.1508	NaN	NaN
-0.2067	114.1660	-0.2067	229.1681	-0.2051	562.8978	-0.2032	1110.9926	-0.2023	2220.5102	-0.2028	5384.8276	-0.1887	10608.5265	NaN	NaN
-0.2057	115.8721	-0.2057	232.0842	-0.2041	561.2197	-0.2023	1120.2006	-0.2012	2214.4494	-0.2017	5388.9369	-0.1877	10604.1846	NaN	NaN
-0.2047	114.6255	-0.2047	230.2538	-0.2031	562.8757	-0.2012	1113.8261	-0.2003	2213.3961	-0.2008	5387.3255	-0.1867	10625.0980	NaN	NaN
-0.2037	115.0427	-0.2037	230.2125	-0.2021	565.4087	-0.2002	1113.9776	-0.1993	2224.5781	-0.1998	5396.9957	-0.1857	10633.4684	NaN	NaN
-0.2027	116.2314	-0.2027	232.5838	-0.2011	562.7389	-0.1993	1121.8404	-0.1983	2221.3607	-0.1988	5408.8522	-0.1847	10621.1721	NaN	NaN
-0.2017	115.4034	-0.2017	231.2233	-0.2001	563.1220	-0.1982	1118.4074	-0.1973	2216.7411	-0.1978	5400.2635	-0.1837	10640.4347	NaN	NaN
-0.2007	115.4040	-0.2007	231.0717	-0.1991	569.2600	-0.1973	1115.4385	-0.1963	2228.2815	-0.1968	5403.5537	-0.1826	10650.9845	NaN	NaN
-0.1997	116.7491	-0.1997	232.9997	-0.1981	564.2304	-0.1963	1125.1671	-0.1953	2229.4976	-0.1958	5428.0544	-0.1817	10650.2373	NaN	NaN
-0.1987	116.1611	-0.1987	232.5978	-0.1971	564.3432	-0.1953	1122.5295	-0.1943	2225.8731	-0.1948	5421.3494	-0.1806	10658.8673	NaN	NaN
-0.1977	115.5717	-0.1976	231.2416	-0.1961	570.1629	-0.1943	1119.3969	-0.1933	2233.7936	-0.1938	5424.1976	-0.1797	10686.0998	NaN	NaN
-0.1967	116.4341	-0.1967	232.8892	-0.1951	567.7399	-0.1933	1125.9850	-0.1923	2237.3798	-0.1928	5442.9583	-0.1787	10702.6756	NaN	NaN
-0.1957	117.1010	-0.1956	234.1090	-0.1941	566.6796	-0.1923	1127.0745	-0.1913	2244.9812	-0.1918	5448.3478	-0.1776	10699.3396	NaN	NaN
-0.1947	116.5412	-0.1947	232.9725	-0.1931	571.6811	-0.1913	1131.3375	-0.1903	2244.4755	-0.1908	5457.0385	-0.1766	10729.8985	NaN	NaN
-0.1937	116.8003	-0.1937	233.2117	-0.1921	570.0107	-0.1903	1129.8325	-0.1893	2249.7787	-0.1898	5466.4619	-0.1756	10724.1603	NaN	NaN
-0.1927	118.6048	-0.1927	236.5545	-0.1911	574.3311	-0.1893	1133.7972	-0.1883	2244.6247	-0.1888	5467.1666	-0.1747	10721.1250	NaN	NaN
-0.1917	118.1548	-0.1917	235.7672	-0.1901	573.9329	-0.1882	1129.3659	-0.1873	2243.5591	-0.1878	5462.3750	-0.1736	10748.3170	NaN	NaN
-0.1907	118.0777	-0.1907	235.1406	-0.1891	573.1987	-0.1873	1129.0284	-0.1863	2258.3027	-0.1868	5477.5233	-0.1727	10748.1382	NaN	NaN
-0.1897	119.0457	-0.1897	237.4964	-0.1881	571.1008	-0.1863	1138.8272	-0.1853	2248.6831	-0.1857	5483.5021	-0.1717	10741.3246	NaN	NaN
-0.1887	117.9547	-0.1887	235.4689	-0.1871	572.6677	-0.1853	1131.3882	-0.1843	2248.3821	-0.1848	5475.6574	-0.1707	10766.5663	NaN	NaN
-0.1877	118.1004	-0.1877	235.3886	-0.1861	575.9046	-0.1842	1130.4160	-0.1833	2261.5312	-0.1837	5489.3125	-0.1696	10771.1494	NaN	NaN
-0.1867	119.5094	-0.1867	238.1367	-0.1851	572.1289	-0.1833	1140.5296	-0.1823	2260.8798	-0.1828	5498.7977	-0.1687	10773.3077	NaN	NaN
-0.1857	118.8949	-0.1857	236.7099	-0.1841	572.6176	-0.1823	1137.5638	-0.1813	2257.5069	-0.1818	5494.9400	-0.1676	10789.6849	NaN	NaN
-0.1847	118.4300	-0.1847	235.8449	-0.1831	579.7142	-0.1813	1135.3682	-0.1802	2267.5606	-0.1808	5501.8699	-0.1666	10803.3080	NaN	NaN
-0.1837	120.1619	-0.1837	238.5161	-0.1821	575.7635	-0.1803	1143.1159	-0.1793	2266.8185	-0.1798	5523.0970	-0.1656	10826.1918	NaN	NaN
-0.1826	120.2936	-0.1827	238.0062	-0.1811	575.3204	-0.1792	1142.0868	-0.1783	2279.7015	-0.1788	5529.4479	-0.1647	10826.0568	NaN	NaN
-0.1816	118.2307	-0.1816	237.4417	-0.1800	580.5136	-0.1783	1149.6859	-0.1773	2278.7520	-0.1778	5532.7302	-0.1637	10844.8533	NaN	NaN
-0.1806	119.3928	-0.1806	238.6903	-0.1791	579.8370	-0.1773	1148.4080	-0.1763	2278.0038	-0.1767	5547.6398	-0.1627	10842.3767	NaN	NaN
-0.1796	119.0072	-0.1797	239.6769	-0.1781	582.2414	-0.1762	1148.6625	-0.1753	2272.2781	-0.1757	5543.5014	-0.1617	10842.0500	NaN	NaN
-0.1786	120.6905	-0.1786	241.4519	-0.1770	584.1710	-0.1752	1144.7751	-0.1743	2277.0101	-0.1748	5539.5573	-0.1607	10880.7535	NaN	NaN
-0.1776	119.4331	-0.1777	239.5702	-0.1761	581.2991	-0.1742	1145.8262	-0.1732	2283.8847	-0.1737	5558.2862	-0.1596	10862.3242	NaN	NaN
-0.1766	120.5959	-0.1767	242.4036	-0.1751	580.3365	-0.1733	1151.3573	-0.1723	2277.1739	-0.1728	5557.8197	-0.1587	10868.1949	NaN	NaN
-0.1756	119.7279	-0.1757	240.0515	-0.1741	583.7789	-0.1723	1146.4395	-0.1713	2277.3777	-0.1718	5551.0174	-0.1577	10897.2666	NaN	NaN
-0.1746	119.9823	-0.1746	240.2459	-0.1730	584.1513	-0.1713	1146.9179	-0.1703	2292.2483	-0.1708	5566.5625	-0.1567	10899.7755	NaN	NaN
-0.1736	121.4733	-0.1737	243.4268	-0.1721	580.7747	-0.1703	1157.0518	-0.1693	2285.4179	-0.1698	5573.7017	-0.1557	10894.5049	NaN	NaN
-0.1726	120.3558	-0.1727	241.4245	-0.1711	583.4997	-0.1693	1152.2611	-0.1683	2287.3749	-0.1688	5579.8231	-0.1546	10923.1026	NaN	NaN
-0.1716	120.5207	-0.1716	241.1225	-0.1701	586.8209	-0.1683	1152.7792	-0.1673	2298.4902	-0.1678	5585.8283	-0.1537	10930.6340	NaN	NaN
-0.1706	122.4107	-0.1707	244.2619	-0.1691	584.5324	-0.1673	1159.6567	-0.1663	2295.4645	-0.1668	5598.5123	-0.1527	10949.1391	NaN	NaN
-0.1696	121.1972	-0.1697	242.7922	-0.1681	584.9004	-0.1663	1158.6805	-0.1653	2302.5459	-0.1658	5608.1568	-0.1517	10966.5858	NaN	NaN
-0.1686	121.4611	-0.1687	242.5664	-0.1671	591.1626	-0.1652	1160.9871	-0.1643	2306.6223	-0.1648	5602.5884	-0.1507	10972.4480	NaN	NaN
-0.1676	122.8551	-0.1677	245.1183	-0.1661	590.2293	-0.1643	1164.9195	-0.1633	2304.0070	-0.1638	5621.9208	-0.1497	10966.2517	NaN	NaN
-0.1666	122.3725	-0.1667	244.4981	-0.1651	590.1587	-0.1632	1162.0331	-0.1623	2300.6410	-0.1628	5614.9805	-0.1487	10977.8447	NaN	NaN
-0.1656	123.4837	-0.1657	246.2934	-0.1641	593.5799	-0.1622	1158.7421	-0.1613	2308.9613	-0.1618	5612.4474	-0.1476	11001.1656	NaN	NaN
-0.1646	123.5958	-0.1647	245.4251	-0.1631	590.1524	-0.1613	1165.3863	-0.1603	2312.8100	-0.1607	5633.6938	-0.1467	10991.8744	NaN	NaN
-0.1636	123.3224	-0.1636	246.1617	-0.1621	589.6195	-0.1602	1165.5347	-0.1593	2304.8310	-0.1598	5625.4900	-0.1457	10996.9538	NaN	NaN
-0.1626	122.8805	-0.1627	245.0683	-0.1611	594.8841	-0.1593	1161.1367	-0.1583	2307.9033	-0.1588	5623.8786	-0.1447	11029.5362	NaN	NaN
-0.1616	123.4299	-0.1617	246.0183	-0.1601	593.1209	-0.1583	1163.9411	-0.1573	2316.8091	-0.1578	5641.7534	-0.1436	11022.9665	NaN	NaN
-0.1606	124.8334	-0.1607	248.5942	-0.1591	590.3096	-0.1573	1171.0310	-0.1563	2314.1724	-0.1568	5644.1628	-0.1427	11026.0358	NaN	NaN
-0.1596	123.4718	-0.1597	246.1785	-0.1581	596.1193	-0.1563	1167.0860	-0.1553	2312.7177	-0.1558	5642.2041	-0.1416	11058.3038	NaN	NaN
-0.1586	124.1888	-0.1587	246.8545	-0.1571	595.5689	-0.1553	1166.0473	-0.1543	2329.2159	-0.1548	5654.5348	-0.1406	11060.0330	NaN	NaN
-0.1576	125.8709	-0.1577	249.4610	-0.1561	593.5347	-0.1543	1177.4508	-0.1533	2327.7890	-0.1538	5658.4521	-0.1396	11074.7815	NaN	NaN
-0.1566	124.9945	-0.1567	248.4901	-0.1551	596.0108	-0.1533	1176.3516	-0.1523	2329.5932	-0.1528	5673.4598	-0.1386	11090.9862	NaN	NaN
-0.1556	125.0173	-0.1557	248.1753	-0.1541	599.4907	-0.1523	1176.0556	-0.1513	2337.8451	-0.1518	5678.0195	-0.1376	11092.6109	NaN	NaN
-0.1546	126.6412	-0.1547	250.8627	-0.1531	600.8447	-0.1513	1181.8194	-0.1503	2332.5778	-0.1508	5683.6867	-0.1366	11094.8926	NaN	NaN
-0.1536	125.8063	-0.1537	249.7776	-0.1520	599.6467	-0.1503	1177.1814	-0.1493	2329.2192	-0.1498	5678.3058	-0.1356	11110.2271	NaN	NaN
-0.1526	127.0771	-0.1527	252.1227	-0.1511	603.9144	-0.1493	1175.6394	-0.1483	2337.6325	-0.1488	5678.9278	-0.1346	11120.5931	NaN	NaN
-0.1516	127.7439	-0.1517	252.2984	-0.1500	599.8685	-0.1482	1182.0325	-0.1473	2336.0132	-0.1478	5702.0119	-0.1337	11112.1696	NaN	NaN
-0.1506	126.8872	-0.1507	251.7305	-0.1491	599.6489	-0.1473	1180.6250	-0.1463	2329.7454	-0.1468	5692.6639	-0.1327	11119.2222	NaN	NaN
-0.1496	126.8053	-0.1497	250.9067	-0.1480	605.5117	-0.1463	1177.1252	-0.1453	2340.3579	-0.1458	5689.9285	-0.1317	11148.9199	NaN	NaN
-0.1486	128.1993	-0.1487	252.1015	-0.1471	602.6743	-0.1452	1183.6763	-0.1443	2342.4219	-0.1448	5711.5214	-0.1307	11144.9419	NaN	NaN
-0.1476	127.8729	-0.1477	253.5009	-0.1461	601.5778	-0.1443	1184.6798	-0.1433	2339.3159	-0.1438	5707.0501	-0.1297	11147.4400	NaN	NaN
-0.1466	127.5751	-0.1467	251.8798	-0.1451	606.8577	-0.1433	1182.1956	-0.1423	2342.1149	-0.1428	5704.6507	-0.1287	11178.5455	NaN	NaN
-0.1456	128.0644	-0.1457	252.5671	-0.1441	605.2435	-0.1423	1184.3593	-0.1413	2351.8642	-0.1418	5722.5607	-0.1277	11189.6852	NaN	NaN
-0.1446	129.6830	-0.1447	256.0922	-0.1431	604.4317	-0.1413	1190.3549	-0.1402	2354.4131	-0.1408	5722.7191	-0.1267	11195.2973	NaN	NaN
-0.1436	128.8633	-0.1437	253.8552	-0.1421	608.3400	-0.1403	1193.6410	-0.1393	2353.4247	-0.1398	5739.5210	-0.1256	11212.6407	NaN	NaN
-0.1426	129.1693	-0.1427	254.1229	-0.1411	608.4288	-0.1393	1191.6917	-0.1382	2362.7204	-0.1388	5742.1843	-0.1246	11213.9427	NaN	NaN
-0.1416	131.0416	-0.1417	257.2660	-0.1401	611.6874	-0.1382	1198.3746	-0.1372	2356.7427	-0.1378	5744.6313	-0.1237	11212.9773	NaN	NaN
-0.1406	130.8141	-0.1407	256.4266	-0.1391	610.5103	-0.1373	1192.9302	-0.1363	2355.2291	-0.1368	5739.8845	-0.1227	11227.1363	NaN	NaN
-0.1396	130.7356	-0.1397	257.0153	-0.1381	612.3150	-0.1363	1191.3759	-0.1353	2365.0269	-0.1357	5747.0998	-0.1217	11232.6617	NaN	NaN
-0.1386	132.1754	-0.1386	258.8537	-0.1371	610.3085	-0.1352	1199.7251	-0.1342	2361.3843	-0.1347	5757.9945	-0.1206	11227.8663	NaN	NaN
-0.1376	131.1608	-0.1376	257.4276	-0.1361	610.7563	-0.1342	1196.0420	-0.1333	2357.1896	-0.1338	5747.2447	-0.1196	11240.8440	NaN	NaN
-0.1366	131.4492	-0.1367	257.1403	-0.1351	616.9898	-0.1333	1192.5135	-0.1323	2367.3677	-0.1328	5749.2497	-0.1187	11260.6907	NaN	NaN
-0.1356	132.9144	-0.1357	259.8938	-0.1340	612.0298	-0.1323	1201.2409	-0.1313	2367.9960	-0.1317	5773.3666	-0.1177	11248.7468	NaN	NaN
-0.1346	132.4683	-0.1346	259.1859	-0.1331	612.5097	-0.1313	1199.7531	-0.1303	2364.4724	-0.1308	5764.8588	-0.1167	11265.1428	NaN	NaN
-0.1336	131.8390	-0.1337	258.2666	-0.1321	619.1442	-0.1303	1197.6646	-0.1293	2372.3433	-0.1298	5765.8889	-0.1157	11285.8363	NaN	NaN
-0.1326	133.7073	-0.1327	259.9528	-0.1311	616.2735	-0.1293	1204.5223	-0.1283	2374.6588	-0.1288	5783.4938	-0.1146	11295.6737	NaN	NaN
-0.1316	133.8244	-0.1317	261.6450	-0.1301	615.3871	-0.1283	1205.0015	-0.1273	2384.1449	-0.1278	5786.4358	-0.1137	11296.8773	NaN	NaN
-0.1306	133.4880	-0.1307	260.3255	-0.1291	621.0487	-0.1273	1212.4319	-0.1263	2383.8693	-0.1268	5797.0403	-0.1126	11320.3275	NaN	NaN
-0.1296	134.0101	-0.1297	261.2064	-0.1281	619.1916	-0.1263	1209.5720	-0.1253	2389.0513	-0.1258	5805.6861	-0.1117	11317.1045	NaN	NaN
-0.1286	135.8022	-0.1287	264.3654	-0.1271	625.0897	-0.1253	1213.1569	-0.1243	2381.1855	-0.1248	5800.0723	-0.1107	11313.6718	NaN	NaN
-0.1276	136.2807	-0.1277	264.5383	-0.1261	624.6079	-0.1243	1207.1663	-0.1233	2379.7416	-0.1238	5795.4849	-0.1096	11340.2667	NaN	NaN
-0.1266	135.5643	-0.1267	264.1565	-0.1251	623.8403	-0.1233	1208.3800	-0.1223	2394.1255	-0.1228	5809.3914	-0.1086	11333.2248	NaN	NaN
-0.1256	137.2587	-0.1257	265.8460	-0.1241	621.2303	-0.1222	1217.7426	-0.1213	2385.5544	-0.1218	5811.9950	-0.1077	11329.1303	NaN	NaN
-0.1246	136.3183	-0.1247	264.6340	-0.1231	623.4566	-0.1213	1211.3852	-0.1203	2382.7494	-0.1208	5801.4304	-0.1067	11348.8938	NaN	NaN
-0.1236	136.8171	-0.1237	264.7522	-0.1221	626.9715	-0.1202	1210.6524	-0.1193	2394.4228	-0.1198	5809.8516	-0.1057	11354.1269	NaN	NaN
-0.1226	138.6019	-0.1227	267.4198	-0.1211	623.6373	-0.1193	1220.0455	-0.1183	2392.6268	-0.1187	5824.2236	-0.1047	11349.0518	NaN	NaN
-0.1216	137.6197	-0.1217	266.6633	-0.1201	625.0755	-0.1183	1216.7936	-0.1173	2389.2967	-0.1178	5815.0519	-0.1037	11365.2711	NaN	NaN
-0.1206	137.7951	-0.1207	265.5889	-0.1191	632.1871	-0.1173	1215.5502	-0.1163	2400.2376	-0.1168	5818.0998	-0.1027	11378.0378	NaN	NaN
-0.1196	139.6344	-0.1197	268.8668	-0.1181	627.5124	-0.1163	1222.4339	-0.1153	2399.5513	-0.1158	5837.5810	-0.1017	11402.9758	NaN	NaN
-0.1186	139.1833	-0.1187	268.4887	-0.1171	628.2183	-0.1153	1222.7628	-0.1143	2407.9834	-0.1148	5840.4237	-0.1007	11400.9749	NaN	NaN
-0.1176	139.3024	-0.1177	268.0662	-0.1161	634.0864	-0.1143	1228.0546	-0.1133	2408.7763	-0.1138	5840.4747	-0.0996	11418.4249	NaN	NaN
-0.1166	140.7883	-0.1167	269.8113	-0.1151	632.9107	-0.1133	1228.2273	-0.1123	2409.8044	-0.1128	5856.2947	-0.0986	11423.6424	NaN	NaN
-0.1156	141.0642	-0.1157	271.2691	-0.1141	635.1611	-0.1123	1229.1085	-0.1113	2403.9512	-0.1118	5849.2235	-0.0976	11429.3999	NaN	NaN
-0.1146	142.3782	-0.1147	272.3660	-0.1131	636.9935	-0.1113	1225.8119	-0.1103	2406.7464	-0.1108	5846.4908	-0.0966	11456.1524	NaN	NaN
-0.1136	141.6777	-0.1137	271.7638	-0.1120	636.6554	-0.1103	1227.7906	-0.1093	2414.2884	-0.1098	5859.0751	-0.0956	11437.0537	NaN	NaN
-0.1126	143.3874	-0.1126	274.7845	-0.1111	634.6737	-0.1093	1233.8365	-0.1083	2407.0449	-0.1088	5857.2367	-0.0946	11432.7422	NaN	NaN
-0.1116	142.5952	-0.1117	272.5264	-0.1101	638.9644	-0.1083	1227.8246	-0.1073	2409.4925	-0.1078	5850.7633	-0.0937	11457.5644	NaN	NaN
-0.1106	143.3361	-0.1107	273.3227	-0.1091	640.0936	-0.1073	1230.3459	-0.1063	2424.7600	-0.1068	5863.6100	-0.0927	11455.0576	NaN	NaN
-0.1096	145.2085	-0.1097	276.5459	-0.1081	636.6625	-0.1063	1240.4058	-0.1053	2417.0138	-0.1058	5865.8511	-0.0917	11450.0395	NaN	NaN
-0.1086	144.3576	-0.1087	274.8700	-0.1071	640.1423	-0.1053	1235.1208	-0.1043	2415.3365	-0.1048	5864.4811	-0.0906	11467.1359	NaN	NaN
-0.1076	144.9315	-0.1077	275.2332	-0.1061	643.9974	-0.1043	1234.9347	-0.1033	2427.3903	-0.1037	5869.3739	-0.0897	11476.9985	NaN	NaN
-0.1066	147.0464	-0.1067	278.3521	-0.1050	642.5312	-0.1032	1243.4816	-0.1023	2427.5245	-0.1028	5879.1676	-0.0886	11492.4111	NaN	NaN
-0.1056	146.4650	-0.1057	277.5574	-0.1041	643.1136	-0.1023	1243.6468	-0.1013	2437.2457	-0.1018	5896.7146	-0.0876	11500.9577	NaN	NaN
-0.1046	146.7226	-0.1046	277.6141	-0.1031	650.0952	-0.1012	1250.3861	-0.1003	2438.6350	-0.1008	5890.8503	-0.0866	11503.6509	NaN	NaN
-0.1036	148.7453	-0.1037	280.5176	-0.1021	650.8325	-0.1002	1251.5846	-0.0992	2437.7450	-0.0998	5907.9909	-0.0857	11499.8974	NaN	NaN
-0.1026	148.6398	-0.1027	280.5457	-0.1011	651.1432	-0.0992	1249.0407	-0.0983	2435.0099	-0.0987	5899.2418	-0.0847	11499.4182	NaN	NaN
-0.1016	150.9997	-0.1017	284.1283	-0.1000	654.4781	-0.0983	1248.0268	-0.0973	2440.3415	-0.0978	5901.1986	-0.0836	11523.1864	NaN	NaN
-0.1006	150.9461	-0.1007	282.5601	-0.0991	652.3456	-0.0973	1253.8227	-0.0962	2443.0580	-0.0968	5918.0965	-0.0826	11509.3213	NaN	NaN
-0.0996	151.0593	-0.0996	284.2281	-0.0981	651.4660	-0.0962	1254.5671	-0.0953	2436.4818	-0.0958	5907.2204	-0.0817	11511.2374	NaN	NaN
-0.0986	150.9616	-0.0987	283.1422	-0.0971	657.1024	-0.0953	1250.3252	-0.0943	2440.7345	-0.0948	5903.0685	-0.0806	11543.9901	NaN	NaN
-0.0976	151.9070	-0.0977	284.3048	-0.0960	656.1214	-0.0943	1253.8982	-0.0933	2451.5782	-0.0938	5918.6754	-0.0797	11532.4660	NaN	NaN
-0.0966	154.3218	-0.0966	287.9281	-0.0951	654.9360	-0.0933	1261.3279	-0.0923	2446.4503	-0.0928	5916.1478	-0.0787	11533.9804	NaN	NaN
-0.0956	153.2106	-0.0957	285.6999	-0.0941	660.3318	-0.0923	1258.6298	-0.0913	2448.4962	-0.0918	5913.9226	-0.0777	11554.9776	NaN	NaN
-0.0946	154.4708	-0.0947	287.0074	-0.0931	661.3146	-0.0913	1259.5212	-0.0903	2462.8284	-0.0908	5924.4825	-0.0767	11557.1062	NaN	NaN
-0.0936	156.6728	-0.0937	290.4274	-0.0920	660.2521	-0.0903	1270.7989	-0.0893	2462.2381	-0.0898	5930.3173	-0.0757	11580.5331	NaN	NaN
-0.0926	156.3269	-0.0927	289.9555	-0.0911	663.4258	-0.0893	1270.6083	-0.0883	2465.8410	-0.0888	5941.9963	-0.0747	11586.2896	NaN	NaN
-0.0916	157.0205	-0.0917	290.2288	-0.0901	667.3046	-0.0883	1272.3109	-0.0873	2472.9709	-0.0878	5943.0730	-0.0736	11588.4393	NaN	NaN
-0.0906	159.3881	-0.0907	293.6114	-0.0891	670.2539	-0.0872	1278.3362	-0.0863	2469.6353	-0.0868	5947.1237	-0.0727	11585.4848	NaN	NaN
-0.0896	159.0384	-0.0897	293.5843	-0.0881	669.1060	-0.0863	1274.8761	-0.0853	2467.2775	-0.0858	5939.5252	-0.0716	11594.0059	NaN	NaN
-0.0886	161.2752	-0.0886	296.5794	-0.0871	675.1743	-0.0853	1275.2652	-0.0842	2476.8625	-0.0848	5942.5101	-0.0707	11608.5736	NaN	NaN
-0.0876	162.2390	-0.0877	297.3013	-0.0861	671.9275	-0.0843	1283.6188	-0.0833	2478.6660	-0.0838	5963.5675	-0.0697	11600.4635	NaN	NaN
-0.0866	162.4881	-0.0867	297.3019	-0.0851	673.3016	-0.0833	1282.8510	-0.0823	2474.0989	-0.0828	5951.0141	-0.0687	11604.2720	NaN	NaN
-0.0856	163.0180	-0.0857	297.2636	-0.0841	680.0761	-0.0823	1280.0431	-0.0813	2482.9331	-0.0818	5949.6581	-0.0677	11628.4197	NaN	NaN
-0.0846	165.1742	-0.0847	299.1326	-0.0831	678.4022	-0.0813	1287.9672	-0.0803	2489.0618	-0.0808	5970.3099	-0.0667	11622.5883	NaN	NaN
-0.0836	165.7630	-0.0837	301.6469	-0.0821	678.1999	-0.0803	1291.6113	-0.0793	2485.2591	-0.0798	5968.0133	-0.0657	11626.7987	NaN	NaN
-0.0826	166.1767	-0.0827	300.9575	-0.0811	684.8971	-0.0793	1290.4182	-0.0783	2490.8835	-0.0788	5966.1631	-0.0646	11657.9422	NaN	NaN
-0.0816	167.6226	-0.0817	302.6496	-0.0801	684.5906	-0.0783	1294.6457	-0.0773	2500.7360	-0.0778	5983.5091	-0.0636	11655.1830	NaN	NaN
-0.0805	170.0647	-0.0807	307.2498	-0.0791	685.1550	-0.0773	1302.7866	-0.0763	2510.6327	-0.0768	5981.4832	-0.0627	11668.0780	NaN	NaN
-0.0796	170.2398	-0.0797	306.0305	-0.0781	690.5247	-0.0763	1307.5755	-0.0753	2511.1373	-0.0758	6003.9247	-0.0617	11690.5086	NaN	NaN
-0.0786	171.6187	-0.0787	307.3982	-0.0771	692.9345	-0.0753	1307.0648	-0.0743	2522.8377	-0.0748	6007.7621	-0.0606	11688.5192	NaN	NaN
-0.0776	174.3130	-0.0777	311.8109	-0.0760	698.9273	-0.0743	1317.2202	-0.0733	2516.5859	-0.0738	6008.6805	-0.0597	11682.0367	NaN	NaN
-0.0766	175.5742	-0.0767	311.7105	-0.0750	698.2357	-0.0733	1312.3964	-0.0723	2516.5170	-0.0728	6001.7532	-0.0586	11711.5987	NaN	NaN
-0.0756	176.4782	-0.0756	314.5967	-0.0741	702.3290	-0.0723	1313.9446	-0.0713	2529.9558	-0.0718	6011.3070	-0.0576	11708.6190	NaN	NaN
-0.0746	178.7678	-0.0747	316.7566	-0.0731	701.1783	-0.0712	1324.1369	-0.0703	2531.9927	-0.0708	6023.9099	-0.0566	11704.8597	NaN	NaN
-0.0736	179.0372	-0.0737	316.8416	-0.0721	703.3894	-0.0703	1324.1275	-0.0693	2529.6939	-0.0698	6016.3010	-0.0557	11726.6291	NaN	NaN
-0.0725	180.5380	-0.0727	317.7642	-0.0711	711.1894	-0.0693	1324.0054	-0.0683	2543.0497	-0.0688	6016.6427	-0.0547	11740.6385	NaN	NaN
-0.0716	183.2336	-0.0717	321.6781	-0.0701	709.3981	-0.0683	1334.1207	-0.0673	2546.0188	-0.0678	6044.6854	-0.0537	11742.8138	NaN	NaN
-0.0706	184.0298	-0.0707	322.5256	-0.0691	711.1305	-0.0673	1336.2333	-0.0663	2545.3027	-0.0668	6033.8914	-0.0527	11749.1859	NaN	NaN
-0.0696	184.7823	-0.0697	322.9015	-0.0681	719.1536	-0.0663	1336.6900	-0.0653	2557.0422	-0.0658	6039.8952	-0.0517	11777.7158	NaN	NaN
-0.0686	188.2071	-0.0686	326.0535	-0.0671	719.5143	-0.0652	1345.7887	-0.0643	2563.4194	-0.0648	6059.0607	-0.0512	11653.2619	NaN	NaN
-0.0676	189.6049	-0.0677	329.2124	-0.0661	721.0428	-0.0643	1350.8187	-0.0633	2573.8509	-0.0638	6066.2136	-0.0518	9729.7385	NaN	NaN
-0.0666	190.7891	-0.0667	329.9610	-0.0651	728.8372	-0.0633	1358.6305	-0.0623	2577.5997	-0.0628	6075.8804	-0.0528	7655.5502	NaN	NaN
-0.0656	192.9042	-0.0657	331.9922	-0.0641	729.9232	-0.0623	1361.0368	-0.0613	2587.8035	-0.0617	6091.4818	-0.0538	6218.5612	NaN	NaN
-0.0646	196.3781	-0.0646	337.5977	-0.0631	737.4426	-0.0612	1369.5696	-0.0603	2587.3152	-0.0608	6090.5711	-0.0548	5049.5586	NaN	NaN
-0.0636	198.4081	-0.0637	339.1036	-0.0621	740.1657	-0.0603	1367.9439	-0.0593	2590.0953	-0.0598	6089.5447	-0.0558	4039.2754	NaN	NaN
-0.0625	199.9484	-0.0627	340.4561	-0.0611	743.1225	-0.0593	1371.8246	-0.0583	2608.9077	-0.0588	6103.4034	-0.0568	3186.7386	NaN	NaN
-0.0615	203.2144	-0.0616	344.9948	-0.0601	743.7880	-0.0582	1385.4014	-0.0573	2606.0306	-0.0578	6115.4676	-0.0578	2435.9017	NaN	NaN
-0.0606	204.2428	-0.0606	345.5538	-0.0591	748.7115	-0.0573	1384.0780	-0.0563	2609.9185	-0.0568	6111.2501	-0.0588	1736.5111	NaN	NaN
-0.0596	206.4690	-0.0597	347.4158	-0.0581	755.5002	-0.0563	1388.2553	-0.0553	2627.7549	-0.0558	6126.7934	-0.0598	1126.6944	NaN	NaN
-0.0586	210.3671	-0.0587	352.7247	-0.0571	754.7671	-0.0553	1401.4242	-0.0543	2631.3371	-0.0548	6139.5838	-0.0608	574.2273	NaN	NaN
-0.0575	211.6041	-0.0576	353.9735	-0.0561	759.9824	-0.0543	1403.8372	-0.0533	2635.9823	-0.0538	6141.4729	-0.0618	51.1547	NaN	NaN
-0.0565	213.9609	-0.0567	355.4100	-0.0551	770.2003	-0.0533	1408.0337	-0.0523	2652.0560	-0.0528	6151.9101	-0.0628	-415.6172	NaN	NaN
-0.0556	215.2835	-0.0557	361.3280	-0.0541	769.9557	-0.0523	1419.9667	-0.0515	2656.7170	-0.0518	6177.9683	-0.0638	-860.6328	NaN	NaN
-0.0546	221.3810	-0.0547	363.5048	-0.0531	774.2668	-0.0515	1425.1984	-0.0513	2584.0712	-0.0511	6103.3666	-0.0648	-1255.7709	NaN	NaN
-0.0536	223.8081	-0.0537	365.9977	-0.0521	784.2836	-0.0513	1406.4359	-0.0514	2305.9083	-0.0514	5687.6907	-0.0658	-1633.9177	NaN	NaN
-0.0526	228.2409	-0.0527	370.3088	-0.0515	786.1428	-0.0518	683.4867	-0.0519	1486.7285	-0.0519	4437.7213	-0.0668	-1960.3486	NaN	NaN
-0.0516	230.6799	-0.0518	374.6279	-0.0512	736.9003	-0.0528	131.8503	-0.0529	656.2359	-0.0529	3026.1825	-0.0678	-2284.5583	NaN	NaN
-0.0513	213.2788	-0.0513	344.0989	-0.0513	596.5491	-0.0538	-125.2914	-0.0539	171.7801	-0.0539	2075.2489	-0.0688	-2599.3288	NaN	NaN
-0.0513	156.8522	-0.0513	256.7338	-0.0519	233.1286	-0.0548	-283.9777	-0.0552	-250.7540	-0.0549	1340.4660	-0.0698	-2864.8640	NaN	NaN
-0.0518	65.1311	-0.0519	80.8909	-0.0529	-29.4779	-0.0558	-399.8069	-0.0566	-555.2200	-0.0559	723.2403	-0.0708	-3121.2619	NaN	NaN
-0.0529	24.7044	-0.0530	-12.0094	-0.0539	-134.3549	-0.0568	-471.8707	-0.0575	-709.6369	-0.0569	235.8647	-0.0718	-3387.9555	NaN	NaN
-0.0539	11.6112	-0.0539	-41.8318	-0.0549	-193.7938	-0.0578	-527.0686	-0.0585	-850.9254	-0.0579	-184.7110	-0.0728	-3611.3680	NaN	NaN
-0.0549	3.1772	-0.0549	-58.8882	-0.0559	-239.5128	-0.0588	-580.3261	-0.0595	-959.3382	-0.0589	-567.3388	-0.0738	-3820.5317	NaN	NaN
-0.0559	-4.9070	-0.0559	-74.3363	-0.0569	-262.4557	-0.0598	-614.5305	-0.0605	-1045.8820	-0.0599	-884.1808	-0.0748	-4043.8795	NaN	NaN
-0.0569	-8.2285	-0.0568	-80.1269	-0.0579	-283.2481	-0.0608	-643.0737	-0.0615	-1122.5089	-0.0609	-1156.7155	-0.0758	-4238.1025	NaN	NaN
-0.0578	-13.0078	-0.0579	-87.5345	-0.0589	-305.3835	-0.0618	-674.2516	-0.0625	-1196.5392	-0.0619	-1418.4873	-0.0768	-4439.9270	NaN	NaN
-0.0589	-18.4765	-0.0589	-96.6770	-0.0599	-316.6257	-0.0628	-695.6735	-0.0635	-1254.0191	-0.0629	-1635.5293	-0.0779	-4611.7459	NaN	NaN
-0.0599	-20.8911	-0.0599	-99.9862	-0.0608	-327.5435	-0.0638	-719.7094	-0.0645	-1300.0083	-0.0639	-1850.0246	-0.0788	-4781.6221	NaN	NaN
-0.0609	-23.8079	-0.0609	-104.0892	-0.0619	-341.9387	-0.0648	-735.7543	-0.0656	-1351.0165	-0.0650	-2026.5824	-0.0798	-4919.5992	NaN	NaN
-0.0619	-27.9614	-0.0618	-110.7460	-0.0629	-348.7524	-0.0658	-751.1296	-0.0665	-1380.4216	-0.0660	-2186.4852	-0.0808	-5075.6596	NaN	NaN
-0.0629	-29.7289	-0.0628	-113.1104	-0.0639	-361.1610	-0.0668	-760.0504	-0.0675	-1411.7213	-0.0669	-2323.8916	-0.0818	-5226.8881	NaN	NaN
-0.0638	-33.2956	-0.0639	-118.9038	-0.0649	-366.5395	-0.0678	-770.4615	-0.0686	-1454.9875	-0.0679	-2462.8121	-0.0828	-5346.9197	NaN	NaN
-0.0649	-35.4654	-0.0649	-121.2112	-0.0659	-372.3446	-0.0688	-790.2227	-0.0696	-1476.3124	-0.0689	-2594.3907	-0.0838	-5468.9644	NaN	NaN
-0.0659	-37.2592	-0.0659	-123.3214	-0.0669	-374.8661	-0.0699	-792.7024	-0.0705	-1497.1546	-0.0699	-2694.5800	-0.0848	-5616.4885	NaN	NaN
-0.0669	-38.5116	-0.0669	-124.8471	-0.0679	-381.1249	-0.0708	-801.2993	-0.0716	-1528.6203	-0.0709	-2796.8093	-0.0858	-5716.3777	NaN	NaN
-0.0679	-41.1011	-0.0679	-128.0297	-0.0689	-388.3407	-0.0718	-816.6854	-0.0725	-1548.8252	-0.0719	-2909.5227	-0.0868	-5825.4180	NaN	NaN
-0.0689	-43.1708	-0.0689	-131.4339	-0.0699	-388.8386	-0.0728	-819.2171	-0.0735	-1562.9017	-0.0729	-2985.7588	-0.0878	-5946.8508	NaN	NaN
-0.0699	-43.9327	-0.0699	-131.3261	-0.0709	-393.4742	-0.0738	-824.5152	-0.0746	-1584.9932	-0.0739	-3064.5748	-0.0888	-6049.6695	NaN	NaN
-0.0709	-45.7817	-0.0709	-133.8504	-0.0719	-402.7442	-0.0748	-836.8547	-0.0755	-1602.8085	-0.0749	-3155.6063	-0.0898	-6151.5323	NaN	NaN
-0.0719	-48.9681	-0.0719	-138.9203	-0.0729	-401.1490	-0.0759	-839.5342	-0.0766	-1626.3926	-0.0759	-3224.1077	-0.0908	-6254.8803	NaN	NaN
-0.0729	-48.9277	-0.0729	-137.9419	-0.0738	-403.7578	-0.0768	-853.1511	-0.0776	-1635.2802	-0.0769	-3300.9458	-0.0919	-6335.4875	NaN	NaN
-0.0739	-50.3642	-0.0739	-139.3518	-0.0749	-411.8159	-0.0778	-855.1585	-0.0785	-1654.3300	-0.0779	-3366.6643	-0.0928	-6412.3455	NaN	NaN
-0.0749	-53.2016	-0.0749	-143.7929	-0.0759	-412.1923	-0.0788	-857.3553	-0.0796	-1656.7555	-0.0789	-3417.4339	-0.0938	-6501.9935	NaN	NaN
-0.0759	-53.8503	-0.0759	-143.9846	-0.0769	-417.4260	-0.0799	-857.5834	-0.0805	-1666.1042	-0.0799	-3463.1652	-0.0948	-6581.2132	NaN	NaN
-0.0769	-55.0809	-0.0768	-146.0466	-0.0779	-420.6163	-0.0808	-863.9902	-0.0816	-1686.5829	-0.0809	-3522.4829	-0.0958	-6639.3285	NaN	NaN
-0.0779	-57.0136	-0.0779	-148.4349	-0.0789	-419.9324	-0.0818	-870.0870	-0.0825	-1687.8817	-0.0819	-3571.8081	-0.0968	-6718.5781	NaN	NaN
-0.0789	-56.9494	-0.0789	-147.8570	-0.0799	-419.4420	-0.0828	-868.2520	-0.0835	-1692.6893	-0.0829	-3605.9660	-0.0978	-6796.4617	NaN	NaN
-0.0799	-57.7047	-0.0799	-148.1351	-0.0809	-424.5586	-0.0838	-870.8758	-0.0845	-1712.0304	-0.0839	-3648.1547	-0.0988	-6878.2098	NaN	NaN
-0.0809	-59.9242	-0.0809	-151.5222	-0.0819	-425.8829	-0.0848	-883.2512	-0.0855	-1716.7307	-0.0849	-3700.5321	-0.0998	-6931.3958	NaN	NaN
-0.0819	-60.3224	-0.0819	-151.6798	-0.0829	-423.7270	-0.0858	-879.8754	-0.0865	-1719.5072	-0.0859	-3728.2240	-0.1008	-7009.3164	NaN	NaN
-0.0829	-60.3304	-0.0829	-151.0826	-0.0839	-426.9958	-0.0868	-880.7362	-0.0875	-1734.5461	-0.0869	-3761.9270	-0.1018	-7065.3469	NaN	NaN
-0.0839	-62.0472	-0.0839	-152.9192	-0.0849	-432.2334	-0.0878	-890.4815	-0.0886	-1739.9459	-0.0879	-3815.1317	-0.1028	-7125.4770	NaN	NaN
-0.0849	-63.3518	-0.0849	-155.5150	-0.0859	-430.2588	-0.0888	-891.4652	-0.0896	-1753.4491	-0.0889	-3841.7788	-0.1038	-7188.3472	NaN	NaN
-0.0859	-63.2301	-0.0859	-154.5879	-0.0868	-431.9624	-0.0898	-893.7754	-0.0905	-1756.3255	-0.0899	-3873.1217	-0.1049	-7229.5375	NaN	NaN
-0.0869	-64.2189	-0.0869	-155.5294	-0.0879	-438.2479	-0.0908	-899.5762	-0.0915	-1761.5169	-0.0910	-3912.8351	-0.1058	-7263.4901	NaN	NaN
-0.0879	-66.6492	-0.0879	-159.2478	-0.0889	-437.7120	-0.0919	-896.6500	-0.0925	-1759.9872	-0.0919	-3927.1673	-0.1068	-7331.0548	NaN	NaN
-0.0889	-66.7820	-0.0889	-159.1827	-0.0899	-437.5022	-0.0928	-895.8411	-0.0935	-1763.8382	-0.0929	-3948.5150	-0.1078	-7372.0081	NaN	NaN
-0.0899	-66.9390	-0.0899	-159.4453	-0.0909	-441.9003	-0.0938	-900.5942	-0.0945	-1777.2163	-0.0939	-3981.7448	-0.1088	-7398.2457	NaN	NaN
-0.0909	-68.6527	-0.0909	-161.7262	-0.0919	-439.7407	-0.0948	-902.6275	-0.0955	-1772.1489	-0.0949	-4005.2586	-0.1098	-7456.0177	NaN	NaN
-0.0919	-67.9861	-0.0919	-160.3623	-0.0929	-438.9499	-0.0958	-898.5073	-0.0965	-1775.0069	-0.0959	-4014.9246	-0.1108	-7501.7080	NaN	NaN
-0.0929	-68.6059	-0.0929	-160.6432	-0.0939	-443.3158	-0.0968	-903.8177	-0.0975	-1790.0663	-0.0969	-4041.9458	-0.1118	-7527.0320	NaN	NaN
-0.0939	-70.2279	-0.0939	-163.4050	-0.0949	-442.2291	-0.0978	-907.4456	-0.0985	-1787.1490	-0.0979	-4069.5268	-0.1128	-7575.5579	NaN	NaN
-0.0949	-70.0116	-0.0949	-162.3687	-0.0959	-439.7856	-0.0988	-905.6281	-0.0995	-1788.9622	-0.0989	-4086.5659	-0.1138	-7621.5530	NaN	NaN
-0.0959	-69.8405	-0.0959	-161.5808	-0.0968	-444.5356	-0.0998	-905.8407	-0.1005	-1801.2108	-0.0999	-4103.8429	-0.1148	-7666.6080	NaN	NaN
-0.0969	-71.8059	-0.0968	-164.8905	-0.0979	-445.5128	-0.1008	-914.4444	-0.1015	-1801.2383	-0.1009	-4130.8341	-0.1158	-7691.5173	NaN	NaN
-0.0979	-71.7934	-0.0979	-164.9636	-0.0988	-443.3015	-0.1018	-917.7970	-0.1026	-1814.0513	-0.1019	-4154.7341	-0.1168	-7747.5145	NaN	NaN
-0.0988	-71.8476	-0.0988	-163.9161	-0.0998	-444.9604	-0.1028	-915.5642	-0.1035	-1814.6508	-0.1029	-4164.9687	-0.1178	-7759.3087	NaN	NaN
-0.0998	-72.7880	-0.0999	-165.4192	-0.1009	-448.4684	-0.1038	-920.1808	-0.1045	-1812.0368	-0.1039	-4193.2689	-0.1188	-7786.4500	NaN	NaN
-0.1009	-73.5414	-0.1009	-166.8177	-0.1018	-452.8109	-0.1048	-915.0997	-0.1055	-1808.8654	-0.1049	-4191.1643	-0.1198	-7831.2247	NaN	NaN
-0.1018	-75.2808	-0.1019	-169.1919	-0.1029	-449.0076	-0.1058	-912.7107	-0.1065	-1815.3869	-0.1059	-4201.3139	-0.1208	-7849.0084	NaN	NaN
-0.1029	-74.2587	-0.1029	-167.3116	-0.1039	-452.5666	-0.1068	-919.4233	-0.1075	-1818.6171	-0.1069	-4225.2438	-0.1218	-7867.5146	NaN	NaN
-0.1039	-75.9244	-0.1039	-169.6735	-0.1049	-448.5790	-0.1078	-918.3460	-0.1085	-1811.0066	-0.1079	-4232.4630	-0.1228	-7911.9458	NaN	NaN
-0.1049	-74.9219	-0.1049	-167.6657	-0.1059	-448.6210	-0.1088	-912.1593	-0.1095	-1815.1630	-0.1089	-4232.0603	-0.1238	-7930.3544	NaN	NaN
-0.1059	-75.0768	-0.1059	-167.6745	-0.1069	-453.3096	-0.1098	-920.1391	-0.1105	-1826.1987	-0.1099	-4258.7750	-0.1248	-7949.1536	NaN	NaN
-0.1069	-76.8410	-0.1069	-170.6837	-0.1079	-450.4478	-0.1108	-918.9344	-0.1116	-1818.9253	-0.1109	-4263.2212	-0.1258	-7984.9726	NaN	NaN
-0.1079	-76.0006	-0.1079	-168.7974	-0.1089	-447.9259	-0.1118	-917.1249	-0.1125	-1819.3903	-0.1119	-4268.1512	-0.1268	-8007.4157	NaN	NaN
-0.1089	-75.9214	-0.1089	-168.5617	-0.1099	-452.9696	-0.1128	-919.7187	-0.1135	-1833.1274	-0.1129	-4284.1925	-0.1279	-8048.2824	NaN	NaN
-0.1099	-77.9917	-0.1099	-171.5712	-0.1109	-451.9049	-0.1138	-922.5026	-0.1146	-1831.6271	-0.1140	-4297.5007	-0.1289	-8064.5135	NaN	NaN
-0.1109	-77.1784	-0.1109	-170.5549	-0.1119	-450.4511	-0.1149	-925.4635	-0.1155	-1830.7896	-0.1149	-4315.1238	-0.1299	-8095.3868	NaN	NaN
-0.1118	-77.3080	-0.1119	-169.6411	-0.1129	-454.1431	-0.1158	-921.2226	-0.1166	-1839.3316	-0.1159	-4318.0428	-0.1308	-8098.4890	NaN	NaN
-0.1129	-78.5290	-0.1129	-171.8154	-0.1139	-453.2932	-0.1169	-927.2141	-0.1176	-1834.5696	-0.1169	-4333.8188	-0.1318	-8115.6559	NaN	NaN
-0.1139	-78.3680	-0.1139	-171.5138	-0.1149	-456.1169	-0.1178	-920.3731	-0.1186	-1829.0646	-0.1179	-4330.8221	-0.1328	-8154.2541	NaN	NaN
-0.1148	-79.6273	-0.1149	-173.2087	-0.1159	-453.3922	-0.1188	-919.5761	-0.1196	-1837.0073	-0.1189	-4335.7467	-0.1338	-8151.0025	NaN	NaN
-0.1159	-79.1277	-0.1159	-172.3446	-0.1169	-455.6701	-0.1198	-926.9951	-0.1205	-1836.8856	-0.1200	-4361.1958	-0.1348	-8161.4397	NaN	NaN
-0.1169	-79.5751	-0.1169	-173.1023	-0.1179	-452.3272	-0.1208	-920.9656	-0.1215	-1827.8566	-0.1209	-4350.1120	-0.1359	-8198.6257	NaN	NaN
-0.1179	-78.9547	-0.1179	-171.4479	-0.1188	-452.0679	-0.1218	-917.7128	-0.1226	-1837.0991	-0.1219	-4351.1130	-0.1368	-8207.8789	NaN	NaN
-0.1189	-79.2369	-0.1189	-172.0170	-0.1199	-457.8548	-0.1228	-925.1727	-0.1236	-1837.8884	-0.1229	-4370.7531	-0.1378	-8211.2270	NaN	NaN
-0.1199	-81.2562	-0.1199	-175.2655	-0.1209	-452.6370	-0.1238	-922.2297	-0.1245	-1833.2516	-0.1239	-4371.4383	-0.1388	-8247.6066	NaN	NaN
-0.1209	-79.5003	-0.1209	-171.8916	-0.1219	-452.3083	-0.1248	-919.2822	-0.1255	-1832.8066	-0.1249	-4373.1905	-0.1398	-8257.1376	NaN	NaN
-0.1218	-79.8783	-0.1219	-172.4120	-0.1229	-457.1743	-0.1258	-924.4581	-0.1266	-1843.6282	-0.1259	-4384.1225	-0.1408	-8286.6489	NaN	NaN
-0.1229	-81.4160	-0.1229	-174.9977	-0.1239	-454.0383	-0.1268	-924.9635	-0.1275	-1848.4031	-0.1269	-4389.6592	-0.1418	-8302.2220	NaN	NaN
-0.1239	-80.6034	-0.1239	-173.6935	-0.1249	-452.7619	-0.1278	-930.3534	-0.1285	-1843.2091	-0.1280	-4411.0158	-0.1428	-8312.2724	NaN	NaN
-0.1249	-80.5559	-0.1249	-172.8938	-0.1259	-456.8178	-0.1289	-926.8846	-0.1296	-1850.4628	-0.1289	-4411.4844	-0.1438	-8307.4205	NaN	NaN
-0.1259	-82.0383	-0.1259	-175.7090	-0.1269	-455.1746	-0.1298	-926.6990	-0.1305	-1841.1863	-0.1299	-4415.2198	-0.1448	-8327.8096	NaN	NaN
-0.1269	-81.2644	-0.1269	-173.8915	-0.1279	-459.1000	-0.1309	-921.8856	-0.1316	-1836.8976	-0.1310	-4408.8372	-0.1458	-8347.5735	NaN	NaN
-0.1279	-82.7954	-0.1279	-177.1216	-0.1289	-457.4377	-0.1318	-918.5548	-0.1326	-1847.3850	-0.1319	-4412.1630	-0.1468	-8342.3243	NaN	NaN
-0.1289	-82.5419	-0.1289	-175.8508	-0.1299	-456.2208	-0.1328	-926.5055	-0.1336	-1840.7466	-0.1330	-4426.5603	-0.1478	-8351.9215	NaN	NaN
-0.1299	-81.9901	-0.1299	-175.0694	-0.1309	-453.3028	-0.1338	-919.3114	-0.1345	-1833.9230	-0.1339	-4416.5261	-0.1488	-8378.3979	NaN	NaN
-0.1309	-81.4625	-0.1309	-174.0346	-0.1319	-453.9840	-0.1348	-918.0517	-0.1355	-1842.0878	-0.1349	-4415.5680	-0.1498	-8375.9095	NaN	NaN
-0.1319	-82.2752	-0.1319	-175.0462	-0.1329	-456.4431	-0.1358	-924.4801	-0.1365	-1840.1049	-0.1359	-4437.2995	-0.1509	-8380.6282	NaN	NaN
-0.1329	-82.4638	-0.1329	-175.7286	-0.1339	-452.1847	-0.1368	-920.4775	-0.1375	-1834.3362	-0.1369	-4429.1867	-0.1518	-8411.6142	NaN	NaN
-0.1339	-82.9693	-0.1339	-173.4612	-0.1349	-452.5486	-0.1379	-917.0203	-0.1385	-1839.8506	-0.1379	-4425.6559	-0.1528	-8414.0301	NaN	NaN
-0.1350	-83.4919	-0.1349	-174.4369	-0.1359	-457.8820	-0.1388	-923.6636	-0.1395	-1840.8099	-0.1389	-4442.1124	-0.1538	-8427.3447	NaN	NaN
-0.1360	-84.9037	-0.1359	-177.4705	-0.1369	-453.1838	-0.1398	-919.3923	-0.1405	-1844.7045	-0.1399	-4440.8797	-0.1548	-8444.8586	NaN	NaN
-0.1370	-83.6056	-0.1368	-174.5505	-0.1379	-452.3328	-0.1408	-926.0260	-0.1415	-1840.5323	-0.1409	-4448.3362	-0.1558	-8442.7324	NaN	NaN
-0.1380	-83.8425	-0.1379	-174.4652	-0.1389	-457.3397	-0.1418	-923.6859	-0.1425	-1845.6918	-0.1419	-4454.5121	-0.1569	-8442.4664	NaN	NaN
-0.1390	-85.3591	-0.1389	-177.2369	-0.1399	-454.1502	-0.1428	-920.6251	-0.1436	-1836.5911	-0.1429	-4453.3205	-0.1578	-8456.9518	NaN	NaN
-0.1400	-84.9920	-0.1399	-176.1706	-0.1409	-455.6765	-0.1438	-915.9405	-0.1445	-1831.7270	-0.1439	-4446.1738	-0.1588	-8460.8676	NaN	NaN
-0.1410	-84.8434	-0.1409	-175.9766	-0.1419	-456.8915	-0.1448	-918.3320	-0.1455	-1844.0162	-0.1449	-4453.8188	-0.1598	-8454.0017	NaN	NaN
-0.1420	-85.5498	-0.1419	-177.1479	-0.1429	-453.5605	-0.1458	-919.3696	-0.1466	-1832.9170	-0.1459	-4457.5359	-0.1608	-8468.3203	NaN	NaN
-0.1430	-84.4964	-0.1429	-175.5612	-0.1439	-451.0115	-0.1468	-913.6276	-0.1475	-1827.9650	-0.1469	-4443.2911	-0.1618	-8480.5233	NaN	NaN
-0.1440	-84.4135	-0.1439	-174.7454	-0.1449	-454.4704	-0.1478	-911.9618	-0.1486	-1838.3987	-0.1479	-4444.0295	-0.1628	-8469.1769	NaN	NaN
-0.1450	-85.5838	-0.1449	-176.7056	-0.1459	-453.2574	-0.1488	-919.1044	-0.1495	-1831.3574	-0.1489	-4460.7013	-0.1638	-8477.9065	NaN	NaN
-0.1460	-84.7553	-0.1459	-175.8927	-0.1469	-449.6425	-0.1498	-913.0229	-0.1505	-1827.0864	-0.1499	-4450.1139	-0.1648	-8504.3592	NaN	NaN
-0.1470	-84.1037	-0.1469	-173.9774	-0.1479	-451.7066	-0.1508	-911.1325	-0.1515	-1834.4600	-0.1509	-4449.1185	-0.1658	-8502.5204	NaN	NaN
-0.1480	-85.5974	-0.1479	-175.5584	-0.1489	-453.5167	-0.1518	-918.4685	-0.1525	-1829.9954	-0.1519	-4465.9270	-0.1668	-8503.6554	NaN	NaN
-0.1490	-85.1863	-0.1488	-176.2762	-0.1499	-449.9269	-0.1528	-915.6041	-0.1535	-1837.6070	-0.1529	-4462.1005	-0.1678	-8524.2436	NaN	NaN
-0.1500	-84.5317	-0.1499	-174.7183	-0.1509	-449.9879	-0.1538	-914.5969	-0.1545	-1835.5210	-0.1539	-4465.7594	-0.1688	-8513.8126	NaN	NaN
-0.1510	-84.7767	-0.1509	-174.8781	-0.1519	-454.9229	-0.1548	-917.6673	-0.1556	-1833.2040	-0.1549	-4471.3346	-0.1698	-8508.7767	NaN	NaN
-0.1520	-85.9925	-0.1519	-177.6024	-0.1529	-452.2361	-0.1559	-912.0190	-0.1565	-1824.5752	-0.1559	-4463.7187	-0.1708	-8530.9497	NaN	NaN
-0.1530	-86.0104	-0.1529	-176.6939	-0.1539	-451.6131	-0.1568	-907.8377	-0.1576	-1823.8296	-0.1569	-4453.1351	-0.1719	-8524.2308	NaN	NaN
-0.1540	-85.1279	-0.1539	-175.3392	-0.1549	-454.1042	-0.1578	-911.6431	-0.1586	-1830.6539	-0.1579	-4464.9291	-0.1728	-8508.6340	NaN	NaN
-0.1550	-86.2779	-0.1549	-177.1751	-0.1559	-450.2959	-0.1588	-909.8015	-0.1595	-1818.3062	-0.1589	-4462.5265	-0.1738	-8523.5650	NaN	NaN
-0.1560	-85.0363	-0.1559	-175.1260	-0.1568	-447.8853	-0.1598	-903.6454	-0.1605	-1816.1018	-0.1599	-4448.9182	-0.1748	-8527.8374	NaN	NaN
-0.1570	-85.0144	-0.1569	-174.6768	-0.1579	-451.5789	-0.1608	-906.7094	-0.1615	-1826.9336	-0.1609	-4454.8341	-0.1758	-8518.8335	NaN	NaN
-0.1580	-86.3267	-0.1579	-176.5257	-0.1589	-448.7606	-0.1618	-908.0853	-0.1625	-1817.1922	-0.1619	-4456.8784	-0.1768	-8523.7577	NaN	NaN
-0.1590	-85.1037	-0.1589	-174.9718	-0.1599	-445.2115	-0.1628	-903.2353	-0.1635	-1812.8789	-0.1630	-4448.0540	-0.1778	-8537.3318	NaN	NaN
-0.1600	-84.5753	-0.1599	-173.4873	-0.1609	-449.5767	-0.1638	-902.4299	-0.1645	-1820.5130	-0.1639	-4448.9070	-0.1788	-8547.7602	NaN	NaN
-0.1610	-86.1143	-0.1609	-176.0719	-0.1619	-448.3667	-0.1648	-907.7272	-0.1655	-1815.8781	-0.1649	-4459.9383	-0.1798	-8542.2606	NaN	NaN
-0.1620	-85.2542	-0.1619	-175.0662	-0.1629	-445.4937	-0.1659	-906.3120	-0.1666	-1819.2971	-0.1659	-4459.8326	-0.1808	-8560.1038	NaN	NaN
-0.1630	-84.7491	-0.1629	-173.9143	-0.1639	-446.3573	-0.1668	-903.0198	-0.1675	-1818.3104	-0.1669	-4455.5607	-0.1818	-8540.7493	NaN	NaN
-0.1640	-86.0289	-0.1639	-174.6571	-0.1649	-448.1646	-0.1679	-907.1059	-0.1686	-1813.4373	-0.1679	-4464.1154	-0.1828	-8534.6843	NaN	NaN
-0.1650	-85.5302	-0.1649	-175.2476	-0.1659	-448.8718	-0.1688	-901.4163	-0.1695	-1805.6734	-0.1689	-4460.8891	-0.1838	-8547.8518	NaN	NaN
-0.1660	-86.1613	-0.1659	-176.0587	-0.1669	-445.4896	-0.1699	-897.9430	-0.1705	-1809.3788	-0.1699	-4451.3416	-0.1849	-8540.0942	NaN	NaN
-0.1670	-85.1929	-0.1669	-174.2254	-0.1679	-449.9637	-0.1709	-902.1224	-0.1716	-1807.7536	-0.1710	-4459.0197	-0.1859	-8527.9767	NaN	NaN
-0.1680	-86.1912	-0.1678	-176.4702	-0.1689	-444.6255	-0.1718	-897.8879	-0.1725	-1799.0226	-0.1719	-4447.5806	-0.1868	-8544.3241	NaN	NaN
-0.1690	-84.9183	-0.1689	-173.8804	-0.1699	-442.4870	-0.1728	-892.9880	-0.1735	-1798.9723	-0.1729	-4437.9422	-0.1878	-8534.2024	NaN	NaN
-0.1700	-84.9240	-0.1699	-173.4078	-0.1709	-447.3912	-0.1738	-896.9956	-0.1745	-1805.0660	-0.1739	-4447.0332	-0.1888	-8527.2665	NaN	NaN
-0.1710	-86.3696	-0.1709	-175.8415	-0.1719	-443.0729	-0.1748	-895.7543	-0.1755	-1795.6996	-0.1749	-4442.3837	-0.1898	-8535.8057	NaN	NaN
-0.1720	-84.8557	-0.1718	-173.4212	-0.1729	-440.6233	-0.1758	-890.6017	-0.1765	-1792.1685	-0.1759	-4428.6512	-0.1908	-8533.4479	NaN	NaN
-0.1730	-84.6526	-0.1728	-172.8803	-0.1739	-444.2769	-0.1768	-893.2906	-0.1775	-1802.1899	-0.1769	-4435.1354	-0.1918	-8545.5933	NaN	NaN
-0.1740	-86.3521	-0.1739	-175.1512	-0.1749	-442.3786	-0.1778	-893.2627	-0.1785	-1799.9433	-0.1779	-4439.7759	-0.1928	-8541.3184	NaN	NaN
-0.1750	-85.0410	-0.1748	-173.2333	-0.1759	-440.5363	-0.1788	-896.9328	-0.1795	-1797.3368	-0.1789	-4445.7622	-0.1938	-8547.0271	NaN	NaN
-0.1760	-84.8280	-0.1758	-172.9495	-0.1769	-442.2437	-0.1798	-891.0844	-0.1805	-1798.8173	-0.1799	-4436.8680	-0.1948	-8529.0141	NaN	NaN
-0.1770	-85.7359	-0.1768	-174.3826	-0.1779	-441.5385	-0.1808	-895.3085	-0.1816	-1791.7388	-0.1809	-4440.8546	-0.1958	-8520.8609	NaN	NaN
-0.1780	-85.1227	-0.1779	-173.5001	-0.1789	-444.2778	-0.1818	-886.8094	-0.1826	-1785.5720	-0.1819	-4427.4472	-0.1968	-8541.1358	NaN	NaN
-0.1790	-86.2680	-0.1789	-175.4896	-0.1799	-441.3482	-0.1828	-885.0899	-0.1835	-1792.2117	-0.1829	-4419.0059	-0.1978	-8519.1246	NaN	NaN
-0.1800	-85.6395	-0.1799	-173.4543	-0.1808	-442.3646	-0.1838	-890.6124	-0.1845	-1785.0970	-0.1839	-4430.9760	-0.1988	-8513.5572	NaN	NaN
-0.1810	-85.0731	-0.1809	-174.0322	-0.1819	-437.1917	-0.1848	-883.4852	-0.1856	-1777.4752	-0.1849	-4415.3453	-0.1998	-8521.4971	NaN	NaN
-0.1820	-84.4839	-0.1819	-172.0740	-0.1829	-437.4779	-0.1858	-880.2748	-0.1865	-1779.2545	-0.1859	-4406.9767	-0.2008	-8513.9753	NaN	NaN
-0.1830	-84.5607	-0.1829	-171.9450	-0.1839	-441.5707	-0.1868	-885.3262	-0.1875	-1779.6511	-0.1869	-4415.8566	-0.2018	-8502.9626	NaN	NaN
-0.1840	-85.7938	-0.1839	-174.5241	-0.1849	-436.1575	-0.1878	-881.8277	-0.1885	-1771.0899	-0.1879	-4409.7903	-0.2029	-8513.8271	NaN	NaN
-0.1850	-84.1179	-0.1849	-171.5356	-0.1859	-434.8739	-0.1888	-877.6048	-0.1895	-1770.4909	-0.1889	-4399.3835	-0.2038	-8505.9802	NaN	NaN
-0.1860	-84.4219	-0.1859	-171.5007	-0.1869	-439.3191	-0.1898	-880.8378	-0.1905	-1776.1846	-0.1899	-4405.1133	-0.2048	-8500.1234	NaN	NaN
-0.1870	-85.6200	-0.1869	-173.4772	-0.1879	-435.5715	-0.1908	-879.6129	-0.1915	-1774.2666	-0.1909	-4401.6519	-0.2058	-8502.9500	NaN	NaN
-0.1880	-84.5548	-0.1878	-171.9217	-0.1889	-433.7479	-0.1918	-881.7857	-0.1926	-1769.5652	-0.1919	-4410.1041	-0.2068	-8504.4150	NaN	NaN
-0.1890	-84.3626	-0.1889	-170.9094	-0.1898	-437.3616	-0.1928	-879.2662	-0.1936	-1776.3340	-0.1929	-4404.0900	-0.2078	-8483.9805	NaN	NaN
-0.1900	-85.5939	-0.1899	-173.3942	-0.1908	-434.6661	-0.1938	-878.8700	-0.1946	-1764.3180	-0.1939	-4399.1266	-0.2088	-8487.0247	NaN	NaN
-0.1910	-84.5139	-0.1909	-171.4720	-0.1919	-437.6129	-0.1948	-872.3195	-0.1955	-1759.7820	-0.1949	-4387.8847	-0.2098	-8488.8774	NaN	NaN
-0.1920	-85.0975	-0.1919	-172.8187	-0.1929	-435.8886	-0.1958	-871.3657	-0.1965	-1766.3332	-0.1959	-4381.2059	-0.2108	-8475.5109	NaN	NaN
-0.1930	-85.4302	-0.1929	-172.5740	-0.1939	-433.6581	-0.1968	-877.3127	-0.1975	-1758.3537	-0.1969	-4388.4569	-0.2118	-8467.8867	NaN	NaN
-0.1940	-84.2240	-0.1939	-171.3924	-0.1949	-431.1935	-0.1979	-869.0780	-0.1985	-1750.5699	-0.1979	-4374.0688	-0.2128	-8485.5448	NaN	NaN
-0.1950	-83.8969	-0.1949	-170.1080	-0.1959	-431.2683	-0.1988	-866.4001	-0.1995	-1756.5102	-0.1989	-4367.8418	-0.2138	-8467.0161	NaN	NaN
-0.1960	-84.9822	-0.1959	-170.7773	-0.1969	-433.6832	-0.1998	-872.8314	-0.2006	-1751.8843	-0.1999	-4381.9177	-0.2148	-8462.2641	NaN	NaN
-0.1970	-84.4202	-0.1969	-171.4287	-0.1979	-429.2154	-0.2008	-867.8849	-0.2015	-1745.6438	-0.2009	-4365.1028	-0.2158	-8469.2647	NaN	NaN
-0.1979	-83.4406	-0.1979	-169.3739	-0.1989	-428.2637	-0.2018	-864.1397	-0.2025	-1748.2488	-0.2019	-4357.9217	-0.2168	-8460.5226	NaN	NaN
-0.1990	-83.8559	-0.1988	-169.6483	-0.1999	-433.3395	-0.2028	-869.0026	-0.2036	-1747.6150	-0.2029	-4367.2191	-0.2178	-8467.6068	NaN	NaN
-0.2000	-84.9123	-0.1999	-172.0045	-0.2009	-428.6715	-0.2039	-864.9586	-0.2045	-1741.1220	-0.2040	-4358.4856	-0.2188	-8473.1657	NaN	NaN
-0.2010	-83.7167	-0.2009	-169.4406	-0.2018	-427.5501	-0.2048	-862.3557	-0.2055	-1740.4671	-0.2049	-4349.2801	-0.2198	-8460.7144	NaN	NaN
-0.2020	-83.9062	-0.2019	-169.0142	-0.2029	-431.2790	-0.2058	-864.8450	-0.2065	-1744.7174	-0.2059	-4357.6559	-0.2208	-8447.6994	NaN	NaN
-0.2030	-84.9447	-0.2029	-171.5695	-0.2039	-427.9402	-0.2068	-862.9629	-0.2075	-1735.8771	-0.2069	-4348.5656	-0.2218	-8450.9327	NaN	NaN
-0.2040	-83.9541	-0.2039	-169.5569	-0.2049	-426.7077	-0.2078	-856.9114	-0.2085	-1731.0111	-0.2079	-4337.4409	-0.2228	-8446.3473	NaN	NaN
-0.2050	-83.6653	-0.2049	-169.0731	-0.2059	-429.6650	-0.2088	-859.8556	-0.2095	-1740.9176	-0.2089	-4340.2801	-0.2238	-8423.2062	NaN	NaN
-0.2060	-84.8645	-0.2059	-170.8401	-0.2069	-426.6863	-0.2098	-860.4401	-0.2106	-1730.7624	-0.2099	-4338.7828	-0.2248	-8424.7256	NaN	NaN
-0.2070	-83.6319	-0.2069	-169.1607	-0.2079	-424.6858	-0.2108	-854.3069	-0.2115	-1725.4787	-0.2109	-4323.4108	-0.2258	-8432.0824	NaN	NaN
-0.2080	-83.4725	-0.2079	-168.2995	-0.2089	-426.7370	-0.2118	-853.3634	-0.2125	-1732.8840	-0.2119	-4321.5794	-0.2268	-8416.9782	NaN	NaN
-0.2090	-84.4530	-0.2089	-169.7790	-0.2099	-425.6980	-0.2128	-860.1280	-0.2135	-1725.6786	-0.2129	-4326.9783	-0.2278	-8406.0894	NaN	NaN
-0.2100	-83.6413	-0.2099	-169.3983	-0.2109	-422.4368	-0.2138	-852.2552	-0.2145	-1719.6369	-0.2139	-4317.6763	-0.2288	-8426.6044	NaN	NaN
-0.2110	-82.6815	-0.2109	-167.0464	-0.2118	-423.5091	-0.2148	-851.0559	-0.2155	-1726.0367	-0.2149	-4307.5093	-0.2298	-8425.3484	NaN	NaN
-0.2120	-84.1678	-0.2119	-168.3439	-0.2129	-425.5289	-0.2158	-856.2014	-0.2165	-1721.1936	-0.2159	-4322.9783	-0.2308	-8413.4899	NaN	NaN
-0.2130	-83.6359	-0.2129	-169.3161	-0.2139	-422.2522	-0.2167	-853.9048	-0.2175	-1727.4064	-0.2169	-4314.7342	-0.2318	-8422.3196	NaN	NaN
-0.2139	-83.0812	-0.2139	-167.5680	-0.2148	-421.4748	-0.2178	-853.5724	-0.2185	-1721.2491	-0.2179	-4309.3335	-0.2328	-8405.9333	NaN	NaN
-0.2149	-83.0832	-0.2148	-167.4790	-0.2159	-425.6487	-0.2188	-854.3536	-0.2195	-1719.5360	-0.2189	-4317.0722	-0.2338	-8392.1444	NaN	NaN
-0.2160	-84.2416	-0.2158	-169.8355	-0.2168	-424.0624	-0.2198	-849.9135	-0.2206	-1711.9776	-0.2199	-4304.5546	-0.2348	-8400.9287	NaN	NaN
-0.2169	-84.0447	-0.2168	-168.8340	-0.2179	-422.5803	-0.2208	-845.4623	-0.2215	-1708.5886	-0.2208	-4292.6923	-0.2358	-8388.0164	NaN	NaN
-0.2180	-83.2040	-0.2179	-168.0712	-0.2188	-424.9250	-0.2218	-848.8365	-0.2226	-1714.4769	-0.2219	-4298.7206	-0.2368	-8371.9687	NaN	NaN
-0.2189	-84.2158	-0.2189	-169.4353	-0.2199	-420.8570	-0.2228	-846.9830	-0.2235	-1703.6429	-0.2229	-4292.7549	-0.2378	-8380.4928	NaN	NaN
-0.2200	-83.1048	-0.2198	-167.3110	-0.2209	-418.8906	-0.2238	-841.1347	-0.2245	-1700.0148	-0.2239	-4278.0350	-0.2388	-8394.0089	NaN	NaN
-0.2210	-82.8988	-0.2208	-166.9473	-0.2219	-422.3705	-0.2248	-844.6880	-0.2255	-1708.8716	-0.2249	-4280.6302	-0.2398	-8380.9429	NaN	NaN
-0.2220	-84.0474	-0.2219	-168.7403	-0.2229	-419.5059	-0.2258	-845.4476	-0.2265	-1700.9282	-0.2259	-4282.7715	-0.2408	-8375.4535	NaN	NaN
-0.2230	-82.9037	-0.2229	-167.0795	-0.2239	-416.6650	-0.2268	-840.1411	-0.2275	-1695.0818	-0.2269	-4268.4490	-0.2418	-8375.2252	NaN	NaN
-0.2240	-82.5960	-0.2238	-165.9702	-0.2248	-420.3687	-0.2278	-838.9475	-0.2285	-1703.2122	-0.2279	-4265.5577	-0.2428	-8378.5594	NaN	NaN
-0.2250	-83.8793	-0.2249	-167.8726	-0.2259	-419.1449	-0.2288	-845.4753	-0.2295	-1698.1876	-0.2289	-4271.4469	-0.2438	-8367.8176	NaN	NaN
-0.2260	-82.8944	-0.2259	-167.2362	-0.2268	-416.5863	-0.2298	-845.0184	-0.2305	-1702.6253	-0.2299	-4274.1819	-0.2449	-8372.0565	NaN	NaN
-0.2270	-82.5495	-0.2269	-165.9030	-0.2279	-417.5977	-0.2308	-841.1386	-0.2315	-1702.9565	-0.2309	-4265.4065	-0.2458	-8351.6441	NaN	NaN
-0.2280	-83.5612	-0.2279	-166.8238	-0.2289	-418.9443	-0.2318	-844.7290	-0.2325	-1694.6121	-0.2320	-4272.7898	-0.2468	-8344.6697	NaN	NaN
-0.2290	-83.0270	-0.2289	-167.4016	-0.2299	-420.8452	-0.2328	-838.0165	-0.2335	-1688.6767	-0.2329	-4258.3966	-0.2478	-8355.5396	NaN	NaN
-0.2300	-84.0013	-0.2299	-168.7439	-0.2309	-417.4400	-0.2338	-835.1754	-0.2345	-1690.8398	-0.2339	-4248.3749	-0.2489	-8337.4270	NaN	NaN
-0.2310	-82.6215	-0.2309	-166.4824	-0.2318	-421.1714	-0.2348	-840.4067	-0.2355	-1689.7413	-0.2349	-4256.2855	-0.2498	-8327.0395	NaN	NaN
-0.2320	-83.5948	-0.2319	-168.5384	-0.2328	-415.4554	-0.2358	-835.4282	-0.2365	-1680.3107	-0.2359	-4246.9515	-0.2508	-8335.2247	NaN	NaN
-0.2330	-82.3507	-0.2329	-165.6193	-0.2339	-414.2993	-0.2368	-830.9647	-0.2375	-1680.9933	-0.2369	-4233.5904	-0.2518	-8328.0534	NaN	NaN
-0.2340	-82.5170	-0.2339	-165.7593	-0.2349	-418.6096	-0.2378	-835.9884	-0.2385	-1687.8033	-0.2379	-4239.4272	-0.2528	-8315.1067	NaN	NaN
-0.2350	-83.6246	-0.2349	-167.9576	-0.2359	-414.7870	-0.2388	-835.2291	-0.2395	-1680.8459	-0.2389	-4243.5072	-0.2538	-8320.6309	NaN	NaN
-0.2360	-82.3570	-0.2359	-165.7406	-0.2369	-412.7678	-0.2398	-830.5923	-0.2405	-1676.2880	-0.2399	-4230.2633	-0.2547	-8321.9716	NaN	NaN
-0.2370	-82.3762	-0.2369	-165.0275	-0.2379	-416.9062	-0.2409	-833.4060	-0.2415	-1686.8188	-0.2409	-4231.6314	-0.2558	-8326.3566	NaN	NaN
-0.2380	-83.5224	-0.2379	-167.4100	-0.2388	-415.0001	-0.2418	-833.9054	-0.2425	-1680.8356	-0.2419	-4231.3524	-0.2568	-8317.1567	NaN	NaN
-0.2390	-82.6143	-0.2389	-165.8957	-0.2399	-412.5547	-0.2428	-835.3208	-0.2435	-1679.2720	-0.2429	-4231.9541	-0.2578	-8321.4597	NaN	NaN
-0.2399	-82.2519	-0.2398	-165.2069	-0.2408	-415.2738	-0.2438	-831.4700	-0.2445	-1684.3246	-0.2439	-4228.3018	-0.2588	-8303.9161	NaN	NaN
-0.2410	-83.5006	-0.2408	-166.8957	-0.2418	-414.9033	-0.2449	-836.3382	-0.2455	-1675.0036	-0.2449	-4229.1957	-0.2598	-8295.5123	NaN	NaN
-0.2420	-82.6178	-0.2419	-166.0635	-0.2429	-416.3536	-0.2458	-828.7154	-0.2465	-1669.8491	-0.2459	-4216.7697	-0.2608	-8308.8205	NaN	NaN
-0.2430	-83.5080	-0.2429	-167.2436	-0.2439	-414.1555	-0.2468	-826.8399	-0.2475	-1676.6976	-0.2469	-4208.7532	-0.2618	-8291.5134	NaN	NaN
-0.2440	-83.2606	-0.2439	-166.1290	-0.2449	-414.9761	-0.2478	-832.5299	-0.2485	-1673.4754	-0.2479	-4219.8563	-0.2628	-8284.0882	NaN	NaN
-0.2450	-82.6437	-0.2449	-166.5442	-0.2459	-411.6174	-0.2488	-827.1400	-0.2495	-1662.7622	-0.2489	-4205.3014	-0.2638	-8302.6223	NaN	NaN
-0.2460	-82.2174	-0.2459	-165.3406	-0.2469	-411.8766	-0.2498	-824.1512	-0.2505	-1669.1110	-0.2499	-4194.5732	-0.2648	-8288.3806	NaN	NaN
-0.2470	-82.4147	-0.2468	-165.2606	-0.2479	-416.5382	-0.2508	-830.3798	-0.2515	-1668.8317	-0.2509	-4206.7049	-0.2658	-8282.3395	NaN	NaN
-0.2480	-83.4945	-0.2479	-167.3750	-0.2489	-411.0230	-0.2518	-827.4368	-0.2525	-1662.3888	-0.2519	-4198.1833	-0.2668	-8287.5011	NaN	NaN
-0.2490	-81.9749	-0.2489	-164.9123	-0.2499	-410.5354	-0.2528	-824.7297	-0.2535	-1662.6871	-0.2529	-4188.1839	-0.2678	-8285.5429	NaN	NaN
-0.2499	-82.2760	-0.2498	-164.8764	-0.2509	-414.8642	-0.2538	-829.3998	-0.2545	-1668.4409	-0.2539	-4199.7674	-0.2688	-8298.5092	NaN	NaN
-0.2510	-83.6405	-0.2509	-167.2306	-0.2518	-411.8878	-0.2548	-827.0196	-0.2555	-1669.1324	-0.2549	-4190.5846	-0.2698	-8297.3276	NaN	NaN
-0.2520	-82.3797	-0.2519	-165.5007	-0.2528	-410.7263	-0.2558	-830.8883	-0.2565	-1664.9738	-0.2559	-4200.2828	-0.2708	-8287.2525	NaN	NaN
-0.2530	-82.4566	-0.2528	-165.0087	-0.2538	-414.1165	-0.2568	-829.1422	-0.2575	-1672.0038	-0.2569	-4197.0636	-0.2718	-8280.9101	NaN	NaN
-0.2540	-83.5652	-0.2538	-166.9219	-0.2549	-411.6962	-0.2578	-828.8607	-0.2585	-1662.0682	-0.2579	-4195.3891	-0.2728	-8276.8593	NaN	NaN
-0.2550	-82.5490	-0.2548	-165.5078	-0.2558	-415.7113	-0.2588	-824.0211	-0.2595	-1659.7195	-0.2589	-4183.4439	-0.2738	-8285.3687	NaN	NaN
-0.2559	-83.3756	-0.2559	-167.4781	-0.2569	-414.0896	-0.2598	-822.6276	-0.2605	-1665.8397	-0.2599	-4182.0270	-0.2748	-8268.1769	NaN	NaN
-0.2570	-83.4837	-0.2569	-166.9941	-0.2579	-412.6516	-0.2608	-828.7616	-0.2615	-1659.9483	-0.2609	-4187.4761	-0.2758	-8265.5048	NaN	NaN
-0.2580	-82.7584	-0.2578	-166.1748	-0.2589	-410.1361	-0.2618	-821.8553	-0.2625	-1653.9213	-0.2619	-4171.7547	-0.2768	-8284.4779	NaN	NaN
-0.2590	-82.4028	-0.2589	-164.9136	-0.2599	-411.3131	-0.2628	-821.4411	-0.2635	-1661.9654	-0.2629	-4168.7356	-0.2778	-8268.2812	NaN	NaN
-0.2600	-83.2934	-0.2598	-165.9332	-0.2609	-413.7062	-0.2638	-828.6243	-0.2645	-1659.2830	-0.2639	-4183.8128	-0.2788	-8261.6014	NaN	NaN
-0.2610	-83.0363	-0.2609	-166.5351	-0.2619	-409.8232	-0.2648	-823.4325	-0.2655	-1653.9435	-0.2649	-4171.2392	-0.2798	-8279.7214	NaN	NaN
-0.2620	-82.1853	-0.2619	-164.8055	-0.2629	-409.6542	-0.2658	-821.1048	-0.2665	-1659.7193	-0.2659	-4165.3465	-0.2808	-8283.1182	NaN	NaN
-0.2630	-82.6087	-0.2629	-165.3909	-0.2639	-415.2823	-0.2668	-829.2742	-0.2675	-1662.1814	-0.2669	-4178.4911	-0.2818	-8288.1472	NaN	NaN
-0.2640	-83.8093	-0.2638	-167.5858	-0.2649	-410.4309	-0.2678	-825.4892	-0.2685	-1664.6145	-0.2679	-4172.1230	-0.2828	-8292.5747	NaN	NaN
-0.2650	-82.7349	-0.2649	-165.6155	-0.2658	-410.2842	-0.2688	-828.6496	-0.2695	-1659.9963	-0.2689	-4175.7578	-0.2838	-8285.2734	NaN	NaN
-0.2660	-82.8083	-0.2658	-165.6929	-0.2669	-414.5230	-0.2698	-829.0414	-0.2706	-1665.1339	-0.2699	-4177.9429	-0.2848	-8281.4807	NaN	NaN
-0.2670	-84.0720	-0.2669	-167.7740	-0.2679	-412.6380	-0.2708	-826.5498	-0.2715	-1656.3305	-0.2709	-4171.7823	-0.2858	-8289.2683	NaN	NaN
-0.2680	-83.7867	-0.2679	-166.6478	-0.2689	-414.3271	-0.2718	-822.9079	-0.2725	-1654.6317	-0.2719	-4164.9014	-0.2868	-8287.6072	NaN	NaN
-0.2690	-83.3506	-0.2689	-166.9972	-0.2699	-415.1218	-0.2728	-825.7558	-0.2735	-1665.9541	-0.2729	-4169.9329	-0.2878	-8272.5525	NaN	NaN
-0.2700	-84.1529	-0.2699	-167.9221	-0.2709	-412.6309	-0.2738	-827.6426	-0.2745	-1654.7063	-0.2739	-4171.2645	-0.2888	-8281.0359	NaN	NaN
-0.2710	-83.2230	-0.2709	-166.5989	-0.2719	-411.3375	-0.2748	-821.1011	-0.2755	-1652.6657	-0.2749	-4156.7818	-0.2898	-8290.7858	NaN	NaN
-0.2720	-82.9921	-0.2718	-165.9072	-0.2729	-413.9100	-0.2758	-822.5446	-0.2765	-1662.0141	-0.2759	-4157.7978	-0.2908	-8281.8219	NaN	NaN
-0.2730	-84.2680	-0.2729	-167.7361	-0.2738	-414.2591	-0.2768	-830.1888	-0.2775	-1659.2323	-0.2769	-4170.1173	-0.2918	-8279.6167	NaN	NaN
-0.2740	-83.5277	-0.2739	-167.1512	-0.2749	-410.7219	-0.2778	-824.2541	-0.2785	-1654.6609	-0.2778	-4160.9218	-0.2928	-8303.0340	NaN	NaN
-0.2750	-82.7762	-0.2749	-165.7920	-0.2758	-412.8960	-0.2788	-824.5404	-0.2795	-1662.3331	-0.2789	-4157.5613	-0.2938	-8302.3299	NaN	NaN
-0.2760	-84.3769	-0.2759	-167.1472	-0.2768	-414.9004	-0.2798	-831.4154	-0.2805	-1659.3030	-0.2799	-4172.9491	-0.2948	-8303.1701	NaN	NaN
-0.2770	-83.8231	-0.2769	-167.9060	-0.2778	-412.6510	-0.2808	-830.5825	-0.2815	-1670.5622	-0.2809	-4170.7778	-0.2958	-8318.8681	NaN	NaN
-0.2780	-83.4928	-0.2779	-166.8066	-0.2788	-412.6688	-0.2818	-831.4794	-0.2825	-1666.1790	-0.2820	-4175.4042	-0.2968	-8310.8437	NaN	NaN
-0.2790	-83.4676	-0.2789	-167.0342	-0.2799	-417.7039	-0.2829	-834.6700	-0.2835	-1665.7515	-0.2829	-4181.2016	-0.2978	-8307.3671	NaN	NaN
-0.2800	-84.7423	-0.2799	-169.4894	-0.2809	-417.8293	-0.2838	-829.9740	-0.2845	-1659.6444	-0.2840	-4172.0420	-0.2988	-8322.1442	NaN	NaN
-0.2809	-85.0232	-0.2808	-169.2996	-0.2819	-416.5046	-0.2848	-827.7149	-0.2855	-1661.0339	-0.2849	-4163.5826	-0.2998	-8323.0758	NaN	NaN
-0.2820	-84.1486	-0.2819	-168.2036	-0.2829	-418.6293	-0.2858	-832.6996	-0.2865	-1668.5225	-0.2859	-4177.6411	-0.3008	-8303.4020	NaN	NaN
-0.2830	-85.2362	-0.2829	-170.1113	-0.2839	-415.5708	-0.2868	-831.4894	-0.2875	-1661.1781	-0.2869	-4173.2673	-0.3018	-8331.2772	NaN	NaN
-0.2840	-84.1037	-0.2839	-168.0398	-0.2849	-414.6038	-0.2879	-826.5018	-0.2885	-1659.5679	-0.2879	-4163.4294	-0.3028	-8333.8511	NaN	NaN
-0.2850	-84.1611	-0.2849	-167.7600	-0.2859	-418.8684	-0.2888	-831.5842	-0.2896	-1672.1708	-0.2889	-4171.9849	-0.3038	-8326.7720	NaN	NaN
-0.2860	-85.4194	-0.2858	-170.2285	-0.2869	-416.5163	-0.2899	-833.7273	-0.2905	-1665.6111	-0.2899	-4176.6202	-0.3048	-8336.5435	NaN	NaN
-0.2870	-84.4610	-0.2869	-168.5397	-0.2878	-414.2384	-0.2908	-830.1472	-0.2915	-1662.8371	-0.2909	-4169.9712	-0.3058	-8352.8900	NaN	NaN
-0.2880	-84.2518	-0.2879	-167.8797	-0.2888	-418.8712	-0.2918	-830.6175	-0.2925	-1673.5421	-0.2919	-4171.6791	-0.3068	-8371.0209	NaN	NaN
-0.2890	-85.5223	-0.2889	-170.2486	-0.2898	-418.5630	-0.2928	-838.7699	-0.2935	-1671.2202	-0.2929	-4183.0190	-0.3078	-8369.8423	NaN	NaN
-0.2900	-84.9194	-0.2899	-169.6242	-0.2908	-416.7426	-0.2938	-838.9295	-0.2945	-1677.9126	-0.2939	-4189.0070	-0.3088	-8390.9347	NaN	NaN
-0.2910	-84.5951	-0.2908	-168.8168	-0.2918	-418.2040	-0.2948	-838.1651	-0.2955	-1683.7096	-0.2949	-4185.9798	-0.3098	-8379.0794	NaN	NaN
-0.2919	-85.8779	-0.2918	-169.8392	-0.2928	-421.0027	-0.2958	-843.3899	-0.2965	-1679.3532	-0.2959	-4202.6501	-0.3108	-8378.4515	NaN	NaN
-0.2930	-85.3484	-0.2928	-170.6993	-0.2939	-422.5331	-0.2968	-838.6115	-0.2975	-1672.6911	-0.2969	-4187.9993	-0.3118	-8394.6033	NaN	NaN
-0.2939	-86.2541	-0.2939	-171.6524	-0.2948	-420.6445	-0.2978	-836.2406	-0.2985	-1679.7886	-0.2979	-4184.3330	-0.3128	-8394.9312	NaN	NaN
-0.2949	-85.4152	-0.2948	-170.6485	-0.2959	-425.0114	-0.2988	-844.0105	-0.2995	-1682.8125	-0.2989	-4199.1432	-0.3138	-8386.5253	NaN	NaN
-0.2960	-86.5163	-0.2959	-172.7755	-0.2969	-421.0199	-0.2998	-841.4179	-0.3005	-1675.3630	-0.2999	-4197.8634	-0.3148	-8411.2266	NaN	NaN
-0.2970	-85.5406	-0.2968	-170.9259	-0.2978	-420.4423	-0.3008	-838.5191	-0.3015	-1678.3705	-0.3009	-4187.8378	-0.3158	-8414.7739	NaN	NaN
-0.2980	-85.8958	-0.2978	-170.8002	-0.2989	-424.9163	-0.3018	-845.1792	-0.3025	-1688.0032	-0.3019	-4203.2742	-0.3168	-8418.6567	NaN	NaN
-0.2990	-86.9082	-0.2988	-173.2130	-0.2999	-422.7255	-0.3028	-844.4010	-0.3035	-1683.2984	-0.3029	-4201.6235	-0.3178	-8432.1416	NaN	NaN
-0.3000	-85.9091	-0.2999	-171.5153	-0.3009	-421.4650	-0.3038	-841.8972	-0.3045	-1683.8839	-0.3039	-4201.5797	-0.3188	-8440.1760	NaN	NaN
-0.3009	-86.0036	-0.3008	-171.5772	-0.3019	-426.7215	-0.3048	-846.3546	-0.3055	-1695.0958	-0.3049	-4209.3692	-0.3198	-8459.5148	NaN	NaN
-0.3020	-87.3959	-0.3019	-173.9438	-0.3029	-425.0106	-0.3058	-849.4536	-0.3065	-1698.2464	-0.3059	-4214.9438	-0.3208	-8466.0284	NaN	NaN
-0.3030	-86.6686	-0.3029	-172.6520	-0.3039	-423.8886	-0.3068	-856.6350	-0.3075	-1700.1457	-0.3069	-4231.6186	-0.3218	-8480.7558	NaN	NaN
-0.3040	-86.5258	-0.3039	-172.1593	-0.3049	-427.3025	-0.3078	-852.1710	-0.3086	-1707.0554	-0.3079	-4229.2821	-0.3228	-8476.0698	NaN	NaN
-0.3050	-87.7310	-0.3048	-174.4835	-0.3059	-428.1127	-0.3088	-858.1108	-0.3095	-1700.3408	-0.3089	-4246.3873	-0.3238	-8482.7703	NaN	NaN
-0.3060	-87.2833	-0.3058	-173.7378	-0.3069	-432.8037	-0.3098	-852.8703	-0.3105	-1700.1096	-0.3099	-4238.8784	-0.3248	-8514.3023	NaN	NaN
-0.3070	-88.8084	-0.3069	-176.8153	-0.3079	-429.7905	-0.3108	-852.9702	-0.3115	-1707.6549	-0.3109	-4236.7180	-0.3258	-8504.0030	NaN	NaN
-0.3080	-88.1959	-0.3079	-174.8841	-0.3089	-431.6935	-0.3118	-860.4384	-0.3126	-1707.5754	-0.3119	-4254.3755	-0.3268	-8507.5840	NaN	NaN
-0.3090	-87.8124	-0.3089	-175.2485	-0.3099	-428.9948	-0.3128	-856.4574	-0.3135	-1702.1482	-0.3129	-4243.3854	-0.3278	-8536.1823	NaN	NaN
-0.3100	-87.5904	-0.3099	-174.4419	-0.3109	-429.6473	-0.3138	-855.3099	-0.3145	-1711.2816	-0.3139	-4242.0714	-0.3288	-8543.8274	NaN	NaN
-0.3110	-87.7973	-0.3109	-174.8743	-0.3119	-435.3288	-0.3148	-862.8525	-0.3156	-1715.3954	-0.3149	-4261.5347	-0.3298	-8541.3844	NaN	NaN
-0.3120	-89.2214	-0.3119	-177.7545	-0.3129	-431.0217	-0.3158	-862.0347	-0.3165	-1711.7740	-0.3159	-4259.8030	-0.3308	-8572.6138	NaN	NaN
-0.3130	-87.7242	-0.3129	-175.5270	-0.3139	-431.1000	-0.3167	-860.3837	-0.3175	-1715.6359	-0.3169	-4256.3146	-0.3318	-8573.9646	NaN	NaN
-0.3139	-88.2945	-0.3139	-175.5331	-0.3149	-437.2462	-0.3178	-867.7627	-0.3185	-1724.3747	-0.3179	-4270.6701	-0.3328	-8610.9753	NaN	NaN
-0.3150	-90.0400	-0.3149	-178.4983	-0.3159	-435.0064	-0.3188	-867.5494	-0.3195	-1730.2893	-0.3189	-4273.2702	-0.3338	-8621.3236	NaN	NaN
-0.3160	-88.7442	-0.3159	-177.0468	-0.3168	-434.7079	-0.3198	-873.3636	-0.3205	-1730.0441	-0.3199	-4288.0207	-0.3348	-8628.8993	NaN	NaN
-0.3169	-89.0216	-0.3168	-177.0524	-0.3179	-439.3279	-0.3208	-873.4596	-0.3215	-1740.0981	-0.3209	-4295.6108	-0.3358	-8626.5218	NaN	NaN
-0.3180	-90.4193	-0.3179	-179.6081	-0.3189	-437.8906	-0.3219	-875.6648	-0.3225	-1734.0588	-0.3219	-4301.4214	-0.3368	-8644.3225	NaN	NaN
-0.3190	-89.4828	-0.3189	-178.3850	-0.3199	-441.7840	-0.3228	-872.5411	-0.3235	-1737.4685	-0.3229	-4295.0334	-0.3378	-8669.5862	NaN	NaN
-0.3200	-90.7293	-0.3199	-180.5777	-0.3209	-442.2904	-0.3238	-873.3875	-0.3245	-1747.3472	-0.3239	-4300.2621	-0.3388	-8665.2079	NaN	NaN
-0.3210	-91.1265	-0.3209	-180.7319	-0.3219	-442.0415	-0.3248	-882.5520	-0.3255	-1744.1462	-0.3249	-4319.2442	-0.3398	-8678.0067	NaN	NaN
-0.3220	-90.3598	-0.3219	-180.0593	-0.3229	-440.6321	-0.3258	-876.7870	-0.3265	-1740.7653	-0.3259	-4310.9430	-0.3408	-8712.5005	NaN	NaN
-0.3230	-90.0824	-0.3228	-179.2775	-0.3239	-442.6780	-0.3268	-878.2991	-0.3275	-1754.1947	-0.3269	-4314.4109	-0.3418	-8710.0848	NaN	NaN
-0.3240	-91.3937	-0.3239	-180.7295	-0.3249	-445.7212	-0.3278	-888.0258	-0.3285	-1754.4058	-0.3279	-4336.4661	-0.3428	-8722.8011	NaN	NaN
-0.3250	-91.1987	-0.3249	-181.8898	-0.3259	-442.1820	-0.3288	-884.3707	-0.3295	-1752.6782	-0.3289	-4331.8512	-0.3438	-8751.0398	NaN	NaN
-0.3260	-90.4743	-0.3259	-180.2684	-0.3269	-444.0376	-0.3297	-884.4274	-0.3305	-1762.8826	-0.3299	-4338.1952	-0.3448	-8768.6130	NaN	NaN
-0.3270	-91.1574	-0.3268	-181.3428	-0.3279	-450.4354	-0.3308	-893.5472	-0.3315	-1767.3548	-0.3309	-4357.1676	-0.3458	-8791.0604	NaN	NaN
-0.3280	-92.5494	-0.3279	-184.3903	-0.3289	-447.1129	-0.3318	-891.9460	-0.3325	-1777.7612	-0.3319	-4361.9944	-0.3469	-8812.7632	NaN	NaN
-0.3290	-91.4714	-0.3289	-182.3643	-0.3299	-447.9183	-0.3328	-900.7376	-0.3335	-1777.7565	-0.3329	-4377.1099	-0.3478	-8820.7106	NaN	NaN
-0.3299	-92.1820	-0.3298	-182.8701	-0.3309	-453.8524	-0.3338	-900.9056	-0.3345	-1785.1374	-0.3339	-4384.8189	-0.3488	-8831.3355	NaN	NaN
-0.3310	-93.3919	-0.3309	-185.8302	-0.3318	-453.2414	-0.3348	-900.9855	-0.3356	-1780.8185	-0.3349	-4388.3040	-0.3498	-8855.8151	NaN	NaN
-0.3320	-93.6484	-0.3318	-185.1333	-0.3328	-455.3287	-0.3358	-898.8050	-0.3365	-1782.6239	-0.3359	-4390.0025	-0.3508	-8874.1951	NaN	NaN
-0.3330	-93.1925	-0.3329	-186.0772	-0.3339	-457.4300	-0.3368	-905.5032	-0.3375	-1798.2111	-0.3369	-4402.0131	-0.3518	-8870.0784	NaN	NaN
-0.3340	-94.5647	-0.3339	-187.3331	-0.3349	-456.3188	-0.3378	-907.9553	-0.3385	-1792.3854	-0.3379	-4411.3031	-0.3528	-8901.3803	NaN	NaN
-0.3350	-93.3767	-0.3349	-185.9433	-0.3358	-454.7133	-0.3388	-905.4552	-0.3395	-1793.3361	-0.3389	-4411.2234	-0.3538	-8921.5789	NaN	NaN
-0.3360	-93.4591	-0.3358	-185.7219	-0.3369	-459.5558	-0.3398	-907.3872	-0.3405	-1806.8823	-0.3399	-4418.2665	-0.3548	-8935.0494	NaN	NaN
-0.3370	-95.0634	-0.3369	-188.6052	-0.3378	-460.4307	-0.3408	-917.2460	-0.3415	-1807.0638	-0.3409	-4442.3831	-0.3558	-8950.2102	NaN	NaN
-0.3380	-94.4516	-0.3379	-187.7988	-0.3389	-457.2241	-0.3418	-914.1008	-0.3425	-1808.4740	-0.3419	-4438.7538	-0.3568	-8991.9063	NaN	NaN
-0.3390	-93.9211	-0.3389	-186.7690	-0.3399	-461.0275	-0.3428	-915.5110	-0.3435	-1818.9394	-0.3429	-4447.5942	-0.3578	-9009.3917	NaN	NaN
-0.3400	-95.6382	-0.3399	-189.0515	-0.3409	-464.9248	-0.3438	-925.3156	-0.3445	-1822.5999	-0.3439	-4472.2126	-0.3588	-9028.7511	NaN	NaN
-0.3410	-95.4348	-0.3408	-190.3547	-0.3419	-463.1285	-0.3448	-926.7026	-0.3456	-1834.6902	-0.3449	-4475.5838	-0.3598	-9060.4150	NaN	NaN
-0.3420	-95.3393	-0.3419	-189.5299	-0.3428	-464.3161	-0.3458	-928.6267	-0.3465	-1838.6847	-0.3459	-4487.9124	-0.3608	-9070.6958	NaN	NaN
-0.3430	-95.6384	-0.3428	-189.6779	-0.3439	-471.4401	-0.3468	-934.5921	-0.3475	-1841.5715	-0.3469	-4508.4251	-0.3618	-9078.3708	NaN	NaN
-0.3440	-97.0178	-0.3439	-193.2105	-0.3449	-470.6330	-0.3478	-932.9857	-0.3485	-1838.9686	-0.3479	-4509.5545	-0.3628	-9114.9082	NaN	NaN
-0.3450	-97.3508	-0.3449	-193.1083	-0.3459	-471.7314	-0.3488	-932.9657	-0.3495	-1844.4628	-0.3489	-4510.1271	-0.3638	-9135.3860	NaN	NaN
-0.3460	-96.9706	-0.3459	-192.6771	-0.3469	-476.0139	-0.3498	-940.3844	-0.3506	-1857.8221	-0.3499	-4529.7070	-0.3648	-9139.0910	NaN	NaN
-0.3470	-98.2796	-0.3469	-195.1580	-0.3478	-473.1562	-0.3508	-942.7266	-0.3515	-1857.1290	-0.3509	-4539.8403	-0.3659	-9174.5374	NaN	NaN
-0.3480	-97.3273	-0.3478	-193.4334	-0.3489	-473.2887	-0.3518	-939.8110	-0.3525	-1858.9297	-0.3519	-4538.8992	-0.3668	-9200.7668	NaN	NaN
-0.3490	-97.5558	-0.3489	-193.4992	-0.3499	-478.9673	-0.3528	-946.1237	-0.3535	-1876.0097	-0.3529	-4556.1616	-0.3678	-9208.9360	NaN	NaN
-0.3500	-99.1916	-0.3499	-196.8500	-0.3509	-478.0938	-0.3538	-951.3947	-0.3545	-1871.8566	-0.3539	-4571.0496	-0.3688	-9241.4459	NaN	NaN
-0.3510	-98.5047	-0.3509	-195.5495	-0.3519	-476.8369	-0.3548	-950.5839	-0.3555	-1875.1763	-0.3549	-4574.2093	-0.3698	-9274.3147	NaN	NaN
-0.3520	-98.3598	-0.3518	-194.8632	-0.3529	-482.2380	-0.3558	-953.3430	-0.3565	-1892.3483	-0.3558	-4587.6393	-0.3708	-9308.4300	NaN	NaN
-0.3529	-100.1023	-0.3529	-198.2916	-0.3538	-483.9642	-0.3568	-963.3072	-0.3575	-1892.1142	-0.3569	-4612.3689	-0.3718	-9320.3376	NaN	NaN
-0.3540	-99.6319	-0.3538	-197.9430	-0.3549	-482.9551	-0.3578	-965.3026	-0.3586	-1902.7861	-0.3579	-4624.5201	-0.3728	-9367.9663	NaN	NaN
-0.3550	-99.3581	-0.3549	-197.7002	-0.3559	-485.9229	-0.3588	-966.8729	-0.3596	-1910.7558	-0.3589	-4632.7914	-0.3738	-9372.3786	NaN	NaN
-0.3560	-101.0499	-0.3558	-199.2546	-0.3569	-489.8428	-0.3598	-974.9510	-0.3605	-1913.4791	-0.3599	-4659.7760	-0.3748	-9390.6051	NaN	NaN
-0.3570	-100.9215	-0.3569	-200.7404	-0.3578	-492.5513	-0.3608	-972.6777	-0.3615	-1913.4779	-0.3609	-4656.9582	-0.3758	-9433.3770	NaN	NaN
-0.3580	-101.9346	-0.3579	-202.2037	-0.3589	-491.3966	-0.3618	-973.5027	-0.3625	-1924.6704	-0.3619	-4665.0767	-0.3768	-9449.5953	NaN	NaN
-0.3590	-101.1979	-0.3589	-201.1314	-0.3599	-497.7458	-0.3628	-983.2637	-0.3635	-1931.0994	-0.3629	-4691.6414	-0.3778	-9461.1076	NaN	NaN
-0.3600	-102.7744	-0.3599	-204.6450	-0.3609	-494.2787	-0.3638	-983.0353	-0.3645	-1928.8366	-0.3639	-4695.6699	-0.3788	-9509.2710	NaN	NaN
-0.3610	-101.7244	-0.3609	-202.4540	-0.3619	-495.4159	-0.3648	-983.1433	-0.3655	-1937.7595	-0.3649	-4698.9027	-0.3797	-9561.3994	NaN	NaN
-0.3620	-102.4744	-0.3619	-203.3021	-0.3629	-502.1242	-0.3658	-991.6607	-0.3665	-1952.4608	-0.3659	-4726.0061	NaN	NaN	NaN	NaN
-0.3630	-104.1113	-0.3629	-206.3635	-0.3639	-499.9307	-0.3668	-994.7300	-0.3676	-1951.5155	-0.3669	-4736.0163	NaN	NaN	NaN	NaN
-0.3640	-103.0999	-0.3639	-205.0046	-0.3649	-500.0537	-0.3678	-993.6571	-0.3685	-1956.4000	-0.3679	-4742.5468	NaN	NaN	NaN	NaN
-0.3650	-103.2349	-0.3649	-204.7480	-0.3659	-506.5389	-0.3688	-1000.8165	-0.3695	-1975.3685	-0.3688	-4764.2144	NaN	NaN	NaN	NaN
-0.3660	-105.3072	-0.3659	-208.4674	-0.3669	-505.8237	-0.3698	-1006.6366	-0.3705	-1979.8150	-0.3699	-4782.1571	NaN	NaN	NaN	NaN
-0.3670	-104.5473	-0.3669	-207.3845	-0.3679	-506.1929	-0.3708	-1013.4854	-0.3715	-1985.2122	-0.3709	-4801.6597	NaN	NaN	NaN	NaN
-0.3680	-104.6385	-0.3679	-207.6629	-0.3689	-511.2647	-0.3718	-1012.9375	-0.3725	-1998.7990	-0.3719	-4813.8771	NaN	NaN	NaN	NaN
-0.3690	-106.3975	-0.3688	-210.5357	-0.3698	-512.6904	-0.3728	-1022.0033	-0.3735	-1998.3849	-0.3729	-4834.0984	NaN	NaN	NaN	NaN
-0.3700	-105.9773	-0.3699	-210.4438	-0.3709	-517.6194	-0.3738	-1019.0830	-0.3745	-2002.3892	-0.3739	-4841.5779	NaN	NaN	NaN	NaN
-0.3710	-107.5227	-0.3708	-212.4810	-0.3719	-517.0789	-0.3748	-1022.0730	-0.3755	-2016.2143	-0.3749	-4849.5517	NaN	NaN	NaN	NaN
-0.3720	-107.6963	-0.3718	-212.3948	-0.3729	-521.3842	-0.3758	-1034.1685	-0.3765	-2022.1828	-0.3759	-4882.9500	NaN	NaN	NaN	NaN
-0.3730	-107.3202	-0.3729	-213.7647	-0.3738	-518.7800	-0.3768	-1030.9805	-0.3775	-2018.1110	-0.3769	-4882.0121	NaN	NaN	NaN	NaN
-0.3740	-107.4792	-0.3738	-212.6003	-0.3749	-520.4190	-0.3778	-1031.7617	-0.3785	-2035.9434	-0.3779	-4894.0101	NaN	NaN	NaN	NaN
-0.3750	-107.7269	-0.3748	-213.8357	-0.3759	-528.2316	-0.3788	-1043.8647	-0.3795	-2047.7751	-0.3788	-4928.5401	NaN	NaN	NaN	NaN
-0.3760	-109.7116	-0.3759	-217.5542	-0.3769	-524.6666	-0.3797	-1046.1228	NaN	NaN	-0.3797	-4943.7940	NaN	NaN	NaN	NaN
-0.3770	-108.3087	-0.3769	-214.7436	-0.3779	-526.4776	NaN	NaN	NaN	NaN	NaN	NaN	NaN	NaN	NaN	NaN
-0.3780	-109.0992	-0.3779	-216.3303	-0.3788	-534.7337	NaN	NaN	NaN	NaN	NaN	NaN	NaN	NaN	NaN	NaN
-0.3790	-111.3096	-0.3789	-220.0845	-0.3797	-533.6728	NaN	NaN	NaN	NaN	NaN	NaN	NaN	NaN	NaN	NaN
-0.3797	-110.3344	-0.3796	-219.2721	NaN	NaN	NaN	NaN	NaN	NaN	NaN	NaN	NaN	NaN	NaN	NaN
